time,ped_id,ax,ay,az,gx,gy,gz,intent
12.1,1,14.939666253931856,0.029914343081977712,9.8109236776621,-0.08934390239543842,0.014801460727403515,-0.026154671678745484,0
12.2,1,-0.4986896207100978,-0.10581602436027036,9.644411249399127,0.03085703911326539,-0.00897551562277799,0.045802524174680725,0
12.3,1,0.062398762875653435,-0.026390392234925043,9.864583849076984,-0.015879896079933908,-0.01214507172337844,-0.0577657906890636,0
12.4,1,0.06209674643695445,0.24109548673225123,9.752874509338788,-0.03179285911509696,-0.06459649139692596,-0.005387340112074517,0
12.5,1,-0.3280860531334586,0.06359718144222097,9.767451060500557,0.09254479472521705,0.09424032001876365,0.09953613355372723,0
12.6,1,-0.2878375734341684,-0.22499044165673393,9.72496236534751,-0.06157199657869025,0.06482847886651576,-0.02775422287559275,0
12.7,1,0.26838036257755926,0.13084331415140188,9.870172543904532,-0.054932573268138364,-0.0002164290906568689,0.003528978120807621,0
12.8,1,-0.09335568073944213,0.06697727881595962,9.758579867112967,-0.004464647378476504,0.06770782920238566,0.11511615177366269,0
12.9,1,0.17322054972986178,0.12750402733897234,9.975944040412836,0.04073416169799268,0.050105454001096575,-0.09283243474202768,0
13.0,1,-0.17828446451115698,-0.3514939021617396,9.784265176288006,0.08221963215256078,0.01830723805429663,-0.019280008703525017,0
13.1,1,0.021258605056746527,0.08159493369951347,9.844211685246794,-0.03919933944352584,0.04079333624021254,-0.04545471596876326,0
13.2,1,-0.007420347734317337,-0.10017899472847419,9.98810418627193,0.04383548491049759,-0.07145611430131497,-0.08120199567428965,0
13.3,1,0.05890052090220119,-0.10825749812538366,9.867311310805363,-0.05516298132886163,0.05095647277181223,0.014373813798711998,0
13.4,1,-0.01564387309695752,-0.03993167848115724,9.912659292601823,0.02985710751368821,-0.02459184491021134,0.09519603092015945,0
13.5,1,0.32465569114668313,0.18110187777744155,9.374368707046955,0.027879880931577727,0.05509407903616326,-0.004255572528130336,0
13.6,1,-0.1533174273056424,0.3571416604412083,9.761903307791842,0.09018014237096018,-0.04236968683376425,-0.002387863081776522,0
13.7,1,-0.031929508549056594,-0.10125955543873005,9.658971647332649,-0.011351115799848748,0.008413889321134982,0.026045393757280957,0
13.8,1,0.1376041429421376,0.10438403789794998,9.493496681336792,0.06550983156328034,0.0048532217646311306,-0.06831952976334299,0
13.9,1,-0.04736229385413041,0.22399837438425854,9.946455515228257,-0.044802058076755545,0.0044081699151693075,0.0571563904320139,0
14.0,1,0.13908899633549357,-0.40803577837504224,9.922895476319265,-0.0012757767619478555,0.0984510865258178,-0.04102206831604034,0
14.1,1,0.1239778327614952,-0.041478307972553426,9.697560216157555,0.01963620440327292,-0.017304005546240658,-0.04820627928363487,0
14.2,1,-0.05189339795902127,0.2274030158097045,10.027251353865868,0.05670974200571697,-0.06608596521142711,0.01754223064958432,0
14.3,1,0.13806587483391816,-0.263166537655157,9.838516896218058,-0.03995083282763626,-0.01844647857535874,0.027714344241967826,0
14.4,1,0.09866079004265774,-0.16486053201925763,9.661946070816542,-0.08704945576715614,0.10326351230309881,0.03664347566248571,0
14.5,1,-0.06020567665286382,-0.048947053427027085,9.844699907363001,-0.005263383557875983,0.1391644871330233,0.02505622398875017,0
14.6,1,-0.1435083279672686,-0.1334448955219712,10.06669764873754,0.014865164032981604,-0.06845419929377365,0.04038006408452352,0
14.7,1,-0.20246532445065016,0.39174537007343657,9.818145682655507,-0.05113437344422497,-0.005361850933063689,-0.023820536614003487,0
14.8,1,-0.17924257584077097,0.05535227453270533,10.197477076997519,-0.050275125052401407,-0.030264780542045955,-0.0695076967142429,0
14.9,1,-0.012374553280723765,-0.02887037457783397,9.929641847058496,-0.03188923454184055,0.03681179269230264,0.022402480316621867,0
15.0,1,-0.05261099143436391,0.03974292263979931,9.85510577173942,0.0369476440294987,-0.013688917380776974,-0.005338189724023258,0
15.1,1,0.08923757084277596,-0.07595469221709575,10.004441531482698,0.020148189850301042,0.013482928171546527,-0.009023605979879694,0
15.2,1,-0.09881282002405371,0.15084758613399807,9.729866843315614,0.09203614624556274,-0.017419168953165375,0.038438154424159356,0
15.3,1,0.43141127550255176,0.0040487379506904935,9.646581094285166,-0.0418547596006152,0.021602018085241516,0.013717669056418713,0
15.4,1,0.3622502373465341,-0.49368327606897344,9.68897644973111,-0.05619763992457854,-0.0001853831913746419,0.1064548481564567,0
15.5,1,-0.1865146436106553,0.5158921658530197,9.609981770231679,-0.0546855411648616,-0.06307603571804626,0.06218377399529179,0
15.6,1,0.4036620205763467,0.17415103521600714,9.882007994444747,-0.04434172966244784,0.03114218875362979,-0.0008750671674641474,0
15.7,1,0.27914237968081473,-0.03783908311086592,9.946137076799905,0.05658692626807506,-0.020344929886665804,-0.004480066632118761,0
15.8,1,0.15831515061188392,0.1752539429333724,9.550385453863415,0.05922995855719146,-0.004856251312955829,0.08430569168402263,0
15.9,1,0.028056059447907712,0.1325791462685144,9.756841807180452,0.025926081650512724,-0.027858775117094205,-0.014459461118967535,0
16.0,1,-0.12546810840795605,-0.024177351417461794,10.00618325870465,-0.042156673374463244,0.005148048386728864,0.07022829986682395,1
16.1,1,0.14924017653237767,0.11502181324979908,9.961987832580885,0.024220945965883846,0.026746920801988122,0.03796905043065987,1
16.2,1,-0.056880121357836926,0.08214500054467291,10.067578384502603,0.04494161755194395,0.008597222158032925,0.0818810599447127,1
16.3,1,-0.47738559694796,-0.2693867738075817,10.046017188897652,-0.033608855591465675,-0.00872725159105362,-0.026975575199585874,1
16.4,1,-0.11040679873439828,0.014320896100935494,9.766642937349815,-0.1058993728686509,0.006401342133322755,0.04761602692122671,1
16.5,1,0.12057637340403504,-0.0122182833101374,9.943417545389387,0.05880354050918425,0.03037451201273584,-0.04103025478293156,1
16.6,1,0.12330953561891729,0.2776710447285266,9.7208435913594,0.020154446160644487,0.02837647444862141,0.06392169588994855,1
16.7,1,0.45337126744920053,-0.031251636971712925,9.975556692749452,-0.03650583957320413,0.07153796681789541,0.018022602278761384,1
16.8,1,-0.007869488106200863,-0.027788726957551954,9.57381760911817,-0.06818628695235748,0.0181028479665348,-0.02526478718772311,1
16.9,1,-0.4186953376872944,-0.007510698630474453,9.658252030102574,-0.03300534733392823,-0.015686686174977895,-0.02311181297077103,1
17.0,1,0.016705924380516046,0.03806247620247566,9.581961353006688,0.01894101051041068,0.0907709922521554,-0.028809972228877406,1
17.1,1,-0.1137390147569458,-0.08782234432504339,9.624655794441491,0.09531737137810112,-0.024107541176796324,0.008743373570133254,1
17.2,1,-0.1308425185784466,0.08538773594178362,10.04058701242156,-0.07743715189591453,0.1091302634879384,0.0493727968491377,1
17.3,1,0.0015555406993296322,0.02869367663785758,10.230689640023627,-0.007851620040130217,-0.03256725971900077,-0.016616682761203688,1
17.4,1,-0.008729997908825693,-0.17774302242503792,9.946518007804466,-0.01945654658024011,0.008082563243514173,0.017924725155577883,1
17.5,1,0.29197652296781035,0.09756802484197288,9.72348488774378,0.10800205057089113,-0.036990519954149384,0.09105861313680398,1
17.6,1,0.27157743673771684,-0.10850311271175608,9.475327777765603,0.025321711894505085,-0.0015859611268858723,0.045150571168821714,1
17.7,1,-0.10239935759208774,-0.4731347696648051,9.767037006007396,0.04857918099504249,-0.005108133392415373,-0.00628655494575605,1
17.8,1,-0.13806781912530888,0.03136783128173306,9.756357192440777,0.09747144209870157,0.07240326783209265,0.04730057583560434,1
17.9,1,0.23390974038284307,-0.061043468240797,10.046212306628512,-0.052748329408914864,0.08598389065389647,0.0345412967378645,1
18.0,1,0.0027739315186428703,-0.09699064225914594,9.653391121605662,-0.06088801231735189,0.04855860975103299,0.0004113379215618919,1
18.1,1,-0.06554720183410623,-0.10762024147092045,9.488066959037095,-0.011184912801927849,-0.03553797723303805,0.06170660132878132,1
18.2,1,0.02722818510806905,0.5542091112750868,9.599408158156017,0.04003442252786929,-0.017627196373643083,0.055620777308433345,1
18.3,1,-0.060635485393384585,0.009427689147126725,9.682260578978884,-0.03340453718918213,-0.14539908691400558,0.09724221002628185,1
18.4,1,0.022391800296058056,0.07952722236133063,9.761809977552895,0.01648528284505518,-0.003925036705206686,-0.005314762594192064,1
18.5,1,-0.2345855525748972,0.06629795304119691,9.896364240770644,-0.030555331257272913,0.033617718952240014,0.0045581657994720765,1
18.6,1,0.14878887929252274,-0.23961856085919983,9.706289228910988,-0.03088089421639656,-0.007550087502712336,0.06328779455992563,1
18.7,1,-14.965136930304551,-0.13708265283655383,9.829236837947887,-0.01793087659434282,0.012667393901324157,-0.004652329683599617,1
18.8,1,0.2848890754460827,0.2031592795305803,9.835454975362337,-0.027242665346783098,0.12052593315673593,-0.015544446918143055,0
18.9,1,14.947435770156535,-0.20048766144820554,10.102378476039801,0.0035486465760126438,0.07829460357090723,0.10701443444908337,0
19.0,1,-0.007256475442618482,0.2357307438268059,9.885525898495814,-0.00013069167795829966,0.09514834158599876,-0.05000456671175351,0
19.1,1,-0.21590259079705257,0.0733459710542994,9.698052659743084,0.0977505729512511,0.016753630257015206,-0.017982386740999275,0
19.2,1,0.10804266487571729,0.10608355814820376,9.950398906405518,-0.003412274195605792,-0.011109416365894048,-0.0014222762036966386,0
19.3,1,-0.29040929290069717,-0.0855285312275289,9.57744663396529,0.007433720702715323,-0.030313574601089313,0.07606171404736208,0
19.4,1,-0.11901778864285338,0.1637128644583733,9.734868716499143,-0.03565413330044681,0.013995266061713682,-0.0035954040358987527,0
19.5,1,0.2666448873816924,-0.08310091214202663,9.72282067424073,-0.1275145768685344,0.06373459097933791,-0.0928585654594946,0
19.6,1,0.12658260026412937,0.09738421342702189,9.357563015447907,-0.10136087343880135,-0.005620270327854893,-0.01745263981213011,0
19.7,1,0.035854070779769036,-0.18798696936364456,9.497550035335514,-0.12581205026041944,-0.032750575100169904,0.06248972429753657,0
19.8,1,-0.23512892508625455,-0.199703404684181,9.729477746400148,-0.021681443837638707,-0.0016202275127577379,0.019919432594423313,0
19.9,1,-0.1358289089131501,-0.13093991023806714,9.98490629867051,0.032325644339658614,-0.13147340049523434,-0.02422617286403342,0
20.0,1,-0.16790268907357497,0.0007079487368202182,10.155095199302215,0.05089488624725447,0.07913605554627277,0.043146661487751495,0
20.1,1,0.03409022884623932,0.23850289475029351,9.710668595088103,-0.02672922019651936,0.017863370940315832,0.013664157755302232,0
20.2,1,0.047229579238161117,0.036901068941443314,10.168302773410115,0.0611311225071132,-0.01662712418155073,-0.056869932912563106,0
20.3,1,-0.24640145988873702,0.24284530316200825,9.670034760815172,0.06386231391601975,-0.024683858214573706,-0.0035730271029725267,0
20.4,1,0.10151050713065175,0.08800174474328129,9.757577174024183,0.030426924147150064,0.022369714473434988,-0.03449633314555656,0
20.5,1,0.30665285068423387,0.38372836475632643,9.86727241037326,-0.04786151810475775,0.032621728278781625,0.06833345247641967,0
20.6,1,0.0661594979258302,-0.25058446741005486,9.361574372076586,0.09027552204991621,-0.02278036107077794,-0.0813586911719123,0
20.7,1,0.11147881617744455,0.051581547390789566,9.486921896280363,0.079422821334325,0.044108137749602316,0.060414283920422654,0
20.8,1,0.07654664148657501,-0.1371659178599014,10.114993760168886,-0.07955447272233872,-0.0005504724489840774,-0.15940046613667788,0
20.9,1,0.2167604110587399,-0.050948886293545326,9.678858567681253,0.003536478821017054,0.11604081168531687,0.026841343705371903,0
21.0,1,-0.22826536900830938,0.005767274407638493,9.84637878690602,-0.015270244273453594,0.08876612020947612,-0.06220901298852497,0
21.1,1,-0.37566624564631734,-0.20861722309673097,9.674509819550263,-0.01472379548764173,-0.08944979781439494,0.026292286870338834,0
21.2,1,-0.27814676846153774,0.049985848525474566,9.771740204059629,0.032840577114052465,-0.012223142374153437,0.015390483720641057,0
21.3,1,-0.03262077828718369,0.05026385555923493,9.748354038561112,0.026322236383064412,-0.056867650892644284,0.04428584286290008,0
21.4,1,0.5935125144496348,-0.02910599399655996,9.737491109519677,0.01875312115505623,-0.03436364645348796,0.03104018665378512,0
21.5,1,0.23515442788970922,0.04070972710733178,9.775748429413301,0.04654971560171804,-0.005636269646108471,-0.007373491403340983,0
21.6,1,-0.3525182170159952,-0.022369348925850262,10.11813342001378,-0.005517122810989813,-0.08254726392909004,0.025060481945922176,0
21.7,1,0.08835235660355338,0.37770856968108146,9.522330344099396,-0.06894106607145045,0.05162755752209687,-0.04991295187283106,0
21.8,1,-0.1642134702992415,-0.36974514241101725,9.931801240033792,0.045303848257373276,-0.0325545032623155,-0.024468499015752595,0
21.9,1,0.08413856800587352,-0.029164647801817857,9.662746560729097,-0.07857994134471541,0.10303682584257101,-0.08846745629678682,0
22.0,1,0.05326205462120323,0.25544419207819996,9.65468497569747,-0.017880115686556924,0.013258708419272678,0.009053246575473007,0
22.1,1,-0.11099067588694729,-0.10373073652662577,9.731243327508441,-0.0033060429407425194,-0.052144204099636084,0.01738029439985529,0
22.2,1,-0.11217649245383832,0.1003874083085214,9.559752864711957,-0.000571910891464922,0.03963369480521795,0.0100421684116547,0
22.3,1,0.42373313349607805,0.1631111135676461,9.883393820480059,-0.0199523364389492,0.023608775370136482,-0.01536596856592154,0
22.4,1,-0.28673907539571364,0.11370985568443173,9.768137195652175,0.025420002452117674,0.009955488084584314,0.0359618314292871,0
22.5,1,-0.11037194593085714,-0.3272219157274643,9.705360373383611,0.05847687780956249,0.03856049491951005,-0.06342058447675558,0
22.6,1,-0.2112887328371118,0.07421346896056738,9.855679807490676,0.0974409844182072,0.10444913571480446,0.04912675856989048,0
22.7,1,0.26992724564564685,0.10691785038458008,9.554970908646911,0.026832077624536634,0.055097155496671484,-0.0566456179538487,0
22.8,1,0.17713998543944387,0.22293879105946723,9.756957063413276,-0.07185255267063613,0.01593608294214968,0.08731036468605576,0
22.9,1,-0.32552664353349714,-0.05768572894694349,9.94055081187434,0.04673027582108216,0.006636907459994012,-0.04966746665006014,0
23.0,1,0.030903825938318686,-0.16980257504244492,9.675733636742441,-0.024682545279412965,-0.013755546882610735,0.020451736981367902,0
23.1,1,-0.2240683622134088,-0.08963591447518934,10.011632619011584,-0.045492479882029126,0.08491813610680898,0.06152053365860062,0
23.2,1,0.03114820934686749,-0.13337926081999626,9.851020461654462,0.030106256544637167,0.007271465505887681,0.04540476580099202,0
23.3,1,-0.18018161228948404,0.1400433451698959,10.081680156230686,0.005062868508114393,0.007892805499047443,-0.09222039965737197,0
23.4,1,0.020448061109902483,-0.02965092339404098,9.76048414119621,-0.10415214983292323,-0.021462332868882734,0.01592217223441871,0
23.5,1,0.39153864853274634,-0.14995062738894757,9.991022373356929,0.04670493844351378,-0.008643159009576276,0.010476148586509935,0
23.6,1,0.18577072553698495,0.0641276188302711,9.77887803292557,0.0804301509288627,-0.008117841184621248,0.016396520124962722,0
23.7,1,-0.11125370298230407,-0.028670600559153925,9.764245318809328,-0.005147420146809408,-0.021288665602047875,0.08581226949049856,0
23.8,1,-0.07622401466876165,0.08235328945543607,9.785790136182978,0.03970196132811593,-0.060787746021254085,-0.0804082538276381,0
23.9,1,0.39932085625325925,-0.19786043674337248,10.08740462123923,-0.06020869758478331,-0.04850294210938883,0.02482475112708621,0
24.0,1,-0.32196241943243065,0.3740760766741488,9.797730604389054,0.07682374736784804,0.03257413297936211,0.11524892235006208,0
24.1,1,0.2836485345427537,0.3390284825867737,10.15262641258782,0.015840723625440173,-0.0030974123435602552,-0.05433623508589002,0
24.2,1,0.08800984774765509,0.1298348079706505,9.953846307305108,0.030375198570340968,-0.0074309995173885805,-0.039500498630925494,0
24.2,2,14.838239342370644,-0.23605494825020196,9.548742812641326,-0.036493522037072894,-0.028569095447169124,0.013645151530744954,0
24.3,1,-0.39119175041016535,-0.025605768964140813,9.860800481966335,-0.00010914478446070534,-0.03133317142204204,-0.0420808754160309,0
24.3,2,0.1002908180824158,0.16916234301980745,10.024418472408613,0.09289393752862282,0.025271185350903547,0.03990449760155894,0
24.4,1,-0.1606089938649091,-0.04269538601336406,10.147928032671183,0.09270852527960582,0.023558237498826344,0.10185985915241012,0
24.4,2,0.12082742081347322,-0.3794691296396923,9.66934698563743,-0.033646974158150586,-0.11369011056787809,0.05271858148878779,0
24.5,1,0.22095265827471852,-0.11392618314982866,10.093147549292055,0.046912285148662886,-0.011471306995613328,0.04368798449685227,0
24.5,2,-0.09422522568779085,-0.08621536419941157,10.278444361213499,-0.05788797682514079,0.012997579765578644,-0.09982574259362832,0
24.6,1,0.23308670566180162,0.02718329258787272,9.829223416557042,0.010924012903433915,0.07697671923780026,0.030862606252788406,0
24.6,2,-0.10397730669714905,0.38311405412551514,10.081235605618172,-0.033576686357346876,-0.04467014658399873,-0.07479166404378518,0
24.7,1,0.07603585048727585,-0.025696414553950803,9.7677553156778,0.0017425750767469416,-0.010833513343503612,0.01815084008236038,0
24.7,2,0.02154733837540732,0.03745267130394073,9.770663083211113,-0.07568093992959825,-0.08907791255568137,-0.02043350749183773,0
24.8,1,-0.1481439368454322,0.21124278333979798,9.484663998452463,0.06390058250109767,-0.018943592886870968,0.020458439554316244,0
24.8,2,-0.17076416322304314,0.24504101574757567,9.657114235315326,-0.14795712205677686,-0.014017553075515827,-0.014784561724347417,0
24.9,1,0.22885617022392776,0.0336649787076916,9.519175760015301,-0.07700995787695218,0.02471642346043624,0.025449928823762687,0
24.9,2,-0.10822612027867062,-0.007696189335369672,9.709160529955682,0.02870974032806971,0.042261352275732605,0.06476903123345698,0
25.0,1,-0.15437808959434138,-0.4292121283203927,9.522641065186809,-0.03321451700629192,-0.049775307011091244,0.0776184026779061,0
25.0,2,-0.2098036075448286,-0.026965538549056412,9.642782246096537,0.09965256656575161,-0.05211424106096435,-0.0072005922272788975,0
25.1,1,0.0034532233822369323,0.12163384460607858,10.333428946200819,0.030188796693197517,0.002677839824319378,0.005395319561040238,0
25.1,2,-0.3357011012016222,-0.0737869150546114,9.452822119246827,0.02336258653524735,-0.030147300107031063,-0.01345324922430555,0
25.2,1,0.17230371431103852,-0.10449741356231597,9.967058190156816,-0.0402682872674493,0.0031932640257168396,-0.033040909473808985,0
25.2,2,-0.06272743770431338,-0.13547523924398397,10.029365059462487,-0.039733122300722706,-0.03573366120282825,-0.08842732627274211,0
25.3,1,0.09843929421157332,0.13194241785497998,9.893071893466303,-0.02868657931827582,0.06700177921325602,0.009578862752316208,0
25.3,2,-0.049897952242117294,0.035163206604907335,9.79378680173759,0.016558958844117056,0.04645844317283408,0.02248122912776082,0
25.4,1,0.002699425518899039,0.1809897876958267,9.617945067247787,0.06971273291239156,-0.06298892138103426,0.017417307912726093,0
25.4,2,-0.1142944641826445,0.26056589477797243,9.702022853069094,0.05199924998958814,-0.044775352294365044,0.003768512542616275,0
25.5,1,0.013207199745535768,0.006948752123698703,10.047150463093121,-0.030745099365755337,0.0386864312794997,-0.028939583990474707,0
25.5,2,-0.33097622437096264,-0.031135351067063128,10.356114937319811,-0.01897315675951649,-0.0862071022864419,-0.012874593016304474,0
25.6,1,-0.22318987067832463,-0.21135794514713108,9.902537651411398,-0.022416982692068273,0.0015569467975288266,-0.058428902365523006,0
25.6,2,-0.1588885074287756,-0.017055417280446416,9.853694220105874,0.02971850419520435,0.05610521325284538,0.016595979623756234,0
25.7,1,0.1298345746400694,0.09280140857228468,9.687410278204561,-0.01876922370917096,-0.020866729622990535,-0.025801838924246825,0
25.7,2,-0.05852970467988708,-0.6200122833263335,9.766002428475927,0.07284550287810115,0.03884374861954917,0.018002314612965097,0
25.8,1,0.10837522035345322,-0.05546690732191818,10.020977147954738,0.03261593100845727,-0.006634768546457129,-0.08733116459633038,0
25.8,2,-0.16728918244582872,0.18919569091259353,9.905753924473983,0.037055555182945114,-0.0510498599876155,-0.12258401395438041,0
25.9,1,-0.06730060168784192,-0.11038714450540976,9.951979219328074,0.06910266873356974,-0.028150173279170788,-0.015377122703681887,0
25.9,2,-0.6192870206912813,-0.2864690797012261,9.692509914454554,-0.03457418248205709,0.023194188517525628,0.09525347756246343,0
26.0,1,-0.10346304040566218,0.20276882577408306,10.066878984308994,-0.07556017860747268,-0.023202974010468513,-0.032070676857200595,0
26.0,2,0.4135610697909205,0.20917383166234524,9.943628341522043,-0.056554639717683465,-0.027451297139258608,0.022329430283408596,0
26.1,1,-0.012795925953972507,0.15071791205691754,9.546233442214803,0.02571101804628132,0.052483375499038004,-0.056580330672251045,0
26.1,2,0.013013250710059807,-0.3342774470603143,9.84325752814835,-0.032357852739443464,-0.014553781951702602,-0.07686838834515225,0
26.2,1,-0.23251725672123708,-0.3288625474433674,10.218423557909462,0.0077139720347823015,0.0072286720196769495,0.03209937321418673,0
26.2,2,0.030179042090147812,-0.001607976858018781,9.92754068864318,0.023902632271641445,0.06173497941954808,-0.03443418630888458,0
26.3,1,-0.1375548799676232,-0.21990272767626623,9.69197748495922,-0.0369455536677341,0.08346856919855111,-0.004995574701860743,0
26.3,2,-0.004870673039693404,-0.10876551990970673,9.419963769332856,-0.001521992007179799,-0.0360821794375203,0.07692701024911658,0
26.4,1,0.29918186874749425,0.07973108227203438,9.654761765407232,0.04905604385888723,-0.009515435702535234,-0.04617637413711798,0
26.4,2,-0.2376683313423833,-0.06725270330993768,9.810461826622586,-0.07391217698913552,-0.009160992734068632,-0.024684002388252614,0
26.5,1,-0.15729081380897822,-0.5167082539475449,9.865792258409565,-0.04690908498379942,-0.017875966824668684,-0.0192061522526463,0
26.5,2,0.07042903604874624,0.3161376575285961,9.776077041860747,-0.03430466730936385,-0.0229119045204644,-0.011349318410879881,0
26.6,1,0.014196513050779359,0.06209726088084677,9.543821859063641,-0.039461251422498164,0.010486714070736935,0.003454093999234322,0
26.6,2,0.2468780208867441,0.40676593707300956,9.49256233419127,0.03529619877870148,0.008542336900384508,0.053072996791831466,0
26.7,1,-0.12212957968813604,-0.11225469890422826,9.641644865076454,0.04147764117987529,-0.005038875172121634,-0.026121346043380497,0
26.7,2,-0.1107013017582297,-0.03496429925372848,10.207917141318434,0.024969105508674046,-0.011874011159570465,-0.008474575461836753,0
26.8,1,0.013173515571844971,0.01995897016854177,10.055306882806692,-0.05106031329061872,-0.028746962947999683,-0.027756700246161694,0
26.8,2,0.24140874091725084,-0.30310187516641973,9.779080294281117,0.028185764210464162,0.0024724675894716233,-0.11907801592916085,0
26.9,1,0.42173966743866753,-0.3258680970068201,9.647251260000136,0.02312373082501421,-0.028363811575013394,-0.020333532566075715,0
26.9,2,0.23967178491210495,0.2196088616060381,10.029200486410167,0.022789091782808895,-0.05612865347406892,-0.04437993776244021,0
27.0,1,-0.17589122027556844,-0.020218751447242667,9.71344205156421,0.00816321918835812,0.06181554878178344,-0.10618207274371971,0
27.0,2,-0.005331390497319851,0.23977870226521772,9.870801667363478,-0.0986122379787815,-0.002100916507022313,0.014229340176262094,0
27.1,1,-0.13644373564390905,0.24228371074122595,9.846510475804983,0.045444438786565414,0.06508236935592254,-0.05856699111203426,0
27.1,2,-0.23701766131516777,-0.31223192241642284,10.046895536554272,0.029111739096807556,0.02636296871306784,-0.005486485107617983,0
27.2,1,-0.25086660515250486,0.06333561398580459,9.71219219630486,0.01965042968449002,-0.03144061617976444,0.01925460185628665,0
27.2,2,-0.03739621953044574,0.2530632047927409,9.888144178041676,-0.01685325030720342,-0.03593190070066695,0.041292853305935975,0
27.3,1,-0.042352155584932785,0.21976305572477872,9.78032297979,0.051887137379252005,0.004263871189309077,-0.04459584440086194,0
27.3,2,0.17450491175293958,-0.07194822138971894,9.642594669261591,-0.019509624545967597,-0.01730353123826876,0.046271687394600705,0
27.4,1,0.2883448919822804,-0.3484314452854497,9.782462755178999,-0.031686911976863505,-0.009831586261312726,0.04523097506584649,0
27.4,2,0.3430268184602713,0.17022511275391483,10.121052061666912,0.01566621701044429,0.05283650986154997,-0.017494167215117925,0
27.5,1,-0.15965024719660798,-0.1792001191496887,9.961990658041634,-0.07074428945900071,0.033971194380452034,0.010248774376436556,0
27.5,2,-0.12497647290582921,0.035816309014972326,9.938262738550035,-0.00968825156324964,-0.006498911681342053,0.028571233280048708,0
27.6,1,0.09657769814054694,-0.22253966146140636,9.751808484615294,0.012764946796500618,0.03361662516031213,-0.03743658798470686,0
27.6,2,-0.2515271539292809,0.050936088417167694,9.591603024502769,-0.1355395997926534,0.04346528119159676,-0.03506468059790583,0
27.7,1,0.07853489936717709,0.257882213263019,9.870367547334885,0.01225254173768394,0.061691654069212745,-0.02415477416466692,0
27.7,2,-0.09463447036589107,0.13559805020708277,9.712332113322226,-0.04468848475100616,-0.0718198691430742,0.020397987491697373,0
27.8,1,0.19386111967993025,0.37957331578662346,9.86299506137803,-0.011348889215674035,0.03136367647931853,-0.0028838291548075254,0
27.8,2,0.0006888304274099967,-0.31321100139640023,9.920477746308574,-0.009125170701121562,-0.012982677209258704,-0.004984067109448428,0
27.9,1,-0.14810175801781766,-0.033690314105598695,9.693375112149246,-0.09741402604844838,-0.06027656870798829,0.022846946180776647,0
27.9,2,-0.193331211549982,-0.04727718147703333,9.907471005118735,0.0778739112373241,-0.028322371554348042,-0.0015647648524447534,0
28.0,1,0.235260997980981,0.05716197793997707,9.929576037419091,-0.011002757794824855,0.03133804576721377,0.006280834390120938,0
28.0,2,-0.005355895388058177,0.2899227205929055,9.672928832089978,0.015179941495606706,0.05207718779747105,0.003148246565780921,0
28.1,1,-0.04469362523571224,0.12946184990490078,9.854368547246425,0.010901420248253971,0.026195374535723855,-0.020358163554375957,0
28.1,2,-0.2603655616140664,-0.08063989748285233,10.039240907653088,-0.043544197285660995,-0.06442650049894184,-0.021115123921597763,1
28.2,1,0.023614018948023688,0.10047301716450928,9.479852701759079,-0.029779102888349215,-0.041534798773553594,0.06289846763411037,0
28.2,2,-0.3393907782481704,0.05172694399926493,9.802537345778381,-0.04350050403843988,0.03902037734686916,0.02668450834557308,1
28.3,1,0.19549737543482557,0.04425081315352007,10.001366902917088,0.05025623938691688,0.09137110203138736,0.015830329872522166,0
28.3,2,0.3178165381505647,0.13326509771378714,10.151806443978709,-0.05981284027142145,-0.010530131794675003,0.08209055159177574,1
28.4,1,0.34735212931068926,-0.03170745845673994,9.792085923346697,0.014942302391930016,0.02255843473894595,0.03190657550834788,0
28.4,2,-0.060056152308350985,0.28023500505664245,9.894443493670451,-0.026850634503448708,-0.023662767335956,0.002866148117794245,1
28.5,1,-0.03330590302585115,-0.16885952756619135,9.635208353338179,0.045582970037114784,-0.022773657307980633,0.09153449144834058,0
28.5,2,-0.015595834344518717,-0.1945732859541103,9.685585089599792,-0.06832761958445206,-0.019284103987768916,-0.04003749177821721,1
28.6,1,-0.27209357051574423,-0.31417031751301416,10.071051360006424,-0.041133847426574416,-0.052320764789774966,-0.09381175402680825,0
28.6,2,-0.10357611016408341,-0.3657155257216928,9.86424788612061,0.04923879396405717,-0.002298111621983867,0.04336663886928962,1
28.7,1,-0.37253571315703454,0.07216174039272163,9.915313671142025,0.012617277130981569,0.009461336553731157,0.03359303419137443,0
28.7,2,-0.19069110941889397,0.11180567004741811,9.42742045737667,0.043405824383760616,-0.023151260370700685,-0.01075480536519757,1
28.8,1,-0.17703587975847992,-0.11404882297702512,9.6097936556863,0.05683349611017085,0.00803329088971502,-0.06931665486117711,0
28.8,2,0.13929662321575217,-0.14790197840530914,9.51732617477012,-0.09366568908451137,-0.05192013923426572,0.06524180052257103,1
28.9,1,0.40172615005183565,-0.010238019287087157,10.14299770744941,0.11013317550303636,0.057360129491188364,-0.04349687666659868,0
28.9,2,-0.02029656061292793,-0.37021400154820094,9.7702122340444,0.04462998593229151,-0.03745515748236756,-0.019716216625900954,1
29.0,1,0.07141335681433994,0.170770534420314,9.928184104915426,-0.0334265492552445,0.04124852893310192,-0.02812664967331054,0
29.0,2,0.16237775501626528,-0.026383981764977582,9.963706905432229,-0.06126531634337282,0.09834939280514642,0.06080134451520841,1
29.1,1,0.0390877927945938,0.27082631759746767,9.998871879900786,0.14898513449109135,0.06720548711770676,0.031920433246862376,0
29.1,2,0.017342334088659726,0.21604892588801802,9.982424545391163,-0.03245559939890553,-0.020918053812436097,0.006478302110140483,1
29.2,1,0.3687400435671721,0.615733448786292,9.78967715128605,-0.06815387609822714,0.042570497472070375,-0.07889260856293147,0
29.2,2,0.007957698553037787,0.09128576511896486,9.781427145385434,-0.05591667915059485,-0.04867648107218408,0.03329789284739298,1
29.3,1,0.16969740835540773,0.017882696820227844,9.861557405822882,-0.03336715349551438,-0.0041214777813648185,0.003121269307204362,0
29.3,2,0.008370640461150339,-0.051213962878338085,9.964662752531817,-0.07777696597413832,-0.023127967549906543,-0.045120713068433266,1
29.4,1,0.07485928743997679,-0.0954595484774604,9.94185542546772,-0.00230463636476485,0.0812153880368226,0.0364257918424268,0
29.4,2,-0.05039357927569649,0.05122743630704675,10.04892671057713,-0.036306079472297755,-0.06032513617815164,-0.0009283351764416781,1
29.5,1,0.18674061336491438,-0.0567564479657252,10.275646597486464,0.09056022476464777,0.027171194047561815,-0.02441958430806339,0
29.5,2,-0.3286606876366732,0.006728120972589929,9.361767000734268,-0.012226735105840233,0.031087697252952018,0.07508943682104886,1
29.6,1,-0.07860540040239494,-0.01740573833809385,9.640824366654815,-0.0340853412472273,0.00897304701345523,-0.0205232188380951,0
29.6,2,0.2600728623793782,-0.028844635945556942,9.612301632864718,0.020684258242123832,0.11393235723350557,-0.012372477646516996,1
29.7,1,-0.12087608369825596,0.04597112442764004,10.062373102909122,0.021881693068271875,-0.014606718211224588,-0.03180087848820563,0
29.7,2,0.24600309418275904,-0.08153213427110448,9.921534872938537,-0.03618747324172335,0.056056758714953164,-0.0788115040620824,1
29.8,1,0.11033695523307721,0.13006210165447332,9.861262699288853,-0.006338088684369907,-0.09851696464261928,-0.002427165179771338,0
29.8,2,-0.045609709069305816,-0.4697788453023269,9.902651766078112,0.03111103171210295,-0.019000446024725826,0.00318537286342143,1
29.9,1,-0.09934466252726873,0.13390364221023607,9.816411712749636,-0.005111543043759163,0.00030945366470748015,-0.021378570242128244,0
29.9,2,0.17104903416081746,0.08566278745849153,9.88105038565324,-0.018839615600779694,-0.10211148729093336,-0.049557038030982214,1
30.0,1,-0.046346626098455974,0.038901239235474006,9.801450668604279,-0.029086270790582448,0.11918277055933364,-6.862513802615355e-05,0
30.0,2,-0.29848262810658177,0.1937633204331655,9.889752826972652,0.01670444404320369,0.016348830062764306,0.02590286056365762,1
30.1,1,0.18318403273845071,0.1383283066956374,9.739939078770178,-0.02027391148524061,0.015263729437748173,0.033089090045106295,0
30.1,2,-0.29822282538554257,0.29077850530855875,10.105330355283584,-0.018717129808509002,-0.055274928499244015,-0.02615747511169618,1
30.2,1,-0.04450755786709097,-0.0896029202243956,10.172671901642506,-0.009518040339543274,0.08131133042916001,0.014163267517806305,0
30.2,2,0.21864198280067104,-0.07271131690550119,9.787054945222655,0.04087472035001507,0.04933010282498912,-0.07319074974952476,1
30.3,1,-0.05912620775722386,0.1458683424686247,9.71639792242264,-0.018459874930296927,0.019362865156914093,-0.005195168974189417,0
30.3,2,0.007970830123847295,0.18183361655385322,10.037122008792378,-0.02347401500785342,0.010213102000020222,-0.10100863733300101,1
30.4,1,-0.06077253967272114,-0.15899134158944983,9.556355628190785,-0.08718692944699012,0.0010183592732318288,0.06958182880784872,0
30.4,2,-0.27302157599326665,-0.20044897583066842,9.562598694317357,0.004652677751585419,-0.019088629936591897,0.04444874004810906,1
30.5,1,-0.1559180551803071,0.06732571234383597,9.566654490191882,-0.04285726242561871,-0.10218479176593992,0.009566120228236184,0
30.5,2,0.10564505693312805,-0.19844580330962858,10.00466447269001,-0.016805769174167234,-0.012999700832352502,-0.022438097421740313,1
30.6,1,0.16235115286288215,-0.00864535387708012,9.631236651301235,0.08654492348241795,-0.03359843172588155,0.03504890442826391,0
30.6,2,0.03056757671570888,0.5044213848135596,9.995729927007629,0.01675635514854807,-0.06094663317152835,0.020374195242287275,1
30.7,1,-0.2649148644312468,0.38938037155585264,9.61394619268398,0.00290423103985798,0.009467999577382523,0.07626988684457083,0
30.7,2,0.4476468375220026,0.04875086319343202,10.00258575581855,-0.04824924768143875,-0.12507353556986886,0.08498864152105545,1
30.8,1,0.04575699060999404,-0.0589808117172478,9.601469797605585,-0.001409690198367825,0.01555277662369168,0.091104687582501,0
30.8,2,-14.920125187964377,0.22669246111961097,10.088961199910115,0.02460050604466878,-0.023834491257422465,0.023299770954093465,1
30.9,1,0.315396394072954,0.1810843849558676,9.642893781462135,0.052576827348983925,-0.0669734911983551,-0.04856756745201449,0
30.9,2,-0.007354383822952952,-0.036899112991166994,9.628862288065166,0.03259325547759022,-0.03413076625946424,0.027811581896024624,1
31.0,1,0.2617531479182581,-0.07244673481838364,9.535603248096578,0.019116606427715867,0.02701694703328557,0.00340025705241929,0
31.0,2,-0.027985428115026818,-0.2792932894146336,10.357919305691027,-0.03661127123317082,-0.015029317579026766,-0.005605494705355964,1
31.1,1,-0.03910946583323685,-0.15985836096416461,9.704667477483572,-0.05928399607709899,-0.03924358385106364,0.05862567216121322,0
31.1,2,-0.0016308627484466509,0.2589920858592006,10.07909709873009,0.026967588136557592,0.011289775407405602,-0.06319767658524847,1
31.2,1,0.0660059656821804,0.3502513943489669,9.56511566441017,-0.057660305983558584,0.09443629272391946,-0.018868449259191043,0
31.2,2,-0.0016242187654854788,-0.33545699079203667,9.868033566472635,0.050046724615820465,0.04619887787457224,0.0022097454915612673,1
31.3,1,0.06627932823696946,-0.03755160458047392,9.91588272875117,0.05132932657389078,-0.03951478868873352,0.011183975902740739,0
31.3,2,-0.12511849176839215,-0.2812126398944288,9.966750860647833,0.0561055120075482,0.027107876870527178,-0.03920177142493563,1
31.4,1,-0.14260934762205696,-0.04441968721195923,9.996455594186259,0.04763549663533537,0.020794465208288884,-0.054895610259851284,0
31.4,2,-0.11847833194168784,0.006767564374194911,9.97446509817079,-0.10830064069546184,-0.09474242080906387,0.03712312110742088,1
31.5,1,0.17866838364809579,0.1254397519491731,9.842294065111915,0.06777743612941474,-0.006195234798901841,-0.030868711922756167,0
31.5,2,0.1627953936392944,0.1204562514036714,9.945789950282506,-0.015806936820896386,0.07072633955116307,0.012146899126635,1
31.6,1,-0.02153440999430388,0.10865099501880343,9.464012616326562,-0.019004681533277255,-0.025909721156139473,-0.032076753690883815,0
31.6,2,0.16900905456478987,0.20892152257217758,9.556540128209793,-0.025250850991873432,0.012469021532790078,-0.07373045826537805,1
31.7,1,-0.010507091537374297,0.40287577586244416,9.76560892832138,-0.01062751294589318,-0.010701462550534592,-0.0182327078652723,0
31.7,2,0.4255373323785001,-0.0314462445837358,9.839375876872431,-0.016227266607191575,-0.01377302011283428,0.03993953302730632,1
31.8,1,0.00968088866845709,-0.35195236717520645,9.728064127568965,0.08875475253684822,-0.00026955891021169024,-0.0075073942458134596,0
31.8,2,-0.00319484944904705,0.406622099485512,9.998320219725391,-0.11641366242463838,-0.017091203013091968,0.1119743520020998,1
31.9,1,0.08439424720266747,0.06611912166668979,10.142163538642498,0.07031671734612453,-0.005542348744736818,0.05876121472002224,0
31.9,2,-0.015803580347449334,0.35544660376923987,9.852600142094882,0.03785114326360773,-0.04021360472977337,0.012612487667529962,1
32.0,1,0.024051652712725774,-0.1567344240094768,9.713350166016443,0.0968953058708951,-0.019097981393765687,0.011935813860362165,0
32.0,2,0.11165860548453972,0.05642811845492807,9.855214878148924,-0.09553250484419135,0.037247590244996374,0.025311236035970092,1
32.1,1,-0.029399802910236684,-0.004911241065156251,9.72125974499083,-0.11523976067352154,0.044754527227468345,0.041909850056781425,0
32.1,2,-0.19830346834422805,-0.043184944823443906,9.204409692403228,0.05333092456219708,-0.13940355472360935,-0.008113818964385506,1
32.2,1,0.3512557430471516,-0.1437467149128616,9.421360853691825,0.03716360703464799,-0.012073909474405418,-0.09142586839387357,0
32.2,2,-0.5688515456723123,-0.16786498123967894,10.096971505908776,0.036692396571079276,0.029145464253247034,-0.07478748080925446,1
32.3,1,0.04891962196459257,-0.05599013934850205,9.548453691477123,0.002721214225786991,0.01813046540171514,0.013554911422198385,0
32.3,2,-0.24429208563494187,-0.014852729758624061,9.82912013952399,0.08261666531050055,-0.0017083919742186063,0.028898685629232798,1
32.4,1,0.07630097771881225,0.09715665565848083,9.768644821821805,0.05523030171699435,0.03413898004395329,0.007750488587089626,0
32.4,2,-0.1564548447166594,0.11569916472041673,9.845406183308922,-0.08364646555921307,-0.0023985730573841506,-0.0772685261596323,1
32.5,1,0.2073823801555363,-0.03753376441702545,9.864503363325735,0.02341117483678805,0.020813938785828073,0.009973334140754004,0
32.5,2,0.16327931616706956,0.02244694252569193,9.58504878828724,0.08382919660789787,-0.07850672117153719,-0.017599472478622945,1
32.6,1,-0.3612367128310116,-0.08975302732070736,9.709769329083747,0.0288345619767513,-0.07329212529402647,0.07299106018753386,0
32.6,2,-0.11563329300012158,-0.09850516429410745,9.945098327305011,-0.01229595056737005,-0.013760429282923582,-0.012661368099976778,1
32.7,1,0.028986242101833034,0.12003028560485361,9.7817081852754,-0.05291794824621691,0.007572765530073225,0.052762256401041645,0
32.7,2,0.010113806027038479,-0.10096104856473509,9.750591591587735,-0.017924700907665205,0.054705882980742374,0.011840572217340901,1
32.8,1,0.24170913215169465,-0.12458788505470902,9.633521489800092,0.0016817472978861053,-0.016539971580193786,-0.050494803779093815,0
32.8,2,-0.2892495241058936,0.09771808077328374,9.90652646760169,-0.00021187030932471506,-0.03238207974168885,-0.016644242555744645,1
32.9,1,0.005240561748631269,-0.00771588839189097,9.819302036954015,0.039229539438435664,-0.03575707931194871,-0.07661925428614055,0
32.9,2,0.18043519374879957,-0.006164317882836957,9.840663544329887,-0.0883352666419967,0.02380082542583089,0.02241435424167044,1
33.0,1,0.19970347584340162,0.40762817359114445,9.7520632752748,0.03210406545661211,-0.08752136277415712,-0.04157749162799691,0
33.0,2,0.13207827734768177,0.35935724680080333,9.724478583809107,-0.03238995582353134,0.020505717877994073,-0.09413378554392626,1
33.1,1,0.18531443614539422,-0.20013304421795952,10.018480851091345,0.06854192574735474,-0.022133756336633337,0.009877425038634596,0
33.1,2,0.1405255540278512,-0.11606587424879658,9.521647404303904,0.09606443127664616,-0.048368177723010664,-0.05696134049754084,1
33.2,1,0.07352699859245293,-0.17541838997709935,9.522409883746855,0.028548023973179733,0.017966429231597438,-0.06355844961161121,0
33.2,2,0.1820097318615771,-0.11439359790299992,9.62742362297151,0.0348703616088343,-0.025232637497225974,-0.08572711264819728,1
33.3,1,0.026845401596949883,-0.10333494060553075,9.605466501571984,-0.03948702036687871,-0.008407734144908422,-0.061163727102844984,0
33.3,2,-0.06057377518455616,0.0056439941165774,9.946021062486913,0.012478793988089544,0.053176528736466847,0.009971800606753345,1
33.4,1,-0.23711919946958174,-0.1002543070207715,9.854016766641571,-0.03433822188305786,0.09024680683480268,-0.08330991610347491,0
33.4,2,-0.06691120142018836,0.09820839538153586,9.958612891775228,-0.018565824118795985,-0.1590856900535224,0.05165969032477662,1
33.5,1,-0.1830256392029224,0.017330143881443192,9.80458595872197,0.04104511781069273,-0.006376914402132653,0.014560888079812621,0
33.5,2,0.07338714589230245,0.06814547099544653,9.608529093534703,-0.07211755115782846,0.041728873263386035,-0.029390104709125033,1
33.6,1,0.08116360059092666,-0.3454733805802047,9.796770152454158,-0.07235182042398801,0.02075131937724506,0.032667751659188636,0
33.6,2,-0.13401202004183752,0.22451997378639593,9.606924779728974,-0.0675575589362013,0.016470048863876926,0.043220310005691494,1
33.7,1,-0.3369550984082528,0.05414342047263258,9.52424554370075,0.026116606748529676,0.012536839768122199,-0.005541266599023058,0
33.7,2,0.08797053779889193,-0.1362812238456332,9.775232577506639,-0.009423273366602779,-0.02754193213940805,0.03489900646432364,1
33.8,1,0.11191381109753035,-0.4952170084178622,10.177877503124126,-0.08211329871133329,-0.04179618231009102,-0.0476051960452174,0
33.8,2,0.3118138088815563,-0.1727861978865972,10.135068354792761,0.0002974990395977242,-0.0297681799890299,-0.002992338499896433,1
33.9,1,-0.342313042204232,-0.26343693977867677,9.534067687602162,0.03273158623336874,-0.01741082834272506,0.003005683863815922,0
33.9,2,-0.3938374770994309,0.004480907978949352,9.865039601288272,0.028705655035877166,0.07120083408530274,-0.05924015510066077,1
34.0,1,-0.13345217419527763,-0.19480917744162735,10.150834650164368,0.11774071357064951,0.07938916541861783,0.0584471274471009,0
34.0,2,-0.2834344316374122,-0.39979187280196055,9.951493704437826,0.03366128204391844,0.04738535696407786,-0.0006347203194590747,1
34.1,1,-0.0014247362530785412,0.1676777160998755,9.723618728774671,0.11754539725389945,-0.05155344755999236,-0.0995634651826024,0
34.1,2,-0.20060537380509383,-0.06821587946294702,9.812928312529575,0.024180750438788166,-0.06159392020560015,0.03510091007747365,1
34.2,1,-0.39289149622626707,0.054452370405471975,9.962606318255688,0.10003651179831213,-0.032094144014456386,0.045750625940180895,0
34.2,2,0.028227769484403493,0.2947113823960817,9.773980873005465,-0.020595619814746294,0.014341580995460136,0.01523162556664812,1
34.3,1,-0.248607016290165,-0.043418891281639393,9.869870968628463,0.02968205591155439,-0.026751966283634854,0.04227390738392191,0
34.3,2,-0.06212697833208514,0.35815822559762894,10.08059913902201,-0.024764316395766234,-0.03938651772036946,-0.054311955400925975,1
34.4,1,0.05314653069370343,0.0787627026201407,9.927869573045754,-0.017131652251798937,-0.014530475209521497,-0.0016313096382350374,0
34.4,2,-0.020820010043432587,-0.008236292531070317,9.9455357544962,-0.012216987176628377,0.02804012474186295,0.03547996759594273,1
34.5,1,0.001366620884095255,-0.06737697590565668,10.213889696486206,0.007988359578237974,-0.028499398406144766,-0.052136950593298294,0
34.5,2,-0.07686906514382136,-0.22127369659811633,9.993016700532579,-0.01257691198558886,0.02773910000343473,0.0039929374006129875,1
34.6,1,0.19135345272092372,-0.017314948443419378,10.011020589399001,0.06713606368862568,-0.020427976544458295,-0.04205089812592576,0
34.6,2,0.14700907592728038,0.04929656825897843,9.45205469211206,-0.04064483989223545,0.04705704110332178,-0.02792614647901911,1
34.7,1,0.13082404477651638,-0.452458402050016,9.987799213238231,-0.029984533735116954,-0.04949458007417564,0.046044682952898035,0
34.7,2,0.0883283181676222,-0.16086147971703024,9.744456594777,-0.028458402358462694,0.04662959509583039,0.03932882972860821,1
34.8,1,-0.1418140802638439,-0.01842384863660875,9.635384646069808,0.0007570591066380592,-0.014060827698772115,-0.021382073323708388,0
34.8,2,-0.03623530569649072,-0.1223534303289473,10.076947010557891,-0.03634922250429477,0.03463693593870752,-0.041308394870270784,1
34.9,1,0.050543906249707615,0.3996921910610159,9.959513588285157,-0.08203106041358484,0.0431867681746142,0.1098700582854362,0
34.9,2,0.13245951358118252,0.04269751337665964,9.755420541968416,0.018508827233930516,0.03321981486616794,-0.1094946958556188,1
35.0,1,-0.20680099357048143,-0.12141127693854528,9.572218969374488,-0.08070653925471935,0.07879916773557077,0.027483798709069848,0
35.0,2,0.31041689729846933,0.47950851769530306,9.692185816041263,-0.04752809246281536,0.017845641577455076,-0.10641617908043832,1
35.1,1,0.10787013086572272,-0.004947309777489565,9.619904121796647,0.008700626584409172,-0.05265440282659439,-0.06263743001467863,0
35.1,2,-0.09934218845179822,0.3293392910777763,9.586269035648897,-0.047022543838738794,0.055080774899524135,0.05755400388799409,1
35.2,1,0.23885240899436117,-0.13978507390553183,9.524123489971707,0.003491581719083558,-0.07067352221595229,0.008981868820592206,0
35.2,2,0.18654462866827812,0.2205926235783979,9.960524840545407,0.104071409937812,0.03872730269645613,0.01922337600593275,1
35.3,1,-0.3357441120017774,0.4367142694856922,9.965543234858973,0.03999362845769737,0.0756034153506273,-0.0663731698805393,0
35.3,2,0.135553475321087,0.20158495656728379,9.540153954349535,0.04661573333308491,-0.0016334883207103506,0.05443191361094668,1
35.4,1,0.1111161782030775,-0.1004516405911225,9.904441520775492,-0.016880483119854458,-0.060871726042817965,0.0005521472051255381,0
35.4,2,-0.1648897621397216,-0.35363323163414573,9.791257678666117,-0.036466861560367186,0.06235657087372777,-0.06061082370772586,1
35.5,1,-0.1311771556801062,0.163230248386555,9.609268571923566,-0.012326678537136336,-0.051727265860340946,-0.05308998174447338,0
35.5,2,-0.19771670737604952,-0.0107519497598837,9.680857677505236,-0.052948873883591444,-0.07517384624488005,0.059270097924853306,1
35.6,2,0.18137052959633845,-0.005683312825930896,9.440166728570901,-0.06796164690725925,0.0008975544808891418,-0.0035962666959451087,1
35.7,2,-0.07794927260642934,-0.2288837583397832,9.710546351307297,-0.0896496696511018,0.005541411748576571,-0.04918957996778797,1
35.8,2,-0.21673251500699495,0.160474313913293,9.869600721403284,-0.018701805361439647,-0.12432338920728694,0.022370041265641884,1
35.9,2,-0.2765186162352272,-0.01339900890548109,9.790899821081439,-0.10878992773974061,0.01742898347178127,0.014688293969890376,1
36.0,2,-0.05828824946788236,0.21157784736757126,9.438694940055331,-0.0013139060479577195,-0.012719509129205657,0.014806959931605296,1
36.1,2,-0.06185133438863678,-0.06319132108635647,9.515843988136254,-0.01610139698777938,-0.046155470495589664,0.020789411503981572,1
36.2,2,0.02741165739220478,-0.016459377004083908,10.049894062314005,-0.022466065053239188,-0.017603657445834652,-0.029183991656771425,1
36.3,2,0.14448183547144047,0.050231761303222766,9.687375554008854,0.016935216711643126,-0.009394109536107137,0.04466804081292822,1
36.3,3,14.87545708557504,0.40376533334661735,10.023531625322311,0.029539288301893014,0.06030534771079199,0.055803067301771994,0
36.4,2,0.0031075376039118308,-0.31827923052734275,9.747199837398211,0.006484117004622013,0.005004174197786956,0.036080753561691374,1
36.4,3,-0.0997188036589961,-0.119792684620993,9.761188877972824,-0.03945957133820569,0.02266151723954952,0.0006042904069083104,0
36.5,2,0.04848013127351394,-0.10958173327860615,10.029213841245305,-0.015970027025596772,0.10093320442923524,0.019009986439449206,1
36.5,3,-0.0852826730099,0.11326868319095312,9.941929432908427,0.019629411994082763,0.03488053052729991,-0.004519683121562399,0
36.6,2,-0.3502716836848594,-0.2993866422795454,9.67067924221719,-0.02388893109001156,0.042881088474969714,0.03543256338324013,1
36.6,3,0.2917383145245812,-0.04189655658919116,9.75374222802958,-0.008196021440070058,-0.030777845684093065,-0.03722828628676702,0
36.7,2,0.03515468470371159,-0.008063820222815397,9.555295380190586,0.010115985517216026,0.002420790975685245,0.006827472836979417,1
36.7,3,0.002656900407355248,-0.06191931008365721,9.435644074874945,-0.016628066938117105,0.005005177176906073,0.009359026890120475,0
36.8,2,-0.02214333106371861,0.1936777702011179,9.449998085247067,-0.016147388494043728,0.04114003561573874,0.05536877519939881,1
36.8,3,-0.013948998203056935,0.1423065539454449,10.027875386966699,0.01119792913961655,0.026405952344624922,-0.014175635358041661,0
36.9,2,-0.08569124910500492,-0.1807853965312642,9.9710422608029,-0.0139134774021531,0.06299430259845497,0.09044851533881493,1
36.9,3,0.07014847494779264,0.14629179453520735,9.753284943766642,-0.01762890929402111,-0.0386729096648539,-0.04917600387263882,0
37.0,2,-0.2620985307212441,-0.5846178297766113,9.593466375102997,0.06262235009885914,0.05844027348035366,-0.041531312126408454,1
37.0,3,0.0289974153296656,-0.11409652587458081,10.02723828337495,-0.024538898987354025,-0.01429012360028888,0.0030213131131431713,0
37.1,2,0.21831216858679545,0.06959063110105873,9.785324295838542,0.07562586085367304,-0.010432282335045711,-0.011100472761808818,1
37.1,3,0.23063471797877577,0.14791898382542387,9.700192059139141,-0.09407051951760409,-0.003361328651505901,-0.07956932844862913,0
37.2,2,-0.05044389580812847,0.07677532203941595,9.850161309357391,0.048371655300012466,-0.04423867540781577,-0.05408486323412595,1
37.2,3,-0.36021641371734026,-0.24085139736111968,9.59095266422508,0.030262772788840944,0.11292096700396377,0.03182792556064137,0
37.3,2,-0.0339467179702407,0.2017730882774819,9.94767147118723,-0.08157110095664116,-0.034451009374138086,0.10131222097676096,1
37.3,3,-0.16884219073923726,-0.05662668917255893,10.125792166493312,-0.04109834875850909,0.06047321626129727,-0.016617503692182928,0
37.4,2,-0.37834457216413125,-0.1375520640557652,9.77926547866048,0.11837906533393783,-0.013070469786950782,-0.002369611664460347,1
37.4,3,0.03492031409392666,-0.0777781759054241,9.733818452052338,-0.03702157171700016,0.019185773133658754,0.013731732168297206,0
37.5,2,-0.06905591161513734,0.2631315236020912,9.787763649056329,0.06802912665908688,0.01883936628808505,0.003911989629924004,1
37.5,3,-0.04235822994698745,0.03649408358373377,9.647052168974492,0.03653515614203448,0.007181204247645698,0.026468975269602076,0
37.6,2,-0.1306845623356053,-0.39708981781003766,9.851322317370373,0.07328720010406435,-0.02579886920744512,0.036234297809972636,1
37.6,3,0.43663185061377724,-0.1878085313749457,10.10595936925579,0.02537286040987838,-0.056135862018261456,-0.09590169200276073,0
37.7,2,-0.05795509534601278,-0.3907526077008037,9.89537983038159,-0.03484248190399663,-0.005622328597411072,-0.011306933881905483,1
37.7,3,-0.06417652392573242,-0.28432978111159635,9.790361968527218,-0.09910143222642787,0.009850830913093958,0.0007226437654894141,0
37.8,2,-0.053838326280885765,0.6081620820332151,9.79750532239894,-0.003155223147470024,0.09740094671915507,0.06486675087416598,1
37.8,3,0.19589616688320377,0.10644629587572232,9.879637018886283,-0.03232335620765097,-0.0776767624761639,0.10736330543452804,0
37.9,2,0.08955624047132411,0.08539659313164959,10.141557439091581,0.008848925167928222,0.00896419420165407,0.028573040064170448,1
37.9,3,0.3902054032101522,-0.2006617770536568,10.103845108840106,0.07325087099543107,0.019614281775616263,0.018214087485949246,0
38.0,2,-0.2148034007909878,0.05631624625291907,10.101096939566263,-0.01360249098752733,-0.006142338762294222,0.01924515380470586,1
38.0,3,0.052157722189521666,-0.06434563774618346,9.88262728673576,-0.05286362861032754,0.028047078581810672,-0.057700396381714904,0
38.1,2,0.23053784974065286,0.18480183382988624,9.731886398508289,0.06525078637313832,0.05246347256078655,-0.013205886479431751,1
38.1,3,-0.08078387719116611,0.13834650302567048,9.821185598925885,-0.02704176105172242,-0.015974125410101188,-0.06324434162512353,0
38.2,2,0.15043890253826603,0.2100823560919353,9.559269493722558,-0.046773937511783006,-0.02445285806197725,0.049455138656837726,1
38.2,3,-0.10690334368856391,-0.00808647535310184,9.560310310039574,-0.10731832120472642,0.011538415131106533,0.04816878741211355,0
38.3,2,0.026840670990873883,0.08453145510388699,10.101037466135322,-0.001397400479570564,-0.06288749238188851,0.1503264684132898,1
38.3,3,-0.14721882641589257,0.4619440845634164,10.010296400149644,-0.045688449466331826,0.04051773587613879,0.05692592100533335,0
38.4,2,0.31202750967512655,-0.20223551160608136,9.669638420365274,-0.03511240686812584,0.04675090665034134,0.06510012510794026,1
38.4,3,-0.007542615289229979,0.0921719667704335,10.068144862807154,-0.01352651364329467,-0.04286224111106291,-0.012970614795287026,0
38.5,2,0.4583191795534702,0.2137388906772992,9.70249756595754,-0.03725743840672382,0.04313841890510012,-0.038218850933680576,1
38.5,3,-0.27967597248518855,0.11016198863643192,9.875103363841642,-0.02399118925988561,0.0017385375129972084,0.04286428650122496,0
38.6,2,-0.1458495238024439,0.1781784971037406,10.037476639706618,0.0594548561138532,0.021835067961410114,-0.05118281717895151,1
38.6,3,0.16610555279575967,0.12586433715386638,10.052438957856078,-0.003089221068150563,-0.06666605997775521,0.018725421856767815,0
38.7,2,0.11606696132559158,0.3456070081667723,9.84626576884702,-0.0033917725898401432,0.06110119913534426,0.05460792318838949,1
38.7,3,-0.015911715505266127,-0.2806257846588516,10.263918654312397,-0.009773914744238318,-0.09022410180691112,-0.025467439821368777,0
38.8,2,-0.07646047015701443,0.03606845728312156,9.632966283654664,0.028438356712718743,0.017757432300931453,0.005030335740903641,1
38.8,3,-0.3227167538212339,0.17623402189772747,9.623706192831834,-0.02672358613521733,0.017093383260932227,0.01711593279845097,0
38.9,2,-0.15911895498048628,0.2788191902849392,10.100170553546818,0.015630928878903237,-0.017826774448427587,-0.12940948455640386,1
38.9,3,0.07646041088136085,-0.1867659704747346,9.964060380443167,-0.03426833892703392,-0.02030235012766003,0.04344030582250113,0
39.0,2,0.5062898341509458,-0.2482762527582577,9.92481047963456,0.03883508067208705,0.0018449584406211074,0.041377940936498346,1
39.0,3,-0.05214794312399157,0.27332343435102113,9.516468348713031,-0.054049680039083225,-0.0563435698372157,0.04518484562800427,0
39.1,2,0.05064283328578112,-0.2695466350899951,9.583825658289427,0.06699394929995497,-0.009165781510515466,-0.021766162721389197,1
39.1,3,-0.10841634273541448,-0.43327904116821747,9.936718264921991,-0.009405666771438248,-0.09938342841840835,-0.05026524464606044,0
39.2,2,0.1899081135112718,0.19581689651832251,9.746162270777734,0.03806177673067282,0.03906125678867502,-0.03742266414798978,1
39.2,3,-0.13689789539000644,-0.07217807704413319,9.843800507577932,0.00010683122465075471,0.0631825326221364,0.006758311567018987,0
39.3,2,-0.08716641134348288,0.3909704255133469,9.736855944656789,-0.07303690047027672,-0.015457843116140697,-0.0423763073536526,1
39.3,3,-0.015749222166917883,0.20919321661467724,9.925805843182818,-0.05091461066971641,-0.004758549074126646,0.07635493140781968,0
39.4,2,0.31566935534972823,0.20449994954936124,9.81387514018403,0.002681846733984984,-0.12149597875909607,0.028594692366529506,1
39.4,3,0.11852335113058309,-0.044383888434725224,9.576580053904223,-0.0877092778542085,0.1119226248012131,0.03501225185185732,0
39.5,2,0.17188354823111107,-0.10585499755143973,9.755294611063674,0.05464129484425693,0.07404911800053592,-0.0309550846204123,1
39.5,3,0.22373827264829377,0.1905835879567931,9.704987105495094,-0.021099391202257654,0.0061416110319515715,0.02701591056323986,0
39.6,2,-0.008009991293840326,-0.12614204169195936,9.65402609819894,-0.014864013054979655,0.026136671766101873,-0.009667596377486968,1
39.6,3,-0.10949575354596518,-0.013712725174350439,10.381086557346691,0.015004599292884266,-0.05981074057716401,-0.021544939694412547,0
39.7,2,-0.25506169344292545,-0.4357651959681144,9.89611136992969,-0.021210079430934586,0.06468379495751324,0.02498150194149874,1
39.7,3,0.1736262441408458,0.08453334210303094,9.84314796143064,-0.006822122330467574,0.11822470976289978,-0.05536818877259925,0
39.8,2,-0.14476211317849305,0.22572339951373666,9.841973652857558,0.13081400117767134,-0.024095351493138448,-0.035282642291827634,1
39.8,3,0.21614254113799777,0.016448364877474655,9.918962419444565,0.06157304426021967,-0.03264967442922007,-0.035549945415799276,0
39.9,2,-0.09619747872649778,-0.44952183369908466,10.027591656717155,-0.049088999204417255,-0.032146138875478104,0.08857366558254395,1
39.9,3,-0.15559789378369324,-0.2507057855387735,10.041211563442914,0.06704174925664338,0.027742577602219,0.03511475208500127,0
40.0,2,-0.07919438869598035,-0.12865099966065335,9.625576137695193,-0.07784300591402837,-0.060558313017092226,-0.09303665106698661,1
40.0,3,0.28116939262234997,0.3543375412533752,9.811488141657588,0.019292460329006063,0.03317180431147413,-0.07307530911205228,0
40.1,2,0.07830723967706155,0.10489605307152428,10.10965517573238,0.0375052040387582,0.037830751793182356,0.003873569710547939,1
40.1,3,-0.20946922168478066,-0.1928143608176565,9.816919165623608,-0.02776782005611604,-0.016081649597243692,-0.04644440169190417,0
40.2,2,0.15489161051634465,0.006652635072140262,10.054747623107277,0.07833079441075669,0.01045881984428319,-0.030029121676486095,1
40.2,3,0.16567246615292322,0.046689849823395024,9.713070905811918,-0.03161152092315454,0.09562384522197794,0.04862450951030499,1
40.3,2,0.024956768049726845,-0.09131271143434415,9.610928991835301,-0.041756329430299576,-0.0033090898976425686,0.0002312834980455528,1
40.3,3,0.09895025637777952,-0.30828227528918295,9.57469105712058,-0.008877684804058374,-0.004190746638744688,0.06840016513402024,1
40.4,2,-0.21522356132797432,-0.039765801561207244,10.040747999720695,-0.0020353173505657444,-0.013825718410863034,0.04416748196360972,1
40.4,3,0.16388299795507547,0.06565771432523218,9.607613649930338,-0.007978535424413355,0.00020523194237028676,-0.04426912909664137,1
40.5,2,0.04819089082225583,-0.03927834813756583,9.756228850084984,-0.03747087750211394,-0.041766006976155165,0.05041593127826627,1
40.5,3,0.14875768722835755,0.2665734633819195,9.925525944544017,0.07883693797205014,0.012481464570571144,0.05444193773409098,1
40.6,2,-0.48132847075753804,0.03621679243593199,9.898402578058452,-0.039115874083109264,-0.043537757627937254,-0.045554633409769896,1
40.6,3,0.06789035763578877,-0.1558780772108089,9.953235209579185,0.044423121277742554,0.12179658614180006,0.040887084030236914,1
40.7,2,0.12527328891075723,0.18854999094491623,9.709830523313062,-0.08726807998877145,-0.026296207203865996,-0.03332200100123275,1
40.7,3,-0.09694221004685112,-0.11550121716251788,9.55159117308665,-0.10801241533020133,0.039438069319497907,-0.01897715944077753,1
40.8,2,0.3310895119823607,-0.03288958745693469,9.795542053156277,-0.02157222422608141,0.06188159815460551,0.0318575168665926,1
40.8,3,-0.02378298639361156,-0.0655192283247531,9.952945489887263,0.05906792885041569,0.003911973916245511,0.006041551452770814,1
40.9,2,0.23246348642028503,-0.16239053254642657,9.944018002886448,-6.264059987706775e-06,0.025727839590163226,-0.1063352038575619,1
40.9,3,-0.05324977627431765,-0.13049080353026607,10.111274504445863,0.04912064026141728,-0.004238803076322985,-0.008143389564618886,1
41.0,2,-0.2566116479873516,-0.11844946576478131,9.945641031286208,-0.05669091753153484,0.032458548675433685,-0.02485377153326754,1
41.0,3,-0.2092237756683756,0.02969912576720196,9.849434303111735,-0.06602648281356416,-0.012220111574107153,-0.09465869857114949,1
41.1,2,-0.09646879440751384,-0.1190638713801985,9.795018445438592,0.016170704450140284,0.05740483913822916,-0.12322056454627993,1
41.1,3,-0.03840902819195161,0.06385065191484529,9.889911771558374,-0.024456902136145393,-0.03546064180683811,0.013375467573898403,1
41.2,2,0.026910644459264943,-0.306493753646817,9.881809440887707,0.032844889921511924,0.08757699274841801,-0.0075417083443883376,1
41.2,3,0.36593961834579536,0.3392999780241845,9.662697176020785,0.054822254232958584,0.028284422247328418,0.021190164057838107,1
41.3,2,-0.06412471317657534,-0.0054231463233118254,10.011417766719209,0.09871610334893467,-0.09988716991939559,-0.07680513040018433,1
41.3,3,-0.032317786834452356,0.04830620567795989,10.001565073307741,-0.013988600019297052,-0.06468806923287773,0.06749498286239677,1
41.4,2,0.23591531410961686,-0.12091020437452323,9.607235361698386,-0.003913954841884337,-0.009421551326842748,0.03296174129458206,1
41.4,3,-0.31274419683447385,-0.13134488513561712,9.734764243638157,0.04727220212035143,0.09598168795502537,0.012985444912549682,1
41.5,2,0.2670202856210643,0.10747634296651959,9.598509095654698,-0.06288283884218299,-0.017889359951385606,-0.012689698785774027,1
41.5,3,0.13390902693042844,0.14121376673676214,10.057360896078466,0.011530606603684644,-0.009800588706139292,0.003464129653685136,1
41.6,2,-0.5378092794962414,-0.017396215672086355,9.894417810687857,0.06761591605380785,-0.059705996950494555,-0.016436580959868042,1
41.6,3,0.21163023812912854,-0.1665063075830603,9.601716382269233,-0.011890095859270401,-0.01413878540197022,0.057567056360510266,1
41.7,2,0.13031145638635697,0.06053076508157898,9.461317424014494,-0.04889725560450985,0.01390740924582627,-0.022409197084017993,1
41.7,3,-0.27601866751316056,0.1400566904417491,9.929138491207354,0.031117374756063854,-0.02992815035350653,0.07265995266999131,1
41.8,2,-0.1856982704771838,-0.18080047025223547,9.710429907011072,0.02994387253376953,0.03157999102197555,0.06061700965931635,1
41.8,3,0.41962530278246835,-0.31048403153218257,9.912737706603167,0.03724483089852445,0.010657836899502164,-0.14606959250628412,1
41.9,2,0.1642130192769913,-0.10607373768064579,10.062047575836395,0.050345879946544596,0.04501871432159845,0.04503967237031503,1
41.9,3,0.5772618667562308,0.08477628417983929,9.652106971174883,0.051481751645997643,-0.021657221015662267,-0.05762823274502086,1
42.0,2,-0.09005771339994094,0.2448576526566033,9.701216169549642,-0.0383337263218223,0.07717397592141759,-0.046034151735012484,1
42.0,3,-0.13208447624621064,-0.1213736359055891,9.672141066182917,-0.06578408489948658,0.049804327446840185,0.06382166441600164,1
42.1,2,0.1787704176930749,0.1478126896589484,9.858938062747516,0.010520031023586097,0.06660129633837325,-0.07148388899461894,1
42.1,3,0.11865825061205895,0.05091934681952329,9.971077657928348,0.04957927251927871,-0.019021111073903217,0.013889385708396927,1
42.2,2,0.30369315480257264,0.2865549489307936,9.489164229964164,0.00463411639161177,-0.016878452888215597,-0.027547393155794214,1
42.2,3,-0.4331873567157718,-0.3076726357975771,9.782670303235191,-0.015443795948379555,-0.004288028660809836,-0.021920487140600083,1
42.3,2,-0.06049595220308336,-0.13266077752032324,9.88865522255937,0.022954719265647586,-0.11713919418882293,0.005494683536186803,1
42.3,3,0.12902235680572663,-0.16956954207491215,10.28614612125832,-0.04274079937556938,-0.037603680073239554,-0.009697209699554392,1
42.4,2,-0.31438116469184174,-0.28118533403123064,10.03129421586971,0.09782573773470729,0.016531457813154436,0.02213443689610265,1
42.4,3,-0.021363920807054848,0.20567941845380294,10.174740587650353,0.048596346217682385,-0.005429337358808368,0.10263980895224496,1
42.5,2,-0.03195551155352287,-0.20564620646280884,9.643770789729556,0.09531005346842003,0.04393993319592551,-0.07358165304724144,1
42.5,3,-0.22875836339670252,-0.058840409453506506,9.616623673831215,-0.010144858055703138,0.018812610385473785,-0.0169661546488445,1
42.6,2,0.3356648574779752,-0.27318773898843307,10.184312959961192,0.14951268006113436,-0.035643671214737625,0.07657190650887508,1
42.6,3,-0.2695582971717015,0.23495887002757573,9.866575729557681,0.023157257894510296,-0.06302024325614294,0.02459306088493759,1
42.7,2,0.1932393963399128,-0.034911361512410984,9.804401518189392,0.07705842241117691,0.023970619401183463,0.03862179163563676,1
42.7,3,0.27868396233855813,-0.07775636051501786,9.528346678701984,0.051352107943697684,0.05111471875563807,-0.04996278688898148,1
42.8,2,0.14068252393418287,-0.00549901528411995,9.862835823174862,0.04675265269758652,-0.0230243578433311,0.026006644325306912,1
42.8,3,0.021853985838095585,0.06919209299653871,9.826325190372533,-0.06060172837032679,-0.0072077628355377635,-0.15863793255296746,1
42.9,2,0.0049607488258093186,0.02797376621466583,9.89832049223726,-0.00013881425267803915,-0.018469191289734364,-0.008602818305601867,1
42.9,3,-15.009274410728455,-0.14327278379033387,9.476059843764679,0.04945693051346239,0.007562090776651382,0.05699502898361428,1
43.0,2,-0.2743599779130648,0.13334411208864602,9.444030160196446,0.03689503221075629,-0.14447875220618728,0.04077626797256616,1
43.0,3,-0.105722869503172,-0.13042057607767182,10.313721950682764,0.030152203230355223,0.06830286951854717,0.025105253868057897,1
43.1,2,-0.0016590000825957318,0.002991498752564095,9.333096069566116,-0.055921347726742156,-0.005153514344770616,-0.06362087746351552,1
43.1,3,0.13528441708996428,0.02137032250400514,9.986893243471751,0.04629796393709527,-0.10144695223394795,0.031802144655184765,1
43.2,2,-0.22507898254257533,0.0968848393070094,9.945057474398753,0.008333306700858282,0.024779959515941412,0.015835571188460386,1
43.2,3,-0.20842497494913692,-0.27802067232727773,9.570623612905715,-0.03530210378912958,-0.031564593626788255,0.0023432790319290165,1
43.3,2,0.2460203557686167,-0.0050204475804913355,9.763449757078217,-0.019457737150702148,0.02859158640411452,-0.07919141034989152,1
43.3,3,-0.10519697319595774,0.2162475968578218,9.68193649673194,-0.08720170452014137,0.06257981505217979,-0.04383874063095502,1
43.4,2,-0.18628649247054146,-0.04695413748300352,9.871673862639602,0.0634747629197757,-0.0076621985145077405,-0.052354871151782736,1
43.4,3,0.12372281794749854,0.21104439724166932,9.960425897564791,0.018351450099977837,0.020976187707930714,-0.07714781972197039,1
43.5,2,0.3612500990420294,0.3713709977102297,9.549666684200453,-0.0007707661620076915,-0.0033266675262072056,0.05417002413654202,1
43.5,3,0.16480349719958456,-0.10282661428933437,9.650292126022737,0.05204808322388928,0.0320878061742173,-0.09286032467518016,1
43.6,2,0.10292309573022496,0.15026769676611385,9.827405043727932,-0.012781945479510832,0.0414207429559888,-0.0025780008503521845,1
43.6,3,0.12256658146026045,-0.06683478852235925,9.920990432572134,-0.11393356604475154,0.07526012080200843,-0.011917274878374549,1
43.7,2,0.00999789815729582,-0.1346045454471136,9.958581126345475,-0.009064975525493268,0.005739513225544444,0.038680651361315536,1
43.7,3,0.19230899901033005,-0.14449273993633951,9.8463019007501,0.04292601040690763,-0.0320357449588839,0.08738113448105533,1
43.8,2,0.11481567660161096,-0.016086561184576225,9.753300028170488,0.04432032626391064,0.03904955576181616,-0.014816355400847026,1
43.8,3,-0.33072358547414804,0.18862319087658724,9.722431687495934,-0.05797733535316964,0.10082954874946069,-0.10269742372026425,1
43.9,2,0.20059660028137785,-0.21355506279573527,9.56920118200182,-0.05049565072287551,-0.031160795503218527,0.06202258307732697,1
43.9,3,-0.15382469252971767,0.04222741693322568,9.668360356768552,0.0330966726770309,-0.11565483509581674,0.09296777782913149,1
44.0,2,0.08955256828439226,-0.2537735998420391,9.653902466848194,0.0424256160365602,0.052316889075618704,0.01983238702173693,1
44.0,3,0.1144184147579766,0.004332682843334177,9.688720312994802,0.06541665210886535,-0.09642527245076031,-0.020533409129116637,1
44.1,2,0.04960111509182749,0.15954147192614104,9.714414505777999,-0.01821014556570417,0.053289827846728026,0.03174445404160879,1
44.1,3,-0.16361073041269578,-0.1539748087721441,9.908195440210829,0.016285893002297106,0.02899628339405216,0.07713157661469655,1
44.2,2,0.04308337258931779,-0.16946961204569622,9.828480790288321,0.08472791512228747,-0.06750452191178351,-0.03624379988354869,1
44.2,3,-0.09160754198997267,-0.03586078159724396,9.5636648104148,-0.021759027742041095,-0.0008733651153886705,-0.0025885662138268686,1
44.3,2,-0.19346586162616775,0.058387240791114806,9.949696340456589,0.004085127930605775,-0.06825359428159969,-0.028918066726574987,1
44.3,3,-0.2005972997647248,0.2088832875799585,10.129186474238733,0.0758428273176766,0.040333918862381316,0.10131957897176468,1
44.4,2,-0.034463807369926255,0.22985250628181506,10.076848565608614,-0.08518051305893184,0.029062482748378977,0.0347790676353999,1
44.4,3,0.3368755129195456,0.15488048984809577,9.999199434801858,0.020382513055051312,0.044191723149266476,0.021742545063218308,1
44.5,2,0.09705051724538313,-0.314794000195174,9.635046839324028,0.03727942970711526,-0.030614810603865374,-0.07677206116455801,1
44.5,3,0.06975705220105077,-0.24007936841066738,10.089301492795887,0.04232756362963358,0.06198864761678233,0.03637519491551067,1
44.6,2,-0.062200270857729445,-0.1613646640202138,10.107165741579125,0.012579385733138293,-0.03684816236707388,-0.015756563425721303,1
44.6,3,0.19544365647475226,-0.2908984232300996,9.597415546098798,0.028894110016511678,-0.006215771998132974,-0.023647030824966973,1
44.7,2,-0.22255375214338424,-0.007753756169321133,9.763430907100178,0.01735135984262196,-0.015741353117746337,-0.02260687780682667,1
44.7,3,0.0005767970688118976,0.20508556712903514,9.748307754062271,0.056463493475798446,-0.06657415569835688,0.012359953668997318,1
44.8,2,0.1884288013870968,-0.12019080971609633,9.974539254041119,-0.005356574177315841,0.04289984427677321,0.007932604665038985,1
44.8,3,-0.12799579523934976,0.10406547854940347,10.07388505204715,-0.03507748012671577,-0.03072443699975577,-0.038417392854175086,1
44.9,2,0.15908241728187422,-0.16188898501776422,10.069408973700611,0.07414671084512847,0.08066487911580726,0.07692033909454311,1
44.9,3,0.18440407797249989,-0.22570978781701997,9.32231186905191,0.008746073124215237,0.08838654905555744,0.09693483001085379,1
45.0,2,-0.24451271820599724,-0.10687094197268475,9.784060721013997,-0.005585304096398362,-0.0035416532017078146,-0.00047649522990937866,1
45.0,3,-0.23126031617073284,0.36878764829838345,9.94580954316592,-0.06536031219732523,0.02490239391864832,0.05847675428105743,1
45.1,2,0.19110140700620146,-0.02035114492176731,9.980668984923401,-0.007234594419306701,0.04432796748505771,0.053869940658238594,0
45.1,3,-0.07232652187225884,0.41902960200606315,9.887984514054942,0.029816690461792618,-0.0244865815732107,0.018346489270723527,0
45.2,2,14.970608225717056,-0.05814170982934125,9.900604124474171,-0.04278200901957885,0.04229353775396501,0.04074890402383773,0
45.2,3,15.095667884951794,0.0611008040070732,9.508975826945216,0.041140859964206994,0.0033763909653368295,-0.07116965821847511,0
45.3,2,0.09900628051715497,0.31213475830840354,9.680641490224502,-0.046997409236878826,-0.017283911634269854,0.02294050213339023,0
45.3,3,-0.17896864256132783,-0.1350890521413177,9.75617957547614,-0.0019733258108968785,0.04800809687306947,0.065903696407058,0
45.4,2,0.06638840988178826,0.22365266312933887,9.961843816220934,-0.014344964087381666,-0.008900846921965027,-0.08225193616044563,0
45.4,3,-0.16415054636191123,-0.08279574479769179,9.755498241905412,0.08672126385161621,-0.01944853127562643,0.01711316566209112,0
45.5,2,0.054898579037204236,-0.027703425104553033,9.907709365274796,0.010986379895775722,0.05653033738235336,0.03685408398469716,0
45.5,3,0.03195080688515566,-0.1713844778434198,9.816062975217163,-0.031520156898796434,-0.0016088335251690468,-0.0846184639181276,0
45.6,2,-0.08189197559267541,0.22001917185202116,9.700181098224226,-0.02120104313485762,0.04698329746200585,-0.05794678203713484,0
45.6,3,-0.25606402210322576,-0.06071904845226944,9.77889497341641,-0.1169549322878289,-0.018563386758405742,0.0523012838141598,0
45.7,2,0.06307311202369228,0.38628199924330464,9.490401106618974,0.05474484115309117,-0.036342039399793136,-0.027358401984596006,0
45.7,3,0.1785670208745601,-0.30475072047737917,9.54550829497714,-0.046218401599133194,0.04212409896280994,0.1066615254979118,0
45.8,2,-0.2462468920744997,0.16298829473502763,9.921109399579246,-0.03014511105675606,0.040421605306316145,-0.050191758459737106,0
45.8,3,0.12033669042699813,0.05061350514971252,9.825958880618945,0.05230774618114579,-0.011509635582380558,-0.040490799183448375,0
45.9,2,0.1476085259705555,0.40801550647761176,9.69974802364716,0.07908645864437483,-0.04086765124064495,-0.03419419612121809,0
45.9,3,-0.21309798113114012,-0.1109438914071111,9.355748148086219,-0.0172880806468713,0.009854443588349143,0.10942469371160668,0
46.0,2,-0.1995727062020475,0.1728781223946897,9.346576747164361,0.098309327631719,-0.04363211673661075,0.019980271855700168,0
46.0,3,-0.10604808774021784,-0.33506530600491446,9.259829803739931,-0.025168826770164077,-0.07247011081969244,-0.008608776199278958,0
46.1,2,0.07860585018838817,0.016034729003873323,9.96987169560824,0.024501577123697944,-0.029295237314280666,0.038534655436480894,0
46.1,3,-0.05874564829552073,0.3867894267986888,9.926034769965717,0.025609581421316197,-0.0031859579136837533,-0.035290346253753754,0
46.2,2,-0.42786064364979937,-0.032159424997339196,9.834614001436147,0.002053503625588699,-0.045898850630622545,0.06708964144144043,0
46.2,3,0.04919785374784173,-0.37340721950033967,9.990483850051254,0.0586464092188889,0.041838340476554985,-0.013301242412116394,0
46.3,2,-0.592484763626476,0.022555739591212154,10.045105423176606,0.09296493340897954,-0.006008945289447676,-0.004533341421503557,0
46.3,3,-0.17577271155457283,-0.2839497514802218,9.597721287632176,-0.059384385261109375,0.04163406229817132,0.05469907400481941,0
46.4,2,-0.16313334532644772,-0.036571994003778405,9.66166849397527,0.10494643383111164,0.055823320726863634,0.050249606533825625,0
46.4,3,-0.07359381317252149,-0.15532434712569132,9.912056185319729,-0.07558535768378727,0.06662674652009058,0.03295097644796998,0
46.5,2,-0.15591023860121334,-0.04767120577246514,10.005562258042577,-0.057759638331565846,-0.05624309013735081,0.018119205275311776,0
46.5,3,0.07685269400249267,-0.21283397117788938,9.613233024247704,0.009922135983659552,0.11103468698761154,0.06118435057559968,0
46.6,2,0.31380942409928525,0.30186520858057064,9.872128298387041,0.048287025464093136,0.058951765158669095,0.04378488865809619,0
46.6,3,0.370067758405234,-0.3665169756144293,9.801900957611995,0.09549393054098633,-0.01597118220332401,0.03794923435524022,0
46.7,2,0.2259241991313391,0.01778282657813928,9.693836236402287,0.08817719416394143,0.06037971542531789,-0.018288496407930566,0
46.7,3,-0.014407308199459762,0.2472350107841387,9.828740998730128,-0.030940517705493133,-0.005169165876550724,-0.03515541201973526,0
46.8,2,0.01303070780645432,0.16283005679683402,9.919392001697267,0.13280094645901214,0.013567124825066532,0.09009657663220826,0
46.8,3,0.31311166975941424,-0.00953814785569402,9.690890733286569,0.018771046550129677,-0.07201497168082142,-0.07583301540024324,0
46.9,2,0.3834793828344562,-0.2961488099406942,9.771526900743929,0.025100572702659064,0.02874424416194601,0.05990584802573458,0
46.9,3,-0.25246635373064025,0.49754896868691634,10.159104804664377,0.04430833897118319,-0.021742198150497494,0.058140272289545825,0
47.0,2,-0.14798905224649303,-0.24946977071663345,9.847295863925444,-0.039426113099509934,0.07054579568816914,0.0006339710689153284,0
47.0,3,0.45849455221723573,-0.07664074371108073,9.619941253164997,0.02669850769825993,-0.04283542386943041,0.0379222496574427,0
47.1,2,-0.039062116187355306,0.10487416911501862,9.78433771843424,-0.07095338993276935,0.010248898504592686,-0.005818301214635956,0
47.1,3,0.13187380488564923,0.17053170916212418,9.53761329509964,0.09094770523491554,-0.010112717005513569,-0.020227488226019264,0
47.2,2,-0.03512488575704739,0.18177537337354913,9.686725367932695,0.083969786211637,-0.037300516625451925,0.1636143920936025,0
47.2,3,-0.2562737075597786,-0.06695120611125105,9.822603930192185,-0.0207759642811648,0.03724064277977667,-0.021251202764369467,0
47.3,2,0.02206069034307008,-0.05989125720915959,9.410872348447565,0.03162345987689084,0.05474751945332279,-0.021919815060715987,0
47.3,3,0.43909240114284415,0.058143526729585795,9.525635059189952,0.08925736894516129,-0.05342977511725714,0.005280635749928139,0
47.4,2,0.33239039618480015,0.30558754035930663,9.667868221226799,0.02319244872343013,-0.0419531992131526,0.03368494051395573,0
47.4,3,-0.17265691147950524,-0.27899828110485847,10.111493357846998,0.060580446998527306,-0.015824233729497244,-0.04000535620922934,0
47.5,2,-0.29308630955368575,0.1776235117891274,9.92392157659746,0.02954635139884003,-0.0033869568167446034,-0.0918763546396382,0
47.5,3,-0.04956868648752876,-0.05562343292840277,9.876546796847236,0.06552753109142888,-0.11951158687089743,0.03796899365926443,0
47.6,2,0.1481178209532326,-0.07652497409232795,10.001966388352695,-0.04106395244281721,-0.013080400635476467,0.023798921864426906,0
47.6,3,-0.21462489613729785,0.037306845603703655,10.08641367867847,-0.04247554353135367,-0.11884521494963207,-0.12122306356023232,0
47.7,2,0.12229156993722937,-0.01898109971562055,9.835065045729598,0.0454249797775847,0.07016820413167375,0.03264539660849538,0
47.7,3,-0.3503026401266929,0.006265987814314736,9.558031828511933,-0.03610425163266888,0.005088304174203308,-0.004023305790924537,0
47.8,2,0.1634669431178839,0.24816493195054493,9.718736639321017,-0.009144594379759558,-0.004963038048729471,-0.06276328312504109,0
47.8,3,-0.02696767799926037,0.032200665670367855,9.648982262074155,-0.08474938725929852,0.060053857357637956,0.004094154751038439,0
47.9,2,0.3662968722237634,0.008455021400149112,9.733475792789845,0.04114011353889338,0.06416706061690232,0.008806999110972128,0
47.9,3,0.043106701785439065,-0.08391683852284297,9.45779950443384,0.019998346551212763,0.026453939298658913,-0.04132317546418071,0
48.0,2,-0.5346169820319868,0.14109124016642577,9.519704541737655,-0.05104462559699522,-0.04189565793426216,0.10124045297892999,0
48.0,3,0.041986577559414276,-0.23664865707835958,9.76166162768416,0.02305970382859197,-0.017087540409693968,-0.02837918662363242,0
48.1,2,-0.020119329689306797,-0.13864724895496527,9.942521589469878,0.017729898519758775,-0.0237385178554604,0.012329741226226994,0
48.1,3,-0.051040136115142444,0.005740062223436512,9.692976061642492,-0.01032704828783541,0.009985302711383691,0.04307325276780927,0
48.2,2,0.00525981749188203,0.2621845545769025,9.923681492147066,0.001777084159890619,0.013837764840734727,-0.0830627449349411,0
48.2,3,0.08787725391200704,-0.0548400842753719,9.724895385258254,-0.05840581653179586,-0.019466747568536672,0.014716919389673759,0
48.3,2,0.11676283575842641,0.10320799192809292,9.872795096183575,-0.033596651560586346,0.030290993847198383,-0.07635689651929557,0
48.3,3,-0.015602680271136407,-0.08059454850065095,10.058902786448899,-0.03177344174496992,0.05791466826597644,0.051251578817861826,0
48.4,2,-0.00688496157361459,0.12355486884379295,9.753811089226026,0.01375386873684776,-0.01866147785574796,0.0663587936167152,0
48.4,3,-0.03404553062177709,0.27222659405230787,10.173507548359233,-0.02387572646794141,-0.009362216529774063,-0.006765813466630613,0
48.4,4,14.96362849201428,-0.04703378470962161,9.703013095060943,0.07849250879516123,-0.006931494213124521,-0.0007855428880687578,0
48.5,2,-0.2670760017095786,0.052375740411565244,9.907693420661879,0.008190761994135572,0.06000593859395223,-0.01571003467783164,0
48.5,3,-0.10963074541558482,-0.04470200433297921,10.136744284896446,-0.05872732468337053,0.06143703386643395,0.147827621424296,0
48.5,4,0.08865424060699564,-0.18688212842870494,9.564351849024634,-0.0023774349388401197,0.010614127938543898,-0.09566925116375831,0
48.6,2,-0.2775895254500727,0.27847696400581623,9.388568891854014,-0.002144941070720222,0.15986146851668187,-0.0027814408719991977,0
48.6,3,0.030480222172577367,-0.23165363202777034,10.099545981712101,-0.007186108859170683,-0.06421889692321192,0.042767313348364235,0
48.6,4,-0.2616403777854853,-0.15915662381844944,10.194292715239776,0.019217456527112868,-0.027217041564377632,-0.06825162568378004,0
48.7,2,0.337808440329306,-0.26476276048687014,9.967591713963769,-0.02692060881740793,0.032789337910775394,-0.021775004788696872,0
48.7,3,0.12739770459069547,-0.042778890438584814,9.748910432727147,0.08029857084415618,-0.07315491069181748,0.03416027710783958,0
48.7,4,0.06341398117039534,-0.09133366016067515,9.945038322474005,-0.05024744970692058,-0.03970731667800381,0.006938993606865379,0
48.8,2,0.018079300480786934,0.3573781077305716,9.6928673737583,-0.008141817729174317,-0.08283687009380436,-0.08822053237966254,0
48.8,3,-0.282334644678263,0.0191166513727199,10.00539757974911,0.02841280869598477,-0.05668405413627525,-0.0328884095421051,0
48.8,4,0.003924182498891682,-0.12077976943495039,10.078584437974355,0.04525855949857978,-0.09487741820734127,-0.04600202512023595,0
48.9,2,-0.09558003331908742,-0.12528759988400814,9.476912410869309,-0.03438966435283519,-0.02549327197241378,-0.0043831594733326545,0
48.9,3,-0.12795168502625995,-0.06810450943256102,9.555097135665058,0.03839816585492493,0.07317161922535143,0.02078910190922251,0
48.9,4,0.038633847380674366,-0.36363161802230626,9.800446676617762,0.04416862573442372,0.022910166166285165,0.012531406878868338,0
49.0,2,-0.03440647035823598,0.349217251956028,9.800450455745837,0.04029144586767321,-0.08997065402927076,-0.031853597851077255,0
49.0,3,-0.33125153478796404,-0.5853815526309146,10.11540677237348,0.054390103701784376,0.04113395740972677,0.032377369506213484,0
49.0,4,0.028872567362138564,-0.05202862009429865,9.854335723108544,0.07146179094862253,-0.06625969125336068,-0.06480246883104505,0
49.1,2,-0.40741593754080246,-0.007993773375520706,9.688916312789326,0.0854128569972352,-0.043831685423369376,0.13391187290738132,0
49.1,3,0.11094655495087893,0.18593763907577351,9.832740004805173,0.047457588513066064,0.009133369413467594,-0.05059255409044843,0
49.1,4,0.0889958079453681,0.052876090460714155,9.343325998821982,0.02788314582732488,0.029486693150901744,-0.03800623976096796,0
49.2,2,-0.16946292754072942,-0.04526902909976481,9.797669257632252,-0.07368321646470342,0.026166740352202063,-0.020833483813893106,0
49.2,3,0.10484421346659448,-0.20235738544648973,9.571117183873298,0.040567730202328935,0.05600106116632502,0.061731730637404884,0
49.2,4,0.027640281489940244,-0.008327171745870344,9.562469709868203,-0.0006569511020657466,0.009631019360140547,0.012904945348798456,0
49.3,2,0.13938928472539075,0.06954274859555898,9.926227087155523,0.009454997640732056,-0.046280421905583666,-0.007333654490983405,0
49.3,3,0.03580054502398169,0.21564166817871233,10.218883976491858,-0.003623392181606561,0.032065436951203265,0.02733706055126328,0
49.3,4,0.2290986935253856,-0.11220012870486962,9.904933236100772,-0.03041886320892296,0.04113022419940081,0.037748117708886614,0
49.4,2,0.4419232846539508,0.18371882730589206,9.834466672034782,0.05062850530941825,-0.05402341882025111,0.025389211461453832,0
49.4,3,0.17244920607625536,0.22453254695145045,9.822709997727966,0.04899070209295827,-0.028038195702856206,0.05457379773750089,0
49.4,4,0.33205176067322373,0.20671837900041826,9.80209455971605,-0.020401574649992198,-0.03253832968878843,0.009094108329625272,0
49.5,2,-0.32299760123483695,0.11942858291460559,9.875168144110399,0.07423420055288522,-0.0062837260835170924,-0.02662604147071851,0
49.5,3,0.06956380509742564,-0.3681344720601965,9.731107765762085,-0.04726538296731099,0.06419937632866089,0.011897092270243869,0
49.5,4,-0.18471711920050077,-0.21815725643161624,9.990309182514839,-0.045357938790191565,-0.07842459092460936,0.06335283274052303,0
49.6,2,0.016495345182100808,0.21141224495281846,9.915624565813935,0.0029132176710262303,-0.017901700576545738,0.039393380026376004,0
49.6,3,0.09323427663216054,0.046435908326785215,9.96307471969457,-0.03540036353849276,-0.019817202772467485,-0.01580937430893673,0
49.6,4,-0.41341157574209975,-0.10172154819184419,9.752172122012976,0.045789572330179135,-0.04804385415568522,-0.02057768371643245,0
49.7,2,0.05492060067251919,0.0977183525898178,9.495025348927573,-0.005348406125044195,0.0622208494753166,-0.057672152058520755,0
49.7,3,0.18234853525572509,-0.21677925740884696,9.959054848335425,0.016326125350530168,0.0697272610888167,0.04339589773964558,0
49.7,4,0.2573320131499323,0.3491620139232104,9.713867688205116,-0.026529510760571192,0.08011009756085097,-0.013753520281047866,0
49.8,2,0.4811612561598623,0.3379556189349288,9.919542651588964,-0.01926075970960817,-0.04592499040952086,-0.032570353548919566,0
49.8,3,-0.0021299262278897373,-0.027612101610142173,9.845414186017885,-0.011927613613080531,-0.08594115152061262,-0.006185114489356026,0
49.8,4,-0.20987320269567045,0.09248960239540725,9.621363953699342,-0.054569139233537525,-0.0530372487844488,-0.019001716682403746,0
49.9,2,0.2909846832930047,0.2410977409351995,10.030582537419868,0.019073979549618286,-0.015545639286245007,-0.028482057355543475,0
49.9,3,-0.1629397447300085,-0.05619053978106521,9.874277491091773,0.08854188445111259,-0.06292553333072284,0.018283554036894155,0
49.9,4,0.0829013959213641,-0.0657808253831685,9.725291071931947,0.043581903373876275,-0.036314130751594974,0.07059517360706691,0
50.0,2,-0.04876906407380544,0.07524896910239731,9.994442154969843,0.00918004141110545,-0.0777688124383621,0.09067649075738982,0
50.0,3,-0.00801064537183301,-0.06607317919118308,9.589825146639967,0.03278780156887078,-0.08466572520365649,-0.0017178267023836985,0
50.0,4,0.2048026833290972,0.004703725666275785,9.735952404100216,0.024118081574304992,0.05035828765129319,-0.05658272109777616,0
50.1,2,-0.41331517172411447,0.1292928940537463,10.073889180211971,0.02253780050352781,0.01121466434803208,0.013069237378322114,0
50.1,3,-0.09470387321188828,-0.21442117631728302,9.711024211011988,-0.0067806799878464595,0.045790028141049426,0.09285542927366942,0
50.1,4,-0.11911926322513525,-0.4661363241412657,9.739802373643924,0.02269162965129923,-0.02254714110767474,-0.010388556251601745,0
50.2,2,0.2306522250826255,-0.13944036255163414,9.982585193074442,-0.04608294828256686,-0.03081467303059377,0.005739246800950732,0
50.2,3,0.10700045459043464,0.30402902774963547,10.027446411805917,-0.05383885061371207,-0.11834988735460904,-0.03521694671538114,0
50.2,4,-0.11110226012734159,-0.02848325467968212,9.990093324374985,-0.04316425594087291,-0.011274473990381756,-0.045513311207205344,0
50.3,2,0.06488264784513281,-0.2907400796547371,9.717715076114784,0.045478602224828454,0.021774999037727855,-0.00022847416816995506,0
50.3,3,-0.1927554310638975,0.06404460143540099,9.526116617401039,-0.007244483525640242,0.06898952395887445,-0.04478726883689304,0
50.3,4,-0.03980987469058045,-0.40688624926200334,9.504834623616949,0.01407191534783252,0.03403214564986166,0.020416729769995888,0
50.4,2,0.15518212580972265,0.14684286861068538,9.777127181228225,0.04525829824893078,-0.029380514445512342,0.03238972035025197,0
50.4,3,0.14971719545619455,0.19628847470427546,9.931302869731024,-0.06406033969439306,0.06091289607415132,0.032412983128525905,0
50.4,4,-0.12045534356075192,-0.009658727282621278,9.842855667580402,0.048617554369585425,0.049411133322518966,0.04547525614696674,0
50.5,2,0.00899365330556338,-0.19824574480103896,9.773700775370573,-0.030275658287077362,0.10675856959541215,0.025778161125924307,0
50.5,3,-0.11990459672550313,0.08418942390405426,9.667281382817364,-0.05331668751874774,-0.0024624637745024654,0.0492757956939561,0
50.5,4,0.03890976610693294,-0.04127395678725413,9.651570832134514,0.05833221515349629,0.031906880584419484,-0.054392329818924556,0
50.6,2,-0.11801322288928234,-0.2939719470234536,9.949368303176758,0.027262104531011952,0.02322505323342406,-0.04848794163236381,0
50.6,3,-0.11390550147423827,0.07131535793942603,9.815167465580812,0.012086745260352702,0.013001553478570417,-0.0522129768756234,0
50.6,4,0.21156730891932551,0.3304611155445525,10.158808098557822,0.10988263707027622,-0.005689717284415162,-0.023730708059741472,0
50.7,2,0.19373364431082088,0.5447566377195082,9.725046785458758,-0.03465051266403309,0.0045308986104713464,0.06337521088586763,0
50.7,3,-0.307197023815901,0.1172377446780007,9.495017547984864,-0.011058919813614265,0.015678890531943105,0.000738532380631086,0
50.7,4,0.20040168878114245,-0.45699545396277363,9.50029541128926,-0.024320598015643864,0.010730204067162644,0.07833959904113097,0
50.8,2,-0.18657560256628275,0.10016344710523367,10.328662173618563,0.005603905168822002,-0.019092934975839148,0.050824477863049604,0
50.8,3,-0.4140226335121733,0.03075083330935076,9.988463336722239,-0.04872382975791617,0.07215317741011026,-0.05817373603952926,0
50.8,4,-0.024377304223972555,0.17682773557829207,10.07006671504173,0.0010267924630673426,-0.0011230146001352755,-0.002833791320226224,0
50.9,2,-0.14028398338087197,0.20506755306582025,10.015387556020661,0.010649325205320293,0.035086098145060064,-0.010430758745257116,0
50.9,3,0.045462326041589236,0.3269875341860031,9.412367151232162,-0.017679204231821923,0.05706368081760831,0.09832391291762796,0
50.9,4,-0.027609349704181052,0.42775625689429786,9.99207377189562,-0.005785732334584907,0.01693155229630446,0.06519823834729298,0
51.0,2,-0.06544086865146498,-0.005929011241276528,9.515391668815894,0.05014586442584549,0.026316528302349568,-0.006321082773227076,0
51.0,3,0.1947910582673903,-0.08347085335429388,9.877354209425798,0.002364972286876654,-0.07270196993199342,0.05700275324889349,0
51.0,4,-0.25746413251738337,-0.21757801198598026,9.498433993582864,-0.04708222557823625,-0.03234371541910296,0.0354549022971822,0
51.1,2,-0.03805910605085396,-0.07142178895707835,9.410069281279828,-0.006706556792550285,0.03075808066061511,0.04318254268614848,0
51.1,3,-0.19886123801440503,-0.189296774071423,9.870454739862296,0.03847307448456105,-0.03942630781068333,-0.03755207146018094,0
51.1,4,0.009887885649095126,0.01331168366657263,9.499267963154379,0.037728423547721886,0.011220148197081246,-0.004467944793258333,0
51.2,2,-0.6096938866023178,0.12238842674028508,10.011797663656878,-0.028195507878080596,0.0776108869623896,-0.06742633765576253,0
51.2,3,0.09472967598148826,-0.13848675421690662,10.028876959012482,0.04385841439170289,0.02715691209782466,0.05651609120286605,0
51.2,4,0.17673075748554823,-0.20630015991446898,9.742366224779841,0.05996162460625955,-0.01970244469248013,0.0741326381155533,0
51.3,2,-0.3188135475584983,-0.05714414784299254,10.028257377834763,0.014844416203352818,0.018880454156957233,0.0429421685862919,0
51.3,3,-0.4627479143104431,0.39861579940972824,9.728607263970916,-0.07739619616451908,-0.06986369190752574,-0.06777401592546749,0
51.3,4,0.2431364456968862,-0.17524369493416403,9.865014632272976,-0.004486315959591454,-0.010328042177562608,0.04169481658786736,0
51.4,2,-0.134200575851918,0.1360509058201231,9.334791720929672,0.03087670364768575,-0.04072121370177305,0.011903473458980613,0
51.4,3,0.09979687319139607,-0.07092516190597731,9.732361008218124,0.08301379146269111,0.0060113189910659046,-0.051518422994608806,0
51.4,4,-0.25211796685565124,-0.3056211409813552,9.755613698156232,-0.024920319156838032,0.024304579834233883,0.033108105535313195,0
51.5,2,-0.209243367927941,0.4229068486795413,9.829911713483531,0.06787902166901767,-0.04778607209041669,0.04234419290242467,0
51.5,3,0.08021892845613915,0.11072997503934608,9.76003041879935,0.010404388520037989,0.04809245029425815,-0.037969585692998645,0
51.5,4,0.012738394182977146,0.09981566292186801,9.835051525393249,0.021337578403256955,0.00932377270061797,0.023637101902008007,0
51.6,2,-0.08007695939444694,0.23510769171513443,9.61490422713611,-0.016016139473002573,-0.1225825039937619,-0.08374588253093129,0
51.6,3,-0.14017403412327276,0.08029389128272552,10.283672303569725,0.02043462323262332,-0.01082500553277891,0.03942068229965717,0
51.6,4,0.366361124283525,-0.19023658630344925,9.834025576099814,-0.000923660368359372,0.04944148314022062,-0.12183424297482531,0
51.7,2,0.1887878338288924,-0.10542449289697094,9.631070685668593,-0.06744009710318838,-0.022741680119072794,-0.07263449566236649,0
51.7,3,-0.14723964531332887,-0.2081861388195598,9.955614772745566,-0.08533261364412917,0.028758889337166207,0.06421416037076032,0
51.7,4,-0.3266137888801077,0.13071615718967386,9.658298319218886,0.0021262369303129535,0.019297162133767476,0.004033796974210013,0
51.8,2,0.11047681811196977,-0.1102811769625442,9.505615715319326,0.01615021882054892,-0.03152772476800605,-0.07064282387726335,0
51.8,3,0.08313517958957224,-0.2573132797065951,9.867365924919982,0.08211606640639796,-0.03771233836166301,-0.03409481790941545,0
51.8,4,-0.0848403563694844,-0.22270806890350464,9.775710221056382,0.01513036575280055,0.04306546004696674,0.037539394397971826,0
51.9,2,0.13733518698810326,0.26959617225380283,10.268645978822983,-0.03101156206730464,0.033223583293349755,-0.023951804560414375,0
51.9,3,-0.2023261670809748,-0.258801137026442,9.438106945731876,-0.01377595338430309,-0.044156627299273506,0.053622877998446394,0
51.9,4,0.03831458059593679,0.03444976730342722,9.844557968505136,-0.04647379082992177,0.021758243681207178,-0.09045577164135746,0
52.0,2,-0.2698449578437537,-0.274614510335995,9.950211227017464,0.018814577919895627,0.017546557740762216,-0.013682209764537892,0
52.0,3,0.1015880585038044,-0.11784295109413874,9.958637546094817,-0.002961700589475653,0.03341258657687162,0.007388548594284833,0
52.0,4,0.23841482968881733,0.05805449556954974,9.896334074796382,0.05078532177014919,-0.018397189002804598,0.03027979141984082,0
52.1,2,-0.17678970518907328,-0.09751299484657128,10.139252996196264,-0.0370906208487908,0.03232377913941683,0.024703862903022386,0
52.1,3,0.18885427704981117,0.2125386684272962,9.757945367728803,-0.02961679974612183,-0.01793210079825179,0.07370742044313915,0
52.1,4,-0.06700768346331219,-0.11998698200797986,9.503669606950373,-0.06179168158041701,0.0008177116854144348,0.09585279410282231,0
52.2,2,-0.1952341091322092,0.0015691576603582343,9.856411509013222,0.022488086278142846,0.046330274507768644,0.001927328208790333,0
52.2,3,0.07559208207205347,0.05696872654266525,9.87046387614001,0.02809091923422199,-0.09415498856969971,0.01784470667034663,0
52.2,4,0.11868488515620286,-0.0953173187034354,10.028528015120624,-0.051331164128269505,0.055825070896392465,0.03338890072144509,0
52.3,2,0.07033077850727802,-0.1642897723087052,9.627697244378728,-0.066647807079551,0.001313605583786549,0.0574395565301878,0
52.3,3,-0.12083160887402052,0.12141028641012895,9.953631189042946,-0.017149463098103543,0.0278491008665077,-0.022483425510509816,0
52.3,4,-0.14738573462154225,0.01313870756454792,9.864644079434475,-0.03355148010281261,0.039160438450884315,0.02459775025634291,1
52.4,2,0.03331078060818969,0.0030545090049311527,9.854990369449535,0.020760054010992235,-0.08814457965504469,0.05157783643282036,0
52.4,3,0.06615191405396896,0.16883225577629069,9.433159716099826,-0.028765815573472027,0.032001666104918995,-0.007577857127070715,0
52.4,4,-0.2116689474676693,0.39265059472443864,10.069004347165501,-0.006851833605164945,0.06242898327064368,-0.020254340965185014,1
52.5,2,-0.021060990102596575,0.2670001165671356,9.82732459465161,0.04389826561218921,-0.08111133708002943,-0.06731639279304977,0
52.5,3,0.3324623500583916,0.3321412768412695,9.723636451750904,-0.0014389709321811844,0.059235059196626576,-0.023074673493122262,0
52.5,4,-0.09160677207607408,-0.5513458064441306,10.058764069549818,-0.024141316149263528,-0.0037739445417850574,-0.10115406560505158,1
52.6,2,0.0725468318558123,0.12993693546021012,9.769776068875322,-0.04815911141851982,0.07325538487573405,-0.00522117871725789,0
52.6,3,-0.1782633894612508,-0.05317607845305993,9.820902386930427,0.01837578371612074,-0.0003688736056863992,-0.00571112441045038,0
52.6,4,0.07975412729237835,-0.1948408715038274,9.856405769252524,-0.04859325660227463,0.04326893877612828,0.0053606049470679,1
52.7,2,-0.061968935401947624,0.08890644559484624,9.566624978451049,-0.05550130858752911,-0.06378130014055065,0.05542630849799945,0
52.7,3,0.06631565840364718,0.49203303363089107,10.127817575929228,-0.015771604431652056,-0.028477043316861347,-0.07285483373004573,0
52.7,4,-0.10564354137669803,0.3651402902146321,9.92006250828252,-0.028387708106246974,-0.01770428969206645,0.07461116489606437,1
52.8,2,0.030000008749993215,-0.035970886506151226,9.790751586520553,-0.014887652956439729,-0.06066921054437671,-0.029216798848843935,0
52.8,3,0.3641929105753299,-0.09159467954121885,9.796352613508766,-0.037644888934565184,-0.026743246695164858,-0.11942990492320951,0
52.8,4,0.05596774509640874,-0.11146138490014841,9.71153131742013,0.012220521306449832,-0.022879684765276537,-0.014290561498192822,1
52.9,2,-0.3288144991296029,-0.02400625491031525,10.078993985905603,-0.003568881867174896,-0.08193719143477429,0.056815555262926525,0
52.9,3,-0.17719013969891817,0.16294791093333894,9.527355382022506,-0.007860714305532934,-0.010684415406245073,0.026467146083066703,0
52.9,4,0.32289106154369374,0.012351799384318482,9.832590634236258,0.08732730659807308,0.023513139124783863,-0.0020383395696818123,1
53.0,2,-0.08852278101363263,-0.1803978019042253,9.716040357479477,0.02195488688978454,0.005414347476683918,0.03220688529152303,0
53.0,3,-0.3463796360474267,-0.21682123293387862,9.874751955615405,0.052889479872697334,0.0034114315790758952,-0.07343261941899987,0
53.0,4,0.03310869280139549,0.18320630290817874,9.993275645429987,0.028027189172303475,0.02503119907043477,-0.11065351229276091,1
53.1,2,0.16854237848175205,0.06626414439915403,9.893508467480506,0.009963659797153517,0.03905003138619728,-0.0686850780795886,0
53.1,3,-0.07237866519556793,0.32005616704221185,9.663733216643973,-0.0619869116629852,-0.050062230078208925,0.04221977112413974,0
53.1,4,0.04219343120685673,0.355441904079385,9.779737939815105,0.01818178798914599,0.07557637587465661,-0.10334017058567187,1
53.2,2,0.23019834571671957,0.42866880769048477,9.696009086378853,0.09509716609099475,0.013683247379251494,-0.06826461927158282,0
53.2,3,-0.17768066145393968,0.11955484736739086,9.706292928709978,-0.017756309181307755,-0.081789925902895,-0.082713390808563,0
53.2,4,-0.2541122095118614,0.03936910524857257,10.024060824911226,0.04275744238131188,-0.09395791226342677,0.008759910085872185,1
53.3,2,0.08763759502549327,0.12770501318371788,9.89036321386767,-0.06714804638578971,0.06446394729009251,-0.015140141999171292,0
53.3,3,0.39177817263195786,0.3964132621796881,9.73267730647855,0.09202863206063541,0.012821642568649717,0.035046222021604165,0
53.3,4,0.05755515635341815,0.4095365368560751,9.577232921144285,-0.0015772731012893262,0.021957496294390682,-0.11590822009605764,1
53.4,2,-0.00929910798705305,0.3643206504919902,9.659281245918033,-0.11891169086863931,0.02388434195360816,-0.069221383442483,0
53.4,3,0.28732496035449995,-0.0898612443918538,10.175830917938194,-0.03801839998941579,-0.022734730626998607,-0.06565017031386593,0
53.4,4,0.2825396672692099,0.47306549583591306,9.80103218018453,-0.028550559519138843,0.019453618979280423,0.01922849951887311,1
53.5,2,0.0702649379854792,0.08617270755951692,9.681407209385533,-0.05021023644989156,-0.01316313284786004,0.066310149079525,0
53.5,3,-0.05919991424550347,0.17310337222580058,9.901431409187683,0.007538615944597141,0.05771959979557617,-0.04372873905688179,0
53.5,4,0.08212354318918726,-0.3599859886255815,9.924726381284115,0.022086502393510905,-0.02941573033593736,-0.013631101890997947,1
53.6,2,0.17346109966140638,0.2476753248402128,9.936014626672964,-0.06307021040364012,0.015486508974458586,-0.08072635258363935,0
53.6,3,0.10607723960558878,-0.1103082134463463,9.669478393665596,0.024459108246253587,-0.014266795199315327,-0.010632731458806194,0
53.6,4,-0.19799455039824038,-0.48662753958618954,9.50871235536986,-0.03725461636171628,-0.009111193091602859,-0.0039059086893772008,1
53.7,2,0.10168084401932143,0.14427243281950264,9.77982953876131,-0.033960680421522414,-0.02387407354933727,0.07287420303818584,0
53.7,3,-0.019276837686495137,-0.10602160118701061,10.026463892609746,-0.07513241795924513,-0.08827256961553377,0.007265277505298769,0
53.7,4,0.08770068542063539,0.012556689734831851,9.696908195664838,-0.004774652011266153,-0.016913978278900486,0.014938916214398574,1
53.8,2,0.03955500402898182,0.3279190196268243,9.751408375586374,-0.09689949743805892,0.0011730203677939835,0.01456105064832218,0
53.8,3,0.30320938164400874,-0.11084578067933366,9.79250920363388,-0.0575736382492946,-0.04748952319646188,-0.061049232455002524,0
53.8,4,0.2114363184085586,0.13041660166729604,9.960057544816914,-0.05522488773960086,-0.04802281832745049,0.028079250081134967,1
53.9,2,-0.04369935749785201,-0.34912390346578065,9.816177435822135,0.0005396956020343738,0.04355598706848215,0.07775176675198989,0
53.9,3,0.16228081920660353,-0.07984875126275742,10.003524579475343,-0.061302038630482704,-0.03025180541186813,-0.0020920435202712506,0
53.9,4,0.10147516817747473,0.07187108193683432,9.76990111911985,-0.08017937630868538,0.0010884803630742958,-0.014569936024779804,1
54.0,2,-0.02236614780341185,0.26705495509518856,9.82116938266799,-0.06856353924480998,0.002078106404095796,-0.0413591458310528,0
54.0,3,-0.21757130769963987,0.2747281332501153,9.719716066802794,0.047979766877609485,-0.024803584196351623,0.07079068704759044,0
54.0,4,-0.38559876782551217,-0.1677953168056463,10.037316747445242,0.049214223562806345,0.006924276623554561,-0.02734124037757696,1
54.1,2,0.038394493211842004,-0.018207330656292996,9.703003745456005,-0.0007124888696457218,-0.009090423229219572,0.05124548353935954,0
54.1,3,0.16060854251731704,0.30632565547883234,10.013485714506993,0.00463781440745739,0.036468624001049964,0.016355788792577566,0
54.1,4,-0.2475974979016874,-0.31106728613915124,9.775624776244381,-0.059198630992733994,-0.0022933230784295496,0.001624782539185393,1
54.2,2,0.06855714287748343,0.006258652338000975,9.839552415653252,-0.06849558289111313,0.020188661686720576,0.06710515587572034,0
54.2,3,-0.19362813525709055,-0.0434920637633268,9.937717645590018,0.015833661909806642,-0.006780880872763172,-0.10213720058924536,0
54.2,4,0.12777567580408578,0.35076965539592453,9.497329289919275,-0.030224543638696068,-0.022331333372392542,0.0120109038126207,1
54.3,2,-0.29812137926752635,-0.16245029748663803,9.464916568466714,-0.04191847566760535,0.04242394397328976,-0.02695880230346641,0
54.3,3,-0.0645613461154669,-0.4698790025451085,9.785234717052981,0.0006478028125476427,0.02408373217177891,-0.04818144150190784,0
54.3,4,-0.18740971478062596,-0.06909139498886384,10.027939731383992,-0.05167741506472238,0.05006561569437743,-0.03486451473714632,1
54.4,2,-0.08786426851554557,-0.2333156768021826,9.98754038305178,0.051563671565093894,0.0026058653362565553,0.025014185118614946,0
54.4,3,0.38633917868084444,-0.21890166070564554,9.96888534736587,0.03384128135403686,0.024307700825396086,-0.07116088014516538,0
54.4,4,0.0755704362088313,-0.20854963563288884,10.168227694890303,0.046867163870387224,0.0031066702722089123,0.058577080432389905,1
54.5,2,0.0406554968748952,-0.16806303028616143,9.801820909858906,-0.035630334197425194,-0.04049575724693945,-0.02990043269110086,0
54.5,3,-0.2865651978806309,-0.1421080133777691,9.838590582246578,-0.033818540070250626,-0.022987681055933726,-0.006833996579937114,0
54.5,4,-0.2787219825663926,-0.021375126005626813,9.80165490126743,-0.01677353984537253,-0.004825652307817808,-0.00034333534282379616,1
54.6,2,-0.06472754108666118,0.044586337950945534,10.19703650299451,-0.0016424232065577569,0.019515848974705846,0.004035737044638036,0
54.6,3,0.4173441140844054,-0.057839653026717334,9.588567038841463,-0.07490788934335019,0.04286371186560774,-0.0473986905496803,0
54.6,4,-0.1759092162818258,0.16751577947397855,9.98542016125621,-0.006649349955436375,0.013701077698459041,-0.02217975362901783,1
54.7,2,-0.0274935479310931,0.2490396789473587,9.829616535368235,-0.03099831238721323,-0.06060085636679372,0.09220651152586767,0
54.7,3,0.32169948689159406,0.0022708377462035945,9.641390923183126,0.03279112086570695,0.00045499020810218317,-0.06162535291398377,0
54.7,4,-0.09872854489596411,0.006886972324092614,10.002557598836487,0.045045420240921216,-0.06159854815417461,-0.05573735813948092,1
54.8,2,-0.005318520232529601,-0.18183837001567676,9.599138175449866,0.11989265123028976,-0.020206159336178156,0.013679430726917054,0
54.8,3,0.10228372629745759,0.11928783409935109,9.73843723509712,-0.06771672443947581,-0.03163553694346632,-0.02902133162969536,0
54.8,4,0.17021401709027495,0.19155155074323565,10.171379300214173,-0.05190262907538208,-0.06183422407038333,0.007080068315013829,1
54.9,2,0.048352094189462146,0.015611703475960487,9.718627901379449,-0.019343770187979337,-0.029928644652645744,0.015370974774341973,0
54.9,3,-0.24532106864093853,0.08970979098611709,9.983110984976955,0.07243512665597165,0.015685134000029553,-0.04383057511130365,0
54.9,4,0.1619280081232164,0.1327096625548387,9.563835343592578,0.02543204051719042,0.05497242165136407,-0.004929637362029769,1
55.0,2,0.1632115137965954,-0.006757953049505776,10.193260518064994,-0.012117350458229127,0.02562513335179431,0.009279156634633875,0
55.0,3,-0.237481046634929,-0.053081237699827394,9.767202530762304,-0.010139296439030974,-0.033599309179226024,-0.005692879786217469,0
55.0,4,-15.01339963725398,0.2437650849721414,10.311674314939077,-0.13560207085516343,0.04557637951318612,0.008323201759253144,1
55.1,2,0.06082778832300815,-0.0590028502586088,9.514525010151905,-0.03246383066134492,0.06533358172238547,-0.0033164209573127526,0
55.1,3,0.07436522877190715,0.49016693606107353,9.64258561220267,0.07938536980480815,-0.033267841463635116,-0.01065283915416471,0
55.1,4,-0.21373140115631797,-0.06895801089947148,9.561395308645642,-0.02441953261159968,-0.08738072293852428,0.025179911861569856,0
55.2,2,0.19803337413899313,0.21215786923320482,9.706513747055833,0.03041489599891778,0.08670016847456873,0.007595476993632894,0
55.2,3,0.4597359232837979,0.3408532994594908,9.878041156160368,0.03486638336393779,0.046238672651995966,0.036769366589142476,0
55.2,4,14.921243314419279,-0.08032219227090558,9.654213964870838,-0.007281192619326072,-0.014836726361305896,0.05462650055218335,0
55.3,2,0.01951947549662971,-0.18595201636812003,9.880656198414195,-0.03640918094712805,0.029813647026853962,-0.056074591926433985,0
55.3,3,0.045170620452345385,0.12387082367889389,9.746144283870752,-0.06079795410549427,-0.05537928321213606,0.04502141066217132,0
55.3,4,-0.06309711858098825,0.24319208582167595,10.233876654884527,-0.04177250332568631,0.0899618708531098,0.07272209851832478,0
55.4,2,-0.24060511330652054,0.25157749035580373,9.651468910170692,-0.0049288411897683015,-0.005104476220592454,0.01231007539451861,0
55.4,3,0.10888290343126772,0.03985271907439047,9.879766556202668,-0.07975340716518582,-0.015271876209157563,0.02689531620881987,0
55.4,4,0.21108134139960383,-0.2777343737440538,9.99444758582343,-0.04132716820062969,0.008021664784678684,0.07431435216167537,0
55.5,2,-0.17099956498824034,0.24818976471871879,9.781189155668004,-0.03799975583993032,0.036839172954664844,-0.021922639017562362,0
55.5,3,0.09188244253127062,-0.10878367084601484,9.638995451184973,0.03884619639309014,0.105093811699263,0.013356669953102565,0
55.5,4,-0.13291410519234517,0.27705716281392584,9.570622346845045,0.045950159538136415,0.12296394771572927,0.014053179260176888,0
55.6,2,0.17955135100496455,-0.022827162745494914,9.606231852801933,0.06487459841534733,0.012116693559175294,-0.006491076437219987,0
55.6,3,0.17977106204141208,-0.3086328853257445,9.921624767207161,0.0627516633674802,-0.010436269087090673,0.03331591487512873,0
55.6,4,0.1598289783388945,0.0722703666857736,9.69619375330481,0.011341156177610702,0.08941171383868532,-0.01708053241626994,0
55.7,2,0.3521292402112973,0.05378530736034161,9.66379559324569,0.0360417959999614,0.12237753044843194,0.020076012524169264,0
55.7,3,-0.29223062028773844,-0.1489856202954474,9.382873587005243,-0.045978011094678604,-0.04107834101243442,0.07672147108516388,0
55.7,4,0.09119163987818592,0.10651177605858196,9.841018811105398,0.017998250119297784,0.011178413230641705,0.009703323677118514,0
55.8,2,-0.009313526021284048,-0.17545838319048546,9.909834465145687,0.011647787598599803,0.004873652053013064,0.06700361243699236,0
55.8,3,-0.06702745962757233,-0.014424518608734706,9.72415872993783,-0.1122275523321477,-0.07963661155127648,0.03486816802735996,0
55.8,4,-0.37853229730730237,0.06952960475265202,10.28079897065417,0.007877993669137303,-0.12941864269293496,-0.12563511067907143,0
55.9,2,0.07662014752519009,-0.12416347241205412,9.548700756436551,-0.013018021777913037,0.0561715042170589,0.06013834774200735,0
55.9,3,0.006824728360595463,0.2514297496434305,9.970982276951814,-0.003126865934042598,-0.07134528133179989,-0.06385359821447989,0
55.9,4,0.04000661482423895,-0.11310179108171269,9.847143561366662,0.044358075179062983,-0.07800846852116954,0.08490278908682343,0
56.0,2,-0.13676926298013184,-0.15495346491519407,9.723378977921922,-0.030257384765888726,0.07067842382346871,0.11868785727228935,0
56.0,3,-0.21336013824112654,-0.11840238358966171,9.600000263489273,0.019431769061504185,0.04576688003334869,0.011435415444656188,0
56.0,4,0.2861984766426374,0.10591324177177507,10.106590465470905,-0.06388319388878759,0.07550714151308746,0.029720558224007806,0
56.1,2,-0.09720263788567672,0.1558213011548779,9.961339254308225,0.04058434863103486,0.06108277783476282,0.038878774259123304,0
56.1,3,-0.09372143196700324,0.3511535163888339,9.63121727966029,-0.022613194992424063,0.032849518451826494,-0.04957418895776175,0
56.1,4,0.3356348949650652,0.045715078555519956,9.692873711134217,0.04149135139053001,-0.079522624187779,0.05315563446932692,0
56.2,2,-0.06520926327546188,0.016612389195022004,9.631626978694953,-0.03456819572558079,0.046836330421102135,0.016235629363606827,0
56.2,3,-0.05179105474459116,-0.2763100061359478,10.101249204181302,-0.002048794787151219,-0.005109445880230181,0.0333231373448051,0
56.2,4,-0.16870068737356003,0.1566763461626172,9.66342527893691,-0.06698342270597338,-0.06587841081595312,-0.022933051746814703,0
56.3,2,-0.032276736592141746,0.005092698375687352,9.893239856652137,0.020869705631099737,-0.008574517663974008,-0.09046285062845319,0
56.3,3,-0.09614443978657827,0.040337837418317535,9.880330888543934,-0.08517443351318545,0.012424668981184366,-0.040349948280189674,0
56.3,4,0.25076143355984837,-0.0010752833098136795,9.672641520004097,0.06341647690765272,-0.0003887512771501764,-0.03368939399907183,0
56.4,2,-0.05677009523457965,-0.22374048921523948,9.377219472175213,0.06838041413772367,-0.08105973468309723,0.000198968078999765,0
56.4,3,0.28981893280493576,0.31644818846897815,9.895836916835165,0.056940748107672995,0.0405541553158186,0.029920466446116636,0
56.4,4,0.34482108028185815,0.29599757455242326,9.61869953955749,0.07930604993808793,-8.75781577461217e-06,-0.06731549522007906,0
56.5,2,0.134350351939319,0.02495096660776499,9.99470992160948,0.09943239531777583,-0.05308761356008284,0.013744316980287635,0
56.5,3,-0.3307785390215554,-0.18598551710966366,9.775096832718763,0.018882018192681444,0.01900002099345377,-0.0014206329572291647,0
56.5,4,-0.3326055053233126,0.35147683851067674,9.90929970550405,-0.06276736589294751,-0.1403855339638057,0.07649055146598793,0
56.6,2,0.30526649267652584,0.2757019711801442,9.651774585222348,-0.0481880082059902,-0.022692999177215907,-0.013394450816466667,0
56.6,3,0.02754934898339567,-0.051468377561488116,9.84342196620541,-0.03457882357613761,-0.0355522685041464,0.0022352359052856207,0
56.6,4,-0.278393843543243,0.15450001646149708,9.856892678068528,-0.018113788285820553,0.012861846978271828,0.02767201910682281,0
56.7,2,0.09455543786539967,0.11109438345206922,9.844087727332269,-0.006122694387035852,0.023020198035723805,0.011816248274427704,0
56.7,3,-0.2215173108380499,0.05234045087724744,9.617244834437507,-0.008075698200055137,-0.05300794572584701,0.03624115876548285,0
56.7,4,0.19008055149725764,-0.10128190971570838,9.72286131512202,0.02678959176662728,-0.05327077066950763,0.11701864296006054,0
56.8,2,0.004979686717685371,-0.2735174921269807,9.508841406012444,0.09151670611340465,-0.0004405473359551669,0.11000454670770457,0
56.8,3,-0.13644761144118364,0.12741692885049438,9.851322747225307,0.04698576748481856,0.0014488855332303143,0.03180625393334496,0
56.8,4,0.12412254823635045,0.013076783785904607,9.720506164340415,0.06369655884101147,0.1478850332013136,0.011778560903081594,0
56.9,2,-0.20303039318668034,0.34070877570975805,9.923714920936527,0.029577280843903427,-0.022579928085688313,0.040013026395066376,0
56.9,3,-0.0720533835903527,-0.22993313071305158,9.810711004667395,-0.0037714388183036104,-0.03713645506551254,0.12630461077508914,0
56.9,4,-0.10294034696350592,0.053361191289564215,9.774331171252884,-0.01359055619911599,-0.0007330080142965007,0.059155094806532985,0
57.0,2,-0.014207854574872223,0.3424976835345063,9.530573296281233,0.013243845606905145,-0.0013004544844250803,-0.042054860406335076,0
57.0,3,0.20438540652163992,0.017090812779720934,9.721629390374458,0.03404650094965567,-0.07507635863119455,-0.09134792180284644,0
57.0,4,0.06272263476421674,0.17750310721497176,10.153300354434345,-0.005988016356941307,-0.0461687061713103,-0.07664877581104856,0
57.1,2,0.044654140288929334,-0.09908231095471365,9.831351272682923,0.05966100247762765,-0.07073974923035255,-0.08911791784074778,0
57.1,3,-0.16946332959986574,0.3324350834076804,9.86168820438351,0.032332203446197465,-0.003401974275278526,0.008142170956080276,0
57.1,4,0.2013031952636275,-0.253970070818626,9.584201731174742,-0.047734179786229174,-0.05371678989279849,-0.052042466751718613,0
57.2,2,0.44667100402735765,-0.34187821737720525,9.998075551193297,0.04012163448837191,-0.054492423584711784,-0.1306688934408725,0
57.2,3,0.01909525479238262,-0.31580864519319946,9.687340827991004,-0.01730639043815983,-0.005834502888621637,0.04186538905170866,0
57.2,4,-0.5445042139516492,0.11826294482633436,9.728574765264991,-0.06980772339909688,-0.021753212074011645,0.07426188579335483,0
57.3,2,-0.3754523975213772,-0.2792517407685139,9.779264573193872,0.026517407059093674,0.0303131551667071,-0.1103380681467199,0
57.3,3,0.1140993556540809,0.25627790352340085,9.866893541000318,0.0029690485504763955,-0.045239564902689565,-0.017555426384069855,0
57.3,4,-0.11251039360581128,-0.0934766491641338,9.980604615458669,-0.06846376270149027,0.017819424597419548,-0.0509329783569658,0
57.4,2,-0.2077366500871224,0.06725890815803486,9.69529126296491,-0.007759672878506655,-0.016142418661996547,0.06260688875602285,0
57.4,3,0.03712760246133795,0.33975836940804727,9.60815761363201,-0.009658925687534126,-0.07754948370965667,0.045883132125117396,0
57.4,4,0.29628057087874876,-0.17759741170918197,9.993471404643993,0.026824812195415035,-0.054346452776699444,-0.011948308265036178,0
57.5,2,-0.16110560816475838,-0.020885334788587007,10.153245645980704,-0.12319509829791231,0.05268873424697771,0.020765607053245937,0
57.5,3,0.23424786720527033,-0.3121940053485324,9.53111964794148,0.027789690224508765,-0.07352256193272759,0.062119831875177015,0
57.5,4,-0.13248842093206706,0.04599265445296653,9.887948932293494,0.09963543675477908,-0.04065765542986936,-0.0345746856958152,0
57.6,2,0.16990507188006465,0.042919810730449155,9.760024686351937,0.03873120185810723,0.08765976704457847,0.009911928976041014,0
57.6,3,0.23248603440449844,-0.26354652193572775,9.697242778271235,0.012646390492573779,-0.07240530518735987,0.015171607478117789,0
57.6,4,0.19660325411123558,0.1229709059845124,9.871314055631615,-0.05153105111669298,0.014462426367361825,0.009874182627182065,0
57.7,2,0.29286584404695426,0.07067152559076738,9.907357272671318,-0.03878416226743195,-0.0205290818238495,-0.005802729011408442,0
57.7,3,-0.11023602637998582,0.2053424786942029,9.90960156801581,0.015111307012315254,0.00227521447438182,-0.04873272644432277,0
57.7,4,-0.020661986997419036,0.07565749827295412,9.70420307197372,-0.07565165044105426,-0.004575692279924981,0.03987120505158398,0
57.8,2,-0.023796071025912018,0.12362047141393473,9.73376562737274,-0.10652424089546345,0.03698499319222883,-0.019851099172301736,0
57.8,3,-0.1399950482516593,0.19317135557824494,9.723219075120749,0.047753786577281965,-0.07330869399281628,0.01281774547032353,0
57.8,4,0.13231151428588275,0.3250538900479285,9.569326839352561,-0.0007674693286510649,0.09824689829671368,0.004514055778649886,0
57.9,2,0.09575447244303234,-0.04941575442606525,9.76980211425843,-0.0678114965559736,-0.01725826946319934,-0.004368670396800213,0
57.9,3,0.42607714601621915,0.2691307846214677,9.561817075671577,0.09722273438926887,0.03715231793653169,0.0314636342492302,0
57.9,4,0.0505889968299309,-0.21839563930159916,9.93173299409324,-0.03936158773661163,0.04759318493914737,-0.05290933942773677,0
58.0,2,-0.09680437100255537,-0.1115829881030177,9.912055618310545,-0.0914035870892956,-0.027356691582600148,0.09208023414180955,0
58.0,3,-0.047019185614818174,0.023187105427914904,10.146232023908208,0.034398754486188475,0.08043924046251161,0.04033980785364278,0
58.0,4,0.15084035281445762,-0.049421136959517185,9.987118603244749,-0.0916305944201477,0.08562576931404181,0.01550267756573223,0
58.1,2,-0.014734568975062957,-0.16254665423875264,9.754995883912201,-0.01723509761631045,0.03677475872593951,-0.060776688481566456,0
58.1,3,0.09249314924895587,-0.2548230905628885,9.339394329513667,-0.019476374980129926,0.11721435616323767,0.03766988797772401,0
58.1,4,0.13586366278088524,-0.3097906850798042,10.217656326336325,0.10264983258637417,-0.09143900428271556,0.002027768738194317,0
58.2,2,-0.28912875991894527,-0.06080351400316789,9.541870481006718,0.001719011326413476,-0.023297578853299222,-0.09625407401878384,0
58.2,3,-0.17999234597648694,-0.1146506459281576,9.4840907828563,-0.02337597524221157,-0.04823630003413119,-0.05004901930240172,0
58.2,4,0.2850132887608587,-0.15652373158102523,9.947108595954369,0.01988277843631322,-0.0825406924763897,-0.006670202444476166,0
58.3,2,-0.40023785358973873,-0.16715749056210116,9.686840193828939,0.02110161785217664,-0.053479009187966456,-0.007683076001690796,0
58.3,3,0.09093843700979895,0.10364488814664584,9.849257807957654,-0.0042085923031348685,-0.007371868593170958,0.07333482536488155,0
58.3,4,-0.2120286635173829,0.06693213013745633,9.40561357719257,0.0052891230293672965,-0.04949068567351502,0.008303619894325693,0
58.4,2,-0.05363800178184147,-0.036175473600668716,9.705641061761293,-0.05235397713588827,0.053649508772874256,0.024304168202477237,0
58.4,3,-0.11211669833999685,0.1984470673368826,9.857143912016708,0.09002817126240285,-0.07842629684481262,-0.03789710754702151,0
58.4,4,0.13778319267480435,0.20543666691854845,9.932025128168801,-0.03569637149944993,-0.05323610517874936,-0.015086102219629097,0
58.5,2,0.10793585483455653,0.03982762085512778,9.990391039661207,0.00030193784654321986,-0.06177097805967355,0.0994294122325358,0
58.5,3,-0.0747475363984744,0.3652236598083945,10.001378769874622,0.022449915584756338,-0.03045305344586079,0.026009668380022923,0
58.5,4,-0.14882836176559297,-0.14022767113732884,9.796327777128216,-0.019677318634235882,-0.09062543666874276,0.024724893703492085,0
58.6,2,-0.2510419453315952,0.000470702871168117,9.826520432555336,0.008779245616253985,0.13777066708509642,-0.009688916713920291,0
58.6,3,0.030055102301748383,-0.18329136684276834,10.102193099104438,0.022885717664691392,-0.011794721499869744,-0.12712961109639292,0
58.6,4,0.2766105917649688,0.3350361183985892,9.761955549998515,0.04026195068967338,-0.04430538578859989,-0.026449195483743623,0
58.7,2,0.02686227257164403,0.15303140911362836,9.968062529577141,0.058681582703180316,0.015540296093185496,0.06436393653505844,0
58.7,3,-0.08313179874468953,-0.09451413745901573,10.2174052042484,-0.031573287264076946,0.0453234524466052,0.002920633183598962,0
58.7,4,0.10859040628379912,0.033179039676812024,9.94769680562818,0.13200165476612669,0.06778619082568821,0.06408658664828472,0
58.8,2,-0.2266614909240976,0.12280899350864971,9.345448730562223,0.07432255946179027,0.008532230354411573,-0.06075672978730445,0
58.8,3,-0.22400692669774425,0.10374050787992904,9.781565459570327,0.07954049844616294,0.02039360482496842,0.029949427525403766,0
58.8,4,-0.21942468341044857,-0.003968098263886349,9.798639638684568,-0.08711094661127207,-0.05425348580368616,0.018152813777411774,0
58.9,2,0.04840377508903144,0.30773410936706536,9.936673193440441,0.022937737389130065,-0.021922299511506257,0.1104536005737613,0
58.9,3,0.03677613629701813,0.2662563332350602,9.569299818275704,-0.05650334218858012,0.020870046132204105,0.012561780819314666,0
58.9,4,0.259271142725814,0.16431263627304196,10.03916332116264,-0.01582739299215961,-0.07728153162474108,-0.011020035243157042,0
59.0,2,0.1337670823222073,-0.3507617714122104,9.94947462515629,0.05657584440471082,0.013124538677263074,0.09400460215923984,0
59.0,3,-0.3776328094257604,-0.18723778233208643,9.640307380466872,-0.014150114532675446,-0.03849247731330783,-0.013386204007446606,0
59.0,4,0.32124084650905177,-0.11398116970122585,9.982454041444088,0.041083700626002084,0.04698390970574063,0.10022098390110934,0
59.1,2,0.2984489313387627,-0.19098939123147587,10.082588251182479,-0.012507053862300086,0.09312153486415252,0.05269708922001784,0
59.1,3,-0.0691353053810315,-0.053934682265559745,9.667436353005069,0.05683846051485252,-0.08956898550884261,-0.006242415765768435,0
59.1,4,-0.07350695830611474,0.06034294775932926,9.843991889425237,0.05014072706635773,-0.0355968414320969,0.08481830750927949,0
59.2,2,-0.2821061590594617,-0.23456738436918748,9.871539682284029,-0.01652151013829852,-0.02653918820439068,-0.09099295655760631,0
59.2,3,-0.32884320751635276,0.142137153711291,9.696104001445336,-0.02733834019518381,-0.03746826705121033,-0.01258166154599686,0
59.2,4,-0.27628556979238333,0.12767304321673642,9.93901704256931,0.023545414480363583,0.013689129012166831,0.01091460523093802,0
59.3,2,-0.07155742562983995,0.2815555035518551,9.579842683315869,-0.06374352486897875,0.03139320923067165,0.009274364774146207,0
59.3,3,-0.14101933748334256,0.23994379381899633,9.657245542922526,-0.028229893648685903,0.03466652269301616,0.06818541302430275,0
59.3,4,-0.28219041834256,-0.3508671410695068,9.74086059756374,0.03719258385971005,-0.058177963871573604,-0.04284726444026658,0
59.4,2,0.30309520664422696,-0.25745150550175633,9.363589292419801,0.10004674769115576,0.07679001745851333,0.11009673011559047,0
59.4,3,-0.09611299034968107,-0.09158062825321434,9.712695921946938,-0.005830541724600256,0.10749524522443116,0.019202973890543207,0
59.4,4,-0.2691878772397125,-0.04944256524552304,9.673651407171295,0.10138293213401622,0.021910645675055893,-0.005366970101626386,0
59.5,2,-0.15360088623089027,0.08909659197398238,9.752439702840945,-0.015771155548464377,0.0539757224754675,0.015423947370201807,0
59.5,3,0.12139107332597909,0.10296987383078236,9.824442406058681,0.054408211248775956,-0.02574874925509943,-0.013793107441206681,0
59.5,4,-0.03982351966862247,0.34609003987477993,9.732372070565066,0.014743256121437702,0.08145540750273102,-0.08512584801808637,0
59.6,2,0.2963915030967915,-0.09992251105192494,9.694482919376105,0.030462186793847757,0.07646975041332092,0.009461845271312622,0
59.6,3,-0.06625892591226912,0.018512876473101285,9.88922673697961,-0.04315829347183784,0.0819497861795582,0.15175743933849428,0
59.6,4,0.014039159890651257,0.03368117159080083,9.767878196459247,-0.0466213391410048,0.013018074704835961,0.05086122998689646,0
59.7,2,0.019370230711333616,0.13276766299693382,9.829978863897054,-0.002483334486636547,0.04857100691018317,-0.03998722875914858,0
59.7,3,-0.17842819939687854,-0.10597067252714819,10.12019506133355,-0.037938803308096194,-0.010264049566666905,0.007918783260922093,0
59.7,4,0.053020849635977696,-0.10655269983912206,9.697792350403137,-0.03662970208520867,0.10130980547849643,-0.0019549003121415854,0
59.8,2,-0.14450433647950364,0.2053883844981706,9.604063821350069,-0.027796250772628425,-0.0053308258136220985,0.02425584825463671,0
59.8,3,0.08355242430303986,0.09638325501758932,9.54566309115025,-0.007663043538491209,0.04393799364381466,0.010648237653914504,0
59.8,4,0.008148010534695464,0.23518729189410462,9.700473041761729,0.05026707053869847,0.07784291123358458,-0.029011901399349428,0
59.9,2,0.21055532220619155,-0.03878969640492177,9.804861012178076,-0.04231141539834965,-0.010691631996778743,-0.12129127417726536,0
59.9,3,-0.08452944091955591,-0.4138925127337495,9.819557314004633,0.060273053948990844,-0.0316539744894426,-0.030862625479704465,0
59.9,4,-0.0013593212613185095,-0.17317554548938766,10.180109707314358,-0.020849918752071657,0.025314128983241597,0.0004134705837671973,0
60.0,2,0.13300908744219073,0.254279535364433,9.8441420962324,-0.05094417592409528,0.08077387326381479,0.006997385866130976,0
60.0,3,-0.02349992970070182,0.24337570890085458,9.626258065307141,0.004325230957407977,-0.08835359969008268,-0.02530156551013564,0
60.0,4,0.0203882843331134,-0.13932893039630026,9.810282993903277,0.029634161396522314,0.01051923620848898,0.015706220501175875,0
60.1,2,-0.34365969708977145,0.1666931500220258,9.998530809532133,0.012743567188701628,0.04518265328158755,-0.06962606344919313,0
60.1,3,-0.0013818715788800186,0.17103545233897885,10.013313841150604,0.01524882227682076,0.0063752609646531054,0.03142128363893911,0
60.1,4,0.02563320777725508,-0.07596600348113114,10.097008541777859,-0.051204531637861206,-0.09050518322609516,-0.025438529011500607,0
60.2,2,-0.2270503485524864,-0.2626319511058516,9.90519797150269,-0.008964655520599066,-0.07993889132935002,-0.04230073437823474,0
60.2,3,-0.07264553583869533,0.05017207482494055,9.788731128547804,0.01834585985287032,-0.028692044904490357,0.003989265853003357,0
60.2,4,0.2098835822336234,-0.11394751891447599,9.726930434350136,-0.06274439122042329,-0.05289532293871695,-0.03214230928957709,0
60.3,2,-0.3224019036127306,-0.28363014718169244,9.794124766392624,-0.024918480382386227,0.05250921805328682,-0.013368171894005021,0
60.3,3,0.04608705174021731,0.20325747605181266,10.048149811155046,-0.004254173712659142,0.1302357367027674,0.08807261834139135,0
60.3,4,0.06076615341877986,-0.07843859665696735,10.202347084455077,-0.028402769277532647,0.005967467032178438,-0.1410915076774972,0
60.4,2,-0.13377791929273372,-0.28071818971382534,9.947399001255478,0.024341235783210357,0.04630657485894255,0.008116222850152536,0
60.4,3,0.24756612671741404,-0.26433951405547024,9.841039264502449,0.04602108485471091,-0.008164624153038454,-0.06836685082028097,0
60.4,4,0.046506949292875764,0.12770309971744984,9.726956521107486,-0.025637625206724097,0.01656613787163613,0.03234597674061346,0
60.5,2,-0.017704045865085134,-0.19738561885249425,9.581447796574654,-0.06480203777577109,0.029186292251256043,-0.025916528534598665,0
60.5,3,-0.14342668983954773,0.07394524903276906,10.228241323873327,-0.014230531087478482,0.005069980889028892,0.012604384648911183,0
60.5,4,0.1170358924311189,0.031063659596111494,9.904672965992848,0.016204867936242852,-0.015368391597827324,0.010169998513436404,0
60.5,5,15.21945188983732,-0.33132437056084674,9.724937702289925,-0.02357935957223019,0.007948598535311003,-0.058072748736065986,0
60.6,2,0.24530589451369922,0.027846097966336872,9.62781579502336,-0.04282810062579492,-0.012055069346561613,0.010531972868922147,0
60.6,3,-0.21583926814053497,-0.100566143251163,10.209318694772508,0.0500947904927057,-0.030193299857105466,-0.0017778107527924758,0
60.6,4,-0.0325909637108806,0.06759286176979347,9.751081509495387,0.045386857850565475,-0.05308776128161446,-0.017370655597684723,0
60.6,5,-0.18105187147117785,-0.11718040378740771,9.899103165246236,0.03327184765017808,0.07750197867870695,-0.06504386116196624,0
60.7,2,-0.3338980667946856,-0.4496034783993976,10.063438936689282,-0.0238042491581248,0.1066677593990278,0.03988453480904765,0
60.7,3,0.1928674523947631,-0.11967783381461271,9.873587029061644,-0.057736383683315975,-0.025178901211226984,-0.018998976914631385,0
60.7,4,-0.04644139118031218,-0.008111382633929822,9.549740860211958,-0.08667046360628167,-0.019093397885523774,-0.07058684763659527,0
60.7,5,0.11349387549026456,-0.12907497929164127,9.758927939826366,0.020392784163373076,0.013197775010476002,0.08830304606443544,0
60.8,2,0.10554686252146449,-0.17550125212029266,9.674665955361402,-0.009541311629745919,0.08845635887731396,0.07801529553479859,0
60.8,3,-0.04173952767511063,0.09913357479013596,9.38664675173395,-0.0007004085385079521,-0.07925742559999736,0.012400444954200755,0
60.8,4,-0.22687017857328207,0.1329530926105064,9.710428354840795,-0.027324333727646224,-0.02156734923348143,0.004607973573315702,0
60.8,5,-0.08226654964465664,0.057432899205648785,9.687847561430067,0.07732001685263273,0.05696608135789755,-0.06910380770022694,0
60.9,2,-0.020384689378656264,0.015009496870249404,9.856941244446913,-0.014631561365038376,-0.020642807504370368,-0.040279097829981035,0
60.9,3,0.037492169589550636,-0.1939200155257525,9.898245295783255,0.09522142671167746,0.048319247199951856,0.05943065393695615,0
60.9,4,0.12579627901696497,-0.018336290713147914,10.022216896008029,-0.014124898597008918,-0.011379192367977624,0.011646228491435638,0
60.9,5,0.039389068792361426,-0.11583527779699572,9.820246182193184,0.014871236328771319,0.02886799231749128,0.0029400262846661102,0
61.0,2,-0.08043090916074458,0.2395742349811034,9.746486496466979,-0.03574513474197215,-0.059563087518325675,0.056559259907512066,0
61.0,3,0.2136902443702379,0.07258567380509257,9.585053662142311,0.04163982961002578,-0.027242638264379823,-0.02187413115478623,0
61.0,4,0.3194843209462958,-0.1920661404563927,9.893176060247143,0.10631184742739042,0.004047937917439336,0.0632116035246737,0
61.0,5,0.20375874973584748,-0.049198636989233824,9.766875066365898,0.006090319394309501,-0.06172897901715081,-0.012473837309477112,0
61.1,2,0.14351941315319824,0.2861783831121648,10.005811822832994,-0.05149306214944305,0.0046944559810965306,0.007356467523668319,0
61.1,3,-0.2902146724493754,-0.16011131940089762,10.2731006589384,0.018628902658411776,0.013178614658676006,0.020946329081816515,0
61.1,4,-0.1553656699617385,-0.03551280795859379,9.712513772684582,6.195293314860936e-05,0.059881466545690536,-0.033199173459269676,0
61.1,5,-0.20234739440591942,0.1327103622552464,9.97669805970984,0.09268762196774377,-0.011457481418373258,0.06086760795027638,0
61.2,2,-0.30689460625480464,0.08703942393653605,9.877240048268932,0.0034831333580000734,-0.0457300675276257,0.050073112696653224,0
61.2,3,0.21844966667831156,0.020126032600526495,9.529951449103505,-0.06032432468378845,-0.08687969336825253,-0.003160684110219031,0
61.2,4,0.06171545499544251,0.5248868904941578,9.731459510981747,-0.012449632674456855,-0.06471187032886709,-0.03942324747472745,0
61.2,5,-0.4141628545021087,-0.03574035194329288,9.8515591543748,0.013180768930467077,0.05490639714098781,0.0815598822790014,0
61.3,2,-0.19374838577987485,0.0455737305349877,9.707263943415658,0.03137495829056552,-0.03441796329027198,-0.03472646496155053,0
61.3,3,-0.09105108368950324,-0.20239151978029699,9.909675385035149,0.021041477697104325,-0.0012236264416293887,-0.017146483435827628,0
61.3,4,-0.31155515842735626,0.39084788737115,9.516539196896497,-0.033385314993084746,-0.03824385521359367,0.026464222344529727,0
61.3,5,0.47027497870423346,-0.2055814459249683,9.596472547058207,0.07419360586818842,-0.062430256386193386,0.08541158825953757,0
61.4,2,-0.20934168849238577,0.1998118604874334,9.636712037448726,-0.100435003678318,-0.12904599270026199,-0.0440679317158989,0
61.4,3,-0.07167619493241947,-0.026477051230302084,10.04164926759275,0.023668039275465732,0.05723882204977811,0.06734766479033549,0
61.4,4,-0.103623448701219,-0.16319636319984912,10.216196499247665,-0.00446107245017289,-0.028519161547833877,0.06475195310314169,0
61.4,5,-0.11112584789513391,-0.02345518937180974,9.778827515688114,-0.06418291699570773,0.0009937625468577642,0.031845811599216255,0
61.5,2,-0.057216106342839204,0.1760029102136482,9.443188164902958,0.00635806306549271,0.05315269643454861,0.007346792422162779,0
61.5,3,-0.0763536439003786,0.08385588406014804,9.751959913634328,0.048756155908563845,0.04870242103706976,0.07324301039703993,0
61.5,4,0.06877254561386813,0.0165151652727841,9.756547542943842,0.027119724837190065,-0.003193193044334758,-0.04045042212265541,0
61.5,5,-0.11304893540240855,-0.17646776061384,9.8434456754815,-0.04845383650899854,-0.031124158084314735,-0.022720872602415742,0
61.6,2,-0.23116136746243715,-0.2276222595474902,9.909527375011265,0.043634129962528745,-0.024072168718723724,-0.027424383781129553,0
61.6,3,-0.44874890524897526,-0.018949131810175785,9.921465774663723,0.018503908655935576,0.0007496419827408645,-0.030430748836868617,0
61.6,4,0.06679554848159126,-0.14454183770540668,9.57624128651015,0.007417934224325253,-0.013863418662290539,-0.045738318836057695,0
61.6,5,-0.3240823686884624,0.09737268484876857,9.659052947982913,0.04144817638894188,0.00803957214828611,0.015873760201551925,0
61.7,2,0.1461101186333367,0.07946860900743663,9.513824624994168,0.01471533651375234,0.07878395035639575,-0.017919667848667463,0
61.7,3,-0.13921870678830917,-0.14814770741277639,9.72513296603851,-0.008298392520765528,-0.04300046196593863,-0.022514639960306487,0
61.7,4,-0.15458097020313166,0.0869808162741593,9.694085831113341,-0.011579907166029498,-0.06697618077284302,0.0006837281652609923,0
61.7,5,0.23760745426401636,0.03450195944796107,10.223263664660752,-0.013663815038758478,0.09125513239455538,0.036719314450912664,0
61.8,2,-0.12293247391842199,0.12255547625197889,10.003992976148202,0.01855798566560234,0.04614641392847033,-0.039091653010693034,0
61.8,3,0.17611879305596012,0.3821080619166111,10.030697839088747,-0.0012938183094236833,0.050769063380142004,0.024768747303435937,0
61.8,4,0.12266877755149129,-0.12256339037883882,10.055952166549437,-0.041389748287063155,-0.04715700102978308,0.050935531529551416,0
61.8,5,0.20635872323384344,-0.2434826065443152,9.739226030142968,-0.026775528326985678,-0.01658014912926195,0.08535841389684362,0
61.9,4,-0.4030463620362193,0.037868884408588745,9.81877889090097,-0.06408225053197597,-0.03369141251640267,-0.012531216921036169,0
61.9,5,-0.16261396237477316,-0.056664501180932726,9.556039469223096,-0.030323092690796652,0.018298212310005234,-0.0591551882446692,0
62.0,4,-0.059296824511736394,-0.31068961544705986,9.888395555085529,-0.08121877358205382,0.02726876109739685,-0.041206323869460444,0
62.0,5,0.14661359289876272,-0.1260299549833983,9.532481110884936,-0.015562973153582751,-0.025185763637554006,0.1312951710548234,0
62.1,4,0.256544173517516,-0.23452587923640575,9.844887807875518,-0.057106667123549476,-0.015404622246405606,0.09736644516716846,0
62.1,5,-0.13520645097613807,-0.1358667187373602,9.748785641063021,-0.004901013596989538,-0.039489149949188604,-0.006430738827065727,0
62.2,4,-0.23578729071951887,0.07507369255900782,9.578065205351987,0.06706670719280518,-0.017482583709706675,0.04812217688514874,0
62.2,5,0.2626028733810984,0.19373917865664328,9.879559510403318,-0.016776370799382653,-0.06128102477991265,0.06472452491925544,0
62.3,4,0.37719966380690906,0.17883049063036477,10.065733866840777,0.02694657890248551,-0.07351313932385424,-0.07708418514183715,0
62.3,5,0.0999809342795534,-0.17671734605297754,9.417260634199991,-0.058792189916979744,-0.006144183301865157,0.004452643628264796,0
62.4,4,-0.25644218937960817,0.15900895024800443,9.786075993637384,0.07280680599377952,0.11215894316197215,0.055255488761657215,0
62.4,5,-0.21246073887785935,0.15654766453876967,9.82488935954297,-0.02244777096625911,0.032559542529209555,-0.05381594717137166,0
62.5,4,-0.07641780991319466,0.1853756951240585,9.858069474577375,0.027034756952266155,-0.06269099226729301,0.1357631278416878,0
62.5,5,-0.11281564500971467,-0.5874441873223238,9.4851646300331,-0.005647587499765594,-0.07528977870347302,-0.0639259591773569,0
62.6,4,-0.11912861988453977,-0.27676004279324035,9.761443195750326,-0.05699837613473694,0.013261693730518968,-0.03847668268181958,0
62.6,5,0.15919003192071046,0.2708797377986814,9.678260923400432,0.11745591630494406,-0.011137191680582824,-0.038758406948034715,0
62.7,4,-0.18796171289117528,-0.01686704107014784,10.07608926382957,0.037780906031156386,-0.05886789617435356,-0.03882328718359224,0
62.7,5,0.3190641013590604,-0.06570354315885511,9.560036290271837,-0.039021049663304025,0.038287738491744196,0.07121068773541758,0
62.8,4,0.26994706287614384,-0.17954205932798228,9.812628081861519,0.012564599800107146,-0.041640137410582465,0.03746349697254824,0
62.8,5,0.04092148376583243,-0.09205123081838626,10.044905371005271,-0.06876502506411254,-0.041206280615669666,0.01292814773696936,0
62.9,4,0.22448425202569677,-0.33576224064039484,9.83843356165724,0.04143127949623294,0.1141148421097248,0.01696263003058858,0
62.9,5,-0.20249262710126192,-0.2250260883302304,9.850212205707157,-0.02478989707339045,0.04220089094147403,-0.10144577115843059,0
63.0,4,0.04272596639547904,0.11027209235188909,10.103072135395092,-0.030948928836969897,-0.03033175758267044,0.08735874280545694,0
63.0,5,0.0688406429319705,0.21335617446654598,9.67340640486666,0.04983434920404909,0.021906636007776707,-0.008819543932947106,0
63.1,4,-0.3103611441310346,-0.1713070351287217,9.839837563737184,-0.01634937457783647,0.00896840477938375,1.932735872779088e-05,0
63.1,5,-0.27334217211871387,0.13051925051926538,9.86591661673522,-0.11029866902695276,-0.05327941684208404,0.05641698709261325,0
63.2,4,0.23218954713307213,-0.12692230354849016,9.501841991006756,-0.012374798038694604,0.0004318627231710852,0.0702055466082172,0
63.2,5,0.1125807542919882,-0.26143864129591593,9.708114597962476,-0.037650583158003244,0.02402560245830488,-0.05768986488284224,0
63.3,4,-0.16114745746628412,0.524663810546867,10.365389872334584,-0.012290533939158027,-0.0657658777604496,-0.06768565017970632,0
63.3,5,0.24065618980391246,-0.0539733505192515,9.862717532603448,-0.032134290246234654,0.14822580416328143,0.03530829987897533,0
63.4,4,-0.2081718681443991,0.32726746622394154,9.61488285417874,-0.037525167680168545,0.020121179876815436,0.02002464434861473,0
63.4,5,-0.2636400880881313,-0.13067875437678797,9.88202524199936,-0.04951692393315701,-0.05531524375001943,0.010433278566870006,0
63.5,4,0.23005128448889103,0.1455922034558735,9.82347099106948,-0.09341003083311555,0.06761010759952128,0.0007227483912285304,0
63.5,5,-0.13739832157841508,-0.013152202157006835,9.69759821931585,-0.08783234851740196,-0.12332158779550671,-0.03641005280893355,0
63.6,4,-0.36234380554903556,-0.05119616700760702,9.872472321362675,-0.03004033582910448,0.01816045429351416,0.05012441010644293,0
63.6,5,-0.16944167417715467,0.10608299548212848,9.924969601344605,-0.010625686419256295,-0.06638227237473023,-0.02981032044780481,0
63.7,4,-0.22313084814933332,-0.026697141235090094,9.776631136565191,-0.03341817733072026,-0.004103259489252465,-0.018776830055842124,0
63.7,5,0.38224148053849905,0.3093714321462886,9.856056024656255,0.03858527691486932,0.04265982138926834,-0.03241036353063044,0
63.8,4,0.5841503242200179,0.2965340281081448,9.662152097937495,0.0581411025523805,0.05106821857852864,0.05083870735562451,0
63.8,5,-0.08727222261607188,-0.08868657353135259,9.906890319702951,0.0027793501640350285,0.09618232220520144,-0.0026918702942983538,0
63.9,4,0.011636864555955763,0.2736959710426712,9.897871291024785,0.0279828213155631,0.010030150702660556,-0.0009800346960285558,0
63.9,5,-0.1266116917435823,0.07892640263023332,9.85649063889875,-0.047387488261489114,-0.013563726051485044,0.05368653692928435,0
64.0,4,0.21841217724996984,-0.05680379897074207,9.815864652188713,-0.005410276843052506,-0.005585366091329678,-0.00399381672199329,0
64.0,5,0.09474275895918033,0.33893947739375724,9.682029253752948,-0.07531548675225881,0.020164827690312952,0.035719579036047715,0
64.1,4,-0.06491885953120141,-0.048906781673744154,9.84576023598216,-0.10145242018224812,0.02253083594405708,0.024833561863338117,0
64.1,5,-0.18716561278118513,-0.02708454894605355,9.653531214758457,-0.01522262543254615,-0.004269838576537746,-0.001979289667428333,0
64.2,4,-0.3977757472587309,-0.012611140158312948,9.3427512809263,-0.0445310784368976,0.01751847282519847,0.010432208440809903,0
64.2,5,0.09694163674811182,0.24755306414865982,9.77135304752574,0.0126849179373366,0.07483583167369824,-0.021765154736415424,0
64.3,4,0.12456459897064212,-0.04551704017232841,9.711097968498173,0.015019771521987758,-0.04181424151848895,0.07212299961132006,0
64.3,5,0.1603541681939292,-0.05880010452151362,9.957281274233099,-0.05333123734575271,-0.015040462182368791,0.002952368394796773,0
64.4,4,-0.22221442579042283,0.05924336528531382,9.901083118689082,-0.03785271202433871,0.05822050809030166,0.04425974472854112,0
64.4,5,0.17916492936567707,-0.019465257194738426,9.705365650514914,-0.0416503634183743,0.024966410616692893,-0.07305652577892977,1
64.5,4,-0.13859751831836828,0.18716508331131326,10.035752576368232,0.050373594230120944,-0.05318181582041196,-0.04848056802974372,0
64.5,5,-0.12672407468783775,-0.05331673365074681,9.69504593048911,-0.03900763202848036,-0.014023258597315178,-0.030787432055910998,1
64.6,4,-0.03915393866565046,0.26377951265842453,9.846651969151392,-0.036868487562927835,-0.01698931549780133,0.05137834772944059,0
64.6,5,-0.11258593025623763,0.020294850706402728,9.843909217753875,0.026101038758305935,-0.02591780514604713,-0.039770241295010236,1
64.7,4,0.16179144943938195,0.12182643085969547,10.241375664068007,0.09259649763926925,0.07482319950209056,-0.05863697341886065,0
64.7,5,-0.0552424224071138,-0.16170278680319383,9.65138117331695,0.02266095087983507,0.04043514561926,-0.051083568024467646,1
64.8,4,0.37955141806875964,-0.027453869014501083,9.806181715039138,-0.02654430271388164,-0.03659057491147257,-0.04551402215513496,0
64.8,5,0.07078236071564879,0.31251874488646075,9.916396224971486,0.0744216885380234,0.01502737439024772,-0.03356073841641368,1
64.9,4,-0.24960616251696743,-0.09095780692685763,9.831937488763863,0.007666391387957066,-0.025246196380846065,0.060714060162830666,0
64.9,5,-0.2722091151133689,0.2410628954377212,9.673742960098606,0.008965033515210661,0.009315873980547512,-0.008111186628249634,1
65.0,4,0.21068050879921174,0.14490619128184212,9.837117679538599,-0.02469489742249708,0.02200569414908295,-0.06499709086407478,0
65.0,5,-0.06314438511668921,-0.1788885896369723,9.898450165306363,-0.0802746581211223,-0.03994389423477854,0.07259827040250187,1
65.1,4,-0.10545543935496984,-0.09775982376891344,10.017669997590515,-0.08324729659755019,0.03183027343997372,-0.022576603788148915,0
65.1,5,0.09601242501792417,0.1895738331683336,9.739816870824916,-0.11121108328844112,0.021985018532189305,-0.00469519751106082,1
65.2,4,0.1754775852378893,-0.10649919598860176,9.619522562292705,-0.015779673428526885,0.022099889994561476,-0.03182843595081303,0
65.2,5,-0.13201530948808934,-0.009216923151127118,9.976879259375979,0.08859238350058352,-0.05486255322766557,-0.026379034170751214,1
65.3,4,0.0997290407797991,-0.3885998894478182,9.685365551510522,-0.07288222810069012,-0.10326734483930214,0.028179081257678804,0
65.3,5,0.13550476038078904,-0.016489296477876777,10.250237565119198,-0.04542812407634217,0.019050522070065336,-0.03725063057579899,1
65.4,4,-0.1524094356264901,-0.3950057216951939,9.736376272556813,0.027004214762951735,0.07517930563552294,0.03245888601958722,0
65.4,5,0.30284058584866286,-0.1842545481181346,10.017987393541082,-0.007740554772945118,-0.02028063434680709,-0.0731800556405191,1
65.5,4,-0.07159367895193894,-0.09033148887308455,10.087150745446513,0.019345112089720423,0.013283857803203526,-0.009672278425306085,0
65.5,5,-0.34844056052486816,-0.43161812627130197,9.947731454342088,-0.0618375160039423,-0.04726578359179044,0.005209433148401839,1
65.6,4,-0.09875824210504708,0.44304760335627436,9.868549414241123,0.08294622729581985,-0.0015243197520582335,-0.035600343426930546,0
65.6,5,-0.1131786198014711,-0.0319766671198081,9.601335036804741,-0.07606230425846157,-0.0754707274332756,-0.004783924823249579,1
65.7,4,0.24163710921791362,0.2130966122503943,9.727728130613873,-0.07232913885459018,-0.02136097320683548,0.01435883136396094,0
65.7,5,0.18632451225338995,0.4878822924354353,10.066048394419045,0.010737089547114642,0.05524979685064401,0.029692076915166322,1
65.8,4,0.0469134988513388,-0.11117824362159504,9.9426515108167,-0.07399821240358918,0.037889732772057094,-0.016348081888331503,0
65.8,5,0.11276313606065258,-0.09588087289600494,9.525446517459354,-0.018533277383466103,-0.06249368036327815,0.03612529519018748,1
65.9,4,0.055022599018194646,0.006653319312128404,9.796026776808416,0.08910427668208165,0.0014065454873852163,0.03861588178290125,0
65.9,5,-0.020581564991767606,-0.02876537669372214,10.06415698362756,0.08252167121367399,0.04177293018070105,-0.02588650179494574,1
66.0,4,-0.08355540843420226,-0.15532937564193502,9.899984738592329,-0.08120600485366118,-0.035378325287471965,-0.00835513184297964,0
66.0,5,0.10890421474795045,-0.17767851719493477,9.986759982397384,-0.08421333585397622,0.04629414708819927,0.03976017384284641,1
66.1,4,0.12178904764782461,-0.006154745561109239,9.695661379123504,0.02137737843538669,0.059267892169507876,0.008605531782911317,0
66.1,5,-0.22185701885033038,0.3383257664516497,9.713194422360893,-0.0030888091048015785,-0.040732940181534616,-0.017480940130171353,1
66.2,4,-0.003883495752766817,0.17142427725654755,9.483007997605304,-0.020745942474370636,0.07615806198580856,0.021802050432268034,0
66.2,5,-0.22238807149144582,-0.09056272350292759,9.901183023551102,-0.004064167085356669,-0.03324164745322663,-0.0649101575687415,1
66.3,4,0.22874961680000735,0.10478708526278901,9.529217861767968,0.042539646379722046,-0.06060341515414933,-0.013919371496557635,0
66.3,5,0.12404882223632235,0.13504773817591909,9.778086081065988,-0.0600234153298837,0.037919573026950114,0.056513781553339276,1
66.4,4,-0.05468795091936614,-0.2699627453307466,9.54849346483863,0.017069179890404514,0.008375378989841416,-0.010429055515767276,0
66.4,5,-0.01925304210373112,-0.11930691242203027,9.374100401389283,-0.06366818854412788,0.015285394911112868,-0.0338512421362156,1
66.5,4,0.02132503643658369,0.06507756761832895,9.962783485133942,-0.036895110253564664,-0.06852341854675689,-0.022770005590741604,0
66.5,5,0.22101223752330312,0.13019193648978794,9.962894719554088,0.042303596813792206,0.04253106850420732,0.009217603491889074,1
66.6,4,-0.1570447039907165,-0.03285007434447462,9.903616822496948,0.0059172774637122096,-0.046541660920440826,0.024811043220566365,0
66.6,5,-0.15724071933063002,0.2951756549924609,9.740244814633792,-0.0919899702777125,0.033604202075925564,0.062021800165224905,1
66.7,4,0.1026719405582187,0.056328541523761155,9.945513787579156,0.012354585778095973,0.024462212905419264,0.03746194089948151,0
66.7,5,0.0987600043306856,-0.27795251854334646,10.1544143143273,0.043923754201672244,0.04767819852490311,-0.022096982026464027,1
66.8,4,-0.38165279221507853,-0.10269841311228588,9.975059471768112,-0.08528361419266432,0.03383853919950132,-0.030270696783339324,0
66.8,5,0.009117045848281784,-0.07924836270308896,9.95783319892457,0.010464851253599364,-0.11676974769520088,0.028577833409665312,1
66.9,4,-0.0556318966282955,-0.10930849753796926,10.063901220558634,0.006788528899487284,-0.05932532469523996,-0.05559984988052502,0
66.9,5,-0.1424795274358358,0.016195301672351906,9.688794119807469,-0.005804189550952717,-0.03175075209241315,0.0572011903395758,1
67.0,4,0.15211112199653892,0.1529830374579635,9.885734542306016,0.07367607895852699,0.07798577852656374,0.0625188587333395,0
67.0,5,-0.18553351881468616,-0.45219924654747534,9.400150491228873,0.01417873940137466,0.04396661809236811,-0.01740997004993466,1
67.1,4,0.024811679381281405,-0.05867280556224569,9.65610909146331,-0.05800269461005147,0.05099807007297165,-0.06043104145365015,0
67.1,5,-15.15648278586981,-0.3137882331363114,9.652384342204675,-0.008540013308203422,-0.059425672386867225,0.00396529820473488,1
67.2,4,0.2163265919186526,0.00798682146760942,9.785476892192316,-0.04790755096056726,0.03758134803442305,0.10712847196210591,0
67.2,5,0.30945970651975196,-0.12291536956721083,9.90076719425586,0.050659285330391095,0.0004595632887628901,0.09215169646494843,1
67.3,4,-0.21890612174323876,-0.1497265027578962,9.938004722584974,-0.011873756469750847,-0.01014361760480312,-0.020946217960297154,0
67.3,5,0.13385935099055293,0.202243146132043,9.449945857326142,0.002563063813899519,0.07389971921761126,0.05651767022206168,1
67.4,4,-0.06706562036800523,0.2297803332408865,9.353869131445801,0.0015117496629829922,-0.050518889888398255,-0.007927974418682216,0
67.4,5,-0.02145571522347745,-0.02477170548301921,9.835041169512108,-0.0022169149814817326,-0.09122595043925824,-0.04035014365377135,1
67.5,4,0.08550322314101633,0.14255183163991889,9.834105071303625,-0.07166751509053897,-0.0796753192714839,0.023241855839871397,0
67.5,5,-0.0370151377153752,-0.03051229332142559,9.872673868186022,0.02515333010275337,0.0413932947700883,-0.053285487681484806,1
67.6,4,-0.22656140925572116,-0.1789793836815362,9.506330866060514,-0.021456375977325304,0.029985962594397744,0.00037712580430222754,0
67.6,5,0.10947075405960081,0.28123063178888696,9.8322710146521,0.05414523116960455,0.008869042423991252,0.014989897585582902,1
67.7,4,-0.048040872784659315,-0.11999691530179338,9.664569684367303,-0.04874987479461061,0.03762287150028363,0.021539322184298295,0
67.7,5,0.029113147012729674,0.009638268111799426,9.752763287709563,0.020603870040879768,0.012907839333218554,0.015812282393154187,1
67.8,4,-0.2484899099291749,-0.21416642636385685,9.85777740722747,-0.03455323757275701,-0.013206479538879183,0.03674294056181965,0
67.8,5,-0.22828952093216706,-0.11067872853001381,10.11645635658458,-0.08822836045884053,0.05754396456388364,-0.048434267484248415,1
67.9,4,-0.266282319160613,0.09649835771768711,9.356434784743527,0.01144317847328474,0.02611569611302979,0.020309462933331985,0
67.9,5,0.10730983749495115,0.14812245225110746,10.100376570772186,0.09889866226726728,0.018535433721041862,0.06139793587514528,1
68.0,4,-0.23689776686987993,0.16025983778635144,9.881803294727087,0.045428275009503825,0.029727783508787083,0.02883244526828054,0
68.0,5,-0.07127244871856689,0.10166619745806325,9.893321593165329,-0.038945947069016815,-0.018710557606578342,1.9418796211809398e-05,1
68.1,4,0.13952678284720343,0.10258838663427504,9.370950231377336,0.02313379869660507,-0.01914967759044886,0.007887562614840336,0
68.1,5,-0.08720509179723838,-0.011321094930267096,9.522199508663263,-0.037457504643126166,0.009301316015535339,0.057968684589522514,1
68.2,4,0.015858202878478552,-0.027075806248707698,10.110729582593269,-0.0410634952201281,0.08151764863997246,-0.003098340314136994,0
68.2,5,-0.20413969792583098,0.2554591703911226,9.911908337586832,0.012729292584938011,0.03822480509837628,-0.0018052061492860563,1
68.3,4,0.47138132296195984,0.023629360624030777,10.005035976685905,-0.0876067271186497,-0.054614684903702415,0.09480200722164238,0
68.3,5,-0.10402599228849192,0.08882017666387271,9.884508515417195,0.049172002985624026,0.07979731399755866,-0.0063776455301370084,1
68.4,4,-0.15859279808369098,0.19327114784685673,10.051098283922117,-0.06754520277234913,0.009731537400955594,0.04580339841080134,0
68.4,5,0.06413603278621581,0.02943495355025093,9.582356068952535,-0.013464590382205861,0.04994775119554165,-0.03663606306098632,1
68.5,4,-0.4228272308156988,0.34721975178978737,9.995026861299063,0.03451012001313061,-0.06293835760108843,-0.03350526642911713,0
68.5,5,-0.14935914922660662,0.11001217666082529,9.66701200125128,0.057718506506415336,0.03937670979767958,0.02002951222545944,1
68.6,4,0.18047002392564362,0.16549752300774473,10.055590294255548,0.07103436591897483,0.0011170726537724806,0.010586715826407857,0
68.6,5,0.027378395546962277,0.18078082599337483,10.03641680676373,-0.01497304946925033,0.08505321548323276,-0.0378479391241902,1
68.7,4,-0.17013492917493245,-0.06337946284880273,9.65432804550936,0.05488680692128314,0.15987929610003673,0.039578741919605004,0
68.7,5,0.15930255307568442,0.1967993969879096,9.907162217765908,0.013484694235887162,0.026149408975255917,-0.0805068735082574,1
68.8,4,0.2460108336256619,0.06841321167449732,9.668875585434503,-0.03384129731580254,-0.0457255627326929,-0.0028674209542183726,0
68.8,5,-0.03577229615055432,-0.0732274740059211,9.873236461225565,-0.00031072471332799874,0.05680073238029926,0.027563112465383385,1
68.9,4,0.11472370115100644,0.27013649379046073,9.450162936566569,-0.025069312756773234,0.11066928584722063,-0.04311607764435788,0
68.9,5,-0.1622751856871546,-0.1790650733425934,9.53350034088775,-0.016592799176058135,0.0001824432719287093,-0.0018626407205051534,1
69.0,4,0.13533716447653932,0.3210099218827906,9.635688997901395,-0.03201433448816646,0.12521666068250756,-0.07111626453978682,0
69.0,5,-0.028257563517957975,0.09941451449879196,9.757642474264486,-0.043703990124814185,0.07043232155227779,0.01472097628991717,1
69.1,4,-0.028765007618974544,-0.04083263947491393,9.76095394006123,0.05594583532323769,0.03077453719103105,0.007930119328694637,0
69.1,5,0.17351405829870573,0.23973777841711735,10.108742742133767,0.06952460168839919,-0.08531816970605562,-0.01288415608579501,1
69.2,4,-0.32134332126248033,0.28510650471094895,9.920420579728747,0.06607435091297287,-0.015143663340218758,-0.034571019192814884,0
69.2,5,0.06921139604844588,-0.09918399162834354,9.471277241749496,-0.0210755486515078,0.05374047407727023,0.013424941898370133,1
69.3,4,-0.206228997165831,-0.1970938064890907,9.885513928142235,-0.044561566846007566,0.04426920812349771,0.02926239690542286,0
69.3,5,-0.08661065022821118,0.0013767720488698917,9.753788960583261,-0.026156455124511226,-0.02873408157554562,-0.06443369209095559,1
69.4,4,-0.09380558210870464,-0.06264428570364784,9.701793796720901,0.04279150243326171,0.010511806654765563,0.02570522859997687,0
69.4,5,0.020562836485585535,0.034462766149089184,9.985703028839442,0.028207998873210932,-0.004741726851355801,0.01680731785159224,1
69.5,4,0.11010799357101458,-0.160901595330344,9.61535212751051,0.022444907606532886,-0.046638425545148764,0.005703490130850525,0
69.5,5,0.2818454736515895,0.28932976058812726,9.73536024765965,0.005108453534190507,-0.03599493579199513,-0.03426586514470557,1
69.6,4,-0.29569271087237964,0.27096465027736705,9.868087155624764,-0.06856103915807657,-0.05650008895831197,0.0477795796468562,0
69.6,5,-0.20125389550203454,-0.05841516131207025,9.580013905243415,0.045101178999798035,-0.015009391434103434,0.07029798263872536,1
69.7,4,0.030707917461461343,0.2879234830340956,9.970946483431952,-0.07566413593622426,0.04324741661566444,-0.023568650873351783,0
69.7,5,-0.09904226926588569,0.04719008439661923,9.545140319011956,-0.0250523156385652,-0.01885816062895864,0.001694148002597884,1
69.8,4,-0.45665487162145935,0.15146065262377795,9.624695795443978,-0.05079973039257393,-0.08475629123154833,0.04137944035745927,0
69.8,5,0.35378690398826634,-0.006661386512164883,9.80899145569444,-0.08922827284939089,0.03772548943928282,-0.024174371143843947,1
69.9,4,-0.08921448499582452,-0.08297833769742002,10.005065525790208,0.015317383691557808,0.050946627925814725,0.021844011817098115,0
69.9,5,-0.32735708133375335,0.011275712957846263,10.057802291821098,-0.004311943432061704,-0.015242377356505799,-0.10900240470445342,1
70.0,4,0.21351724146975287,-0.20189202586530686,9.763778495180569,0.007443701872516236,0.0007706681640629263,0.010093088773270528,0
70.0,5,0.1239683751014906,0.03463834784995444,9.680005177916017,0.021391066794568054,-0.020752335074334872,-0.06166892424347257,1
70.1,4,0.022697423210012016,0.15146471299456277,9.591679069089091,-0.05607065153644817,-0.008799015527836275,-0.0017310035070162437,0
70.1,5,0.04753689883789583,-0.17071918523899682,9.867993536860578,0.016116491206052616,-0.0639962859993533,-0.04784921012297766,1
70.2,4,-0.040466142035858264,-0.2023269386851697,9.908347237709796,0.027326945715315326,0.0739788449988173,-0.04369174196504029,0
70.2,5,0.1836274151972047,0.013028420621430068,10.13150240049305,-0.01432069970864939,0.09538022246780528,0.09097558122856658,1
70.3,4,-0.10690543580553316,0.36163460616018067,10.119197662732168,0.055894897772969514,0.03877628545107977,0.07486152741890323,0
70.3,5,0.2267317317231281,-0.2288353891451661,9.751232886981901,-0.05361526445495673,-0.0749139318144078,-0.02950013785957552,1
70.4,4,0.10689346384613355,0.014609748043495803,9.596208213418798,0.009034870651663042,-0.0317420439189067,-0.041816604787297824,0
70.4,5,0.32008726562073236,0.03548557754270892,9.693379865819967,-0.010643779051683906,0.04429055879280612,0.025940019082102417,1
70.5,4,-0.0020886684227167523,0.011372601365834178,9.639545489977891,-0.13632134470909607,-0.07880496859769688,0.05365954784786479,0
70.5,5,-0.060691594765940604,-0.27832825067036077,9.791113485933902,0.0606211544272646,0.006516314381076679,-0.014928858121536357,1
70.6,4,0.2370739502539319,0.0886140838340849,9.840943924186973,-0.030766677392828297,-0.03004943512975787,0.03650535322670736,0
70.6,5,0.08201167489330852,-0.16552185716632797,9.606917151850638,0.05315804295451396,0.03246087316664747,-0.04403700143499516,1
70.7,4,0.08979545743078868,-0.06914764239074793,9.854910013109519,-0.05284771137390762,0.014840551306766942,-0.09151281482616808,0
70.7,5,0.2523128364580226,0.08202999150106334,9.860786708839946,-0.07644723524143546,-0.01085007204075079,-0.031509461213381995,1
70.8,4,0.16113527456190124,0.08305887695008207,9.497794264200586,0.00942914779252057,-0.041495274704330586,-0.029280813692176968,0
70.8,5,0.11033594022864322,-0.16269294847887528,9.457341283605261,0.0047924257454570116,0.001491303607626596,0.08548893007738045,1
70.9,4,-0.2723559079777948,-0.1189274998833255,9.673662596156918,-0.06799431619714778,-0.06285124292893261,-0.018818031103289248,0
70.9,5,0.06634531895273603,0.16116116792685245,9.827172078072945,0.11342283276746279,-0.04008866893645313,0.0804550761138649,1
71.0,4,0.06121108363669904,-0.5346267588040574,9.654038161743491,0.03657811778693875,-0.0494720125772768,0.03387393902810896,0
71.0,5,0.21404856263601998,-0.003909337756504835,9.871966955785517,0.010958359501942848,0.07286433762229676,0.04076900275864845,1
71.1,4,0.18272287774457524,-0.06148083191167887,9.867905234309065,0.04161916203648039,-0.045535671402041754,-0.036802661698598436,0
71.1,5,0.03514213716587451,-0.3174968887561078,9.636312777809987,0.1344096712680723,-0.05889020395106603,-0.05517415131701517,1
71.2,4,-0.2768881380243704,0.16862767883271867,9.933506718056877,-0.0489501963681602,-0.02823224859453964,-0.03980563783452394,0
71.2,5,0.0003957784964820445,-0.1978796452354036,9.702187975621385,0.01600660916136235,0.05605738536397048,0.0631781598049055,1
71.3,4,0.007204073707787254,0.1466751982994444,9.913735336762592,0.01771118557480044,0.05446770587647923,0.045277317239747296,0
71.3,5,0.02279061800178237,0.18960516102783165,9.524133208149797,-0.0018602007783068107,0.0764180264016421,-0.029779672693292354,1
71.4,4,0.110755739540994,0.06904715311797958,9.696796860560775,-0.025618035392088623,-0.06546003972608604,0.06643253122109931,0
71.4,5,-0.3622325999815782,-0.16626073797359658,9.52876640043715,0.018577033140277484,0.11309676432684071,0.02397210463079033,1
71.5,4,0.6387323108529477,-0.00015245097355979538,9.746859986311101,0.0006621322886479742,0.040112510090997006,-0.0031211108055054114,0
71.5,5,-0.3703034520209804,0.07618123310660108,9.697576711632626,-0.03645655091376953,0.036695948737952046,-0.0018444306430614673,1
71.6,4,0.08394190119403361,0.038063639623897985,9.91271766178356,0.03311236776841711,0.103175994305434,0.0536154694579791,0
71.6,5,-0.096260179181276,0.4381773184237589,9.469410155948726,0.022215789442404342,0.014322865884298541,0.009815130534731247,1
71.7,4,-0.051684581689501824,0.20589373192274213,9.902114948200838,0.021361441858147513,0.014050142440697766,0.019384360935805853,0
71.7,5,0.3079195284700544,-0.21199933566967114,10.003064061893088,0.012062353841673147,-0.017002051289635178,0.05388377287863764,1
71.8,4,-0.06482162579982025,-0.14256620475354223,9.967348388464451,-0.042459651881564614,0.03524530530436458,-0.005640272339362246,0
71.8,5,-0.06315746547352326,-0.23553776459339484,9.653800102195978,0.08726613159436693,0.07365448586837826,0.045712849876453764,1
71.9,5,-0.04079894174143866,0.16607531001084774,9.846074224849392,-0.03841987604590079,-0.03572373611878371,0.018114079504813942,1
72.0,5,0.07334118217424225,0.2294985561217834,9.82318790580537,0.0007319279981401407,-0.025084313981032166,-0.04943718800484592,1
72.1,5,-0.010839751468917596,0.38241445229624,9.97345126997878,0.041482243376546594,0.04955841728746385,-0.04898685756302512,1
72.2,5,-0.060799505080841414,-0.19506899941720296,10.284129111289246,0.06136410593847346,0.0006611583388876465,0.08327198087809809,1
72.3,5,-0.3464836116795661,-0.20691711598150728,9.783160531859577,-0.008507198711853356,-0.009970885402485252,0.07768961566850571,1
72.4,5,-0.14033262875227992,-0.26620608343619895,9.819136053735878,0.04642138159987434,0.035705548547369126,-0.00950044076086645,1
72.5,5,0.1066588099586665,0.28031636003273924,9.922154236724127,-0.04821475093678606,-0.029669195245401264,-0.041744248188193084,1
72.6,5,0.04870747794465699,0.16075802340209402,9.754407479866863,0.0005803347825138408,0.10321924924220044,0.03871971834303249,1
72.6,6,14.95200697553168,-0.3227493509192717,9.544419071031134,0.01791573697299404,-0.05239958656240123,0.029588535097572106,0
72.7,5,-0.004995697701793124,-0.09933603357285492,9.869668123645312,-0.021324589412801728,0.06559481110587685,-0.06433229677792131,1
72.7,6,-0.4650782572813558,-0.010895865558612869,9.806875836444288,-0.03258329143805091,-0.0642520587606517,-0.07121057051456275,0
72.8,5,-0.2743526919645333,0.2520073971049587,9.881289738700309,-0.053288607890495956,0.05880112149830622,0.052845672549003346,1
72.8,6,0.24194532442545094,-0.1602909601677286,9.52206904450484,0.03334562914134333,-0.06655419423089864,-0.048162391573053756,0
72.9,5,-0.1669122205558176,0.13041100146545523,9.760568178490427,-0.042333570014745386,0.013061665200857414,-0.024594872418639443,1
72.9,6,0.04532298703709091,-0.22938642727361655,9.8119589352704,0.017508904715645448,0.014166494877923156,-0.06605592238712416,0
73.0,5,0.2370726562493969,-0.022638709517484503,9.839186563128232,0.02275921223651227,-0.03065399540537809,0.005482856538976895,1
73.0,6,-0.001319813797165993,-0.08732835454123215,9.970323480572954,-0.02154795340018124,0.03661502327761373,0.04867682220685715,0
73.1,5,0.36668253854294464,-0.17042485880736044,10.01691895572181,0.012064041781532302,-0.026548732402033128,-0.00033450201936897114,1
73.1,6,-0.1637139078016791,0.23311661615222068,9.794817541133728,0.06055505420286259,-0.028779884078516345,0.12765100377965852,0
73.2,5,0.34653298100329205,0.1623043617479419,9.963532260141067,-0.09695705974644288,0.06589761980894823,0.01033776901072742,1
73.2,6,-0.3821950587174787,0.019024389857855477,9.740838064243848,0.0074967363465816075,0.0643384649836168,-0.03274455606110741,0
73.3,5,0.11150368857157551,-0.16826874087338461,9.947565849750513,-0.0043831220583123946,-0.026774819404985842,0.012665813404211643,1
73.3,6,-0.0059753913361278305,0.09542119312798854,9.817088955542356,0.03714499014009651,0.02066551899652935,0.03739512141330926,0
73.4,5,-0.3168330200757772,-0.38734431977048095,9.4374263683608,0.01016820105347799,-0.004026540240368243,-0.08505220030687892,1
73.4,6,-0.13359274025237397,0.363996399377529,9.652589930951155,0.04389586142077798,0.04612501116896353,0.05544209653724104,0
73.5,5,0.21904397459044908,-0.14134980001365396,10.031718789234345,0.14112992114517722,-0.03336584082110911,0.01085818282903854,1
73.5,6,0.3094338937946143,0.07296122353437547,9.876774494766801,-0.0795276175457889,0.030969449862284455,0.028573582243554708,0
73.6,5,0.34532523010435856,-0.15400107686098288,9.703038913225338,-0.008832563165817275,-0.050119562537044526,0.038603537211432844,1
73.6,6,0.0032167952320444025,-0.009399554203074346,9.569622514301663,-0.029854545252407185,0.002837997426458863,0.03504377463247314,0
73.7,5,-0.38891059854642235,0.02888516238081262,9.873832154981004,-0.023801083055113716,0.015786286526291726,-0.022501511491443554,1
73.7,6,-0.317536549154449,0.05354457440021868,9.710462080805616,0.05370196116964576,0.0085348777202041,-0.002374660006731259,0
73.8,5,0.13009621124560852,-0.17320784524960475,10.045393267564569,0.0482020357216951,0.05750264102350833,0.007994803192284168,1
73.8,6,-0.1596979427849882,-0.36815998954333296,9.532786989291628,-0.07590059611888489,0.02793833280932001,0.028420161123159413,0
73.9,5,0.1077125937850879,0.0054651432025661206,10.106933734816634,0.010666925072713485,0.04245715702524552,0.027977233512697472,1
73.9,6,0.19703351769112312,-0.1396736788893473,9.886616307666168,0.06958137276916586,-0.0008896694691044408,0.06726349205133003,0
74.0,5,-0.2680129489522313,-0.06686208409412611,9.996017207414397,0.03229661485117403,0.051233466006777986,-0.024930119548491562,1
74.0,6,0.5328907660633652,0.14392482622662045,9.894579288378623,0.018311494931333123,0.02683615851353266,0.03204397408317351,0
74.1,5,0.29819055601927075,0.2236994724481073,10.00384753735051,-0.0006719650357114707,-0.027057766967954255,-0.008297466596754495,1
74.1,6,0.18015629344016337,0.32552907177815865,10.038840040940084,-0.06930914313248655,0.02805444462332979,0.02556942904540621,0
74.2,5,-0.020150807856917384,0.2544361482661348,10.14749823652973,-0.0269059161518157,0.01168533025918575,0.007890918752818794,1
74.2,6,0.08728452587511948,-0.19473012412787882,9.779891604451231,0.01230198092662656,-0.08533992208099894,0.012087800428816627,0
74.3,5,0.33158937024826995,-0.022584564436619076,9.725398039166441,0.012644884890999195,-0.03698532181384861,0.05155519462288874,1
74.3,6,0.18245277804938986,-0.1612970839835277,10.318199857525718,-0.06842815925928816,-0.0005210475981585514,0.0632666877126468,0
74.4,5,0.1332073719725376,-0.15484443812239748,9.854462827131004,0.08432762587311037,0.1242949870688817,0.030795429052479957,1
74.4,6,-0.06786473461948912,0.5395670168768575,9.737391405462589,-0.053565922225807305,-0.08918975423533881,-0.02422015736652189,0
74.5,5,-0.11820746432055818,-0.0018646775495830188,10.153858203802734,-0.046811614637240456,-0.002095834325451508,0.009776923015770218,1
74.5,6,-0.3277600538629681,0.050021551442946004,9.948669282851975,0.01245655949962817,0.01667148338790529,-0.04431127997507892,0
74.6,5,0.2947226868359871,-0.00811638981262411,10.021300592693063,0.0048993801922704895,-0.006699522454491125,-0.0005319948133730329,1
74.6,6,-0.0753353500765645,0.06789278405606104,9.84480827903291,-0.025345551419110414,-0.03228784811012677,-0.056002655645700894,0
74.7,5,0.25003484735372944,0.12307101846850697,9.772421416876739,-0.04598107179351204,-0.015281927209108585,-0.06352670861268257,1
74.7,6,-0.21599466066640294,0.001094197091547705,9.839837883598488,0.0086869381130341,-0.0524426805823079,0.050244295068818695,0
74.8,5,-0.23319901165188758,-0.17241821989942385,9.637249595187404,0.0035212905679907758,0.007562767964815681,0.03732602121885292,1
74.8,6,0.32010178418765145,-0.4173286808877614,9.685645194453974,-0.034193043875054785,-0.06116089139492327,-0.04486882426904767,0
74.9,5,-0.31125942841437315,-0.5150066544751722,9.978641852791817,-0.044336303936423446,-0.0760690388989424,0.01805110678376265,1
74.9,6,0.4664357873919627,-0.26583635014820406,9.9213494630538,-0.1154915582764581,0.08084752310657123,-0.052637559920870484,0
75.0,5,-0.13939222712544533,-0.0628739958100374,9.97331769935526,0.08466900235599945,0.09678718968059466,-0.041496759855740084,1
75.0,6,0.1312749146589486,-0.08626971173224796,9.939324766449928,0.036110431152162725,-0.046064105493966376,0.05126191291340661,0
75.1,5,0.18219042934172186,-0.21468244049218188,9.62235764310866,0.005097684740749091,-0.03714173600314559,-0.07543017203888817,0
75.1,6,-0.14878947243240775,0.2597320832611986,9.877389794725099,-0.0008728057137775737,0.003679019689071389,-0.039570845545779526,0
75.2,5,15.045005881689278,0.13308032012203957,9.901722371653515,0.06134355105319968,-0.1419396156745573,-0.03142318530915105,0
75.2,6,-0.3504857636183787,0.2731932724061776,9.848055191670014,-0.07169072631726388,0.13112200462915494,0.0572785105826253,0
75.3,5,-0.25314185170617837,0.009842121349401815,9.670350118981437,-0.040189316760372594,-0.02901505197022386,-0.03197446251976179,0
75.3,6,-0.013815153850651652,-0.18514932058731498,9.550328355918742,0.005179874046247822,-0.059563401315204184,-0.037015593474414334,0
75.4,5,0.06787801170394982,-0.1465097024929702,9.985791428275219,-0.0401589318735155,-0.057780990580599934,0.023243763112497026,0
75.4,6,0.0010806412516771735,-0.07046190304164583,9.96160812157447,0.029346782334452693,0.03045298883243259,0.03928355641132028,0
75.5,5,0.11716771652973519,-0.06539688148111142,9.756695539437276,0.012445845008439177,-0.02444557734833654,0.017845277843053564,0
75.5,6,-0.17396831417985043,-0.12793153785504158,9.89620217335644,0.025233690273436055,-0.055968458720153484,0.03037110487487826,0
75.6,5,-0.14560479624207306,0.16170583675289962,9.763986621352252,0.04026997122663145,0.0012247609015423845,-0.002753586735633141,0
75.6,6,0.22056816900838427,0.1179566828489407,9.57113976665525,-0.01911759291112488,0.032351587518280024,0.0875302639292683,0
75.7,5,-0.020139348651456564,-0.19271330108036722,9.680160656148225,-0.08242754159081368,-0.023906599984111737,-0.02405757511977041,0
75.7,6,-0.07217381040343271,-0.14321079243463936,9.695270364617318,-0.004328229480093776,-0.013139036125157525,0.016626792679737462,0
75.8,5,-0.09922613162384868,-0.2216927917581268,9.38152060599747,0.018274632669265774,-0.0400983047438609,0.014018575620673763,0
75.8,6,-0.217175731300841,-0.16800717306453555,10.16018443129647,0.07450481778280936,0.011146367297181744,-0.03247625520341662,0
75.9,5,0.4862622654115665,0.32454447303353046,9.939322465842984,-0.01941947658464359,-0.06688823260241433,0.06242159324980352,0
75.9,6,-0.207405624213382,-0.3153253332072948,9.720276766895076,0.034927025154834944,-0.0026678616989363147,0.021311469742962833,0
76.0,5,-0.2890863663784968,0.10047746012688713,9.836293217384636,-0.02683901722081657,0.02846130604736625,-0.061833334468858275,0
76.0,6,0.21369716888580467,0.5366780088200097,9.611970707423565,-0.01927659955170083,0.032008438814565145,-0.02077349552506582,0
76.1,5,0.2641096510306186,0.11211086604618113,9.685307768139175,-0.03285045151834483,0.02115202187037651,-0.02711591367226067,0
76.1,6,-0.3360652469906851,-0.0688220842413988,9.942050846507144,-0.007386400342346374,0.013047058973269446,-0.002883217971812123,0
76.2,5,-0.27852098427861793,0.42287193213102453,9.807667345731916,0.05955334113765304,-0.015904189669220487,-0.02588532545041706,0
76.2,6,0.04805450981662777,0.18892186816515383,10.006670802320796,0.012750095433005003,0.04033846422969409,0.02359697158088529,0
76.3,5,-0.0499432360679104,-0.3444707625466759,9.399649720091839,-0.03295020683580997,0.055128536463000366,-0.08572195596141845,0
76.3,6,0.3049756951687475,0.4921220701550022,10.277907084889879,-0.08185504848942558,0.06410405613217794,0.024634963790332635,0
76.4,5,-0.2899484922900501,0.08212252919686269,9.88159397398026,-0.03609696867238223,0.1051827052618303,0.005719872232567183,0
76.4,6,-0.15325054133123395,0.0013179455744959327,9.812833338946303,0.0390622750964946,0.04130343746374081,0.03238823732220588,0
76.5,5,0.19422002539884992,-0.08294870603637973,10.217567788091669,-0.006766435734882951,0.06697939098354959,0.04400251532505661,0
76.5,6,-0.15446428032052456,-0.2660705873389077,9.86000175425317,-0.03646914714564865,-0.004330929848895863,0.014482194578003855,1
76.6,5,-0.010473300030693466,-0.1204149638255384,9.696943472418269,-0.0029678442854312514,0.05823807879766823,-0.04682686302324662,0
76.6,6,-0.15637775298482537,0.14379117020530793,9.793271234305262,-0.02678690296276756,0.0345929408924262,0.06001736106432897,1
76.7,5,-0.1319173018258096,-0.04450026178347089,10.155033629320988,0.058454419948459915,0.03250907520059197,0.025042866319582593,0
76.7,6,0.01419830248142516,-0.11350511895722554,9.931538435589365,0.02300067811109602,0.007786442452525576,0.03489415415201866,1
76.8,5,-0.4156790619253832,-0.2524869712547193,9.852896909170731,0.04690558986919485,-0.06615185094443304,0.009358925759265868,0
76.8,6,0.04246980256088076,0.010892387144234824,9.726536245861208,-0.04342920381602153,0.03604912175736086,0.08820764930381864,1
76.9,5,-0.31420465323121105,-0.032141641220256104,10.024864086646744,0.0458699141163399,0.0745262484345196,0.0024857252837482947,0
76.9,6,0.0467742732549346,0.029026746928872645,9.906312138100823,-0.07703914919126394,-0.001495629294323608,0.026739149269616215,1
77.0,5,-0.08469743310387878,-0.16330832586938338,9.953398287270687,0.008619830939260935,0.0019938831336034604,0.07792456845378133,0
77.0,6,0.10457061502687946,-0.03468802581336774,9.990041995264061,-0.048988298441927675,-0.02411752109482869,0.013166533854120333,1
77.1,5,-0.11919757061185564,0.05178891454692996,10.069124564968103,-0.08933276521681498,-0.04729398643113463,-0.049689644725645035,0
77.1,6,-0.33886978472023943,0.013172140997565866,9.533453838709264,-0.09593891751439142,0.019821925432566764,-0.0017056628862309943,1
77.2,5,0.1255686757148053,0.02126284001109355,9.88653704812579,-0.019974157557694584,-0.016719737600521586,-0.040020881487703316,0
77.2,6,0.33349193779777003,0.10153355819539354,9.984187634827311,-0.005502460263267481,0.0283360908520715,0.004767475109387513,1
77.3,5,-0.3704026023682457,0.2262272067287317,10.277422106812903,-0.09584049114656996,0.08554371332568739,-0.000596284006574917,0
77.3,6,0.5187661081815628,-0.04916884474441008,9.840484716378555,0.029859993905026555,0.07054705505453933,0.017943298173712662,1
77.4,5,-0.16707480042294418,0.11878516533890336,9.952474855539224,0.05054397567064435,0.002296354109337457,-0.005914108895766493,0
77.4,6,0.13006877469620032,0.5523652379411869,10.09562311781172,-0.013499377321265113,0.036368778924724066,-0.02168767056069298,1
77.5,5,-0.0783974436642166,-0.20830351095594077,9.835142965715114,0.0063739902980088844,0.022073565725757832,-0.012976196411238483,0
77.5,6,-0.10206274080360152,0.18997277378503102,9.596367191232302,-0.06598741506519333,0.0015931183410314903,0.05056214070822277,1
77.6,5,0.3893613470991812,0.0676598369254828,9.898508936199832,0.06811588233116947,0.0861837838413501,-0.09551460627812025,0
77.6,6,0.09130090433148215,-0.3199467603217924,9.990370843842124,-0.01577392276568982,0.07087926478092844,0.037649992348440305,1
77.7,5,0.10677877959672177,-0.039708639802474625,9.985201517966598,0.044575418319720145,-0.020752111180475877,-0.014481745289185794,0
77.7,6,0.43640747933742335,0.2628670466298076,9.751790245058919,-0.0010950925581782425,-0.0410398375069508,0.04203259100007391,1
77.8,5,0.09763888408738713,-0.08580579002850358,9.514700819613678,0.06918536341549275,-0.06580358670506,-0.009886794068092335,0
77.8,6,-0.3162045912052884,0.49473643281726665,9.87902206427013,-0.0019345410961814785,0.04200916167728414,0.013855970380033123,1
77.9,5,0.12736616293070405,0.2390526763321509,9.714262342515593,-0.005257022993725382,-0.07486412840856123,-0.050463721981869915,0
77.9,6,0.2251436064935311,0.2074562200523495,9.742961534777718,0.0315191445871997,0.11299387437678449,-0.001397013235706924,1
78.0,5,-0.30369403183207616,0.10115934865830377,9.644569117903757,-0.058620173541139436,-0.04751429145658596,0.01036504683109876,0
78.0,6,0.0008860293972814759,-0.21595872477574418,9.920306028846298,0.0005256500865056056,-0.04067226964223004,-0.06660159062036478,1
78.1,5,-0.1143219575797539,0.0709818485355461,9.82483024181649,-0.0014932826757580314,-0.037624100953101446,0.019887051233674603,0
78.1,6,-0.1596938447191066,0.20551891143712525,9.848667995892098,-0.05403468311812524,-0.02879229743694738,-0.06482598225652784,1
78.2,5,-0.09139143128226099,-0.03467719366334643,9.752539476688359,-0.13970476586467145,0.06517907941220842,-0.08798774518241899,0
78.2,6,0.16076466316505633,-0.06417448853210467,10.06464298581479,-0.06561229536598405,-0.04181958192776347,0.03256584546991407,1
78.3,5,0.2129307191922151,-0.3351269626109341,9.98806653751304,0.02110553125472532,0.059259117528079,0.028845399431358415,0
78.3,6,-0.21180026149082992,0.001652025518680587,9.969108493004514,-0.009744992693565149,0.0030422068167805755,0.028616663974496005,1
78.4,5,0.09458584257556701,-0.05347547773680711,9.810262117260622,-0.06346733357820429,0.08135549524563654,0.042717531981130825,0
78.4,6,-0.23774997444115376,0.12973788691846516,9.714837839680822,0.11230812557723946,-0.036589203092241236,0.01720773658301515,1
78.5,5,-0.017248028391711363,-0.18798592544696027,9.962710932063908,-0.09536490089860614,-0.03235850619693594,0.055159432741721005,0
78.5,6,-0.10446387537294788,0.48246835399854193,9.913307889245864,0.011170797141443091,-0.022855498880475583,0.03996883247094701,1
78.6,5,-0.22519094418058044,0.26957309460847795,10.00372418460519,0.020729736387307324,-0.05572410298737377,0.1309198161204683,0
78.6,6,-0.1293880455395803,0.17149918268183104,9.851171652094704,0.08294987599073786,0.13316466129387178,-0.02090168227979486,1
78.7,5,-0.11639223830652734,0.08547849899813581,9.74453174536858,-0.07906204332864082,-0.019014434522603624,0.13201184127084314,0
78.7,6,-0.3079389898535907,0.10968697424361395,9.750149688947344,-0.009471024420025578,-0.022608662036824597,-0.04373925169923761,1
78.8,5,0.2770842166588468,0.13458257791771858,9.62076052812604,-0.026242477715025653,0.006892158230602594,0.048803633884534264,0
78.8,6,-0.1197099118140062,0.048373955407352315,9.83452746705338,0.03349588529131852,0.024390929896888416,-0.02233964772053276,1
78.9,5,0.18583395622339569,0.007367260301659788,9.493674107664622,0.0021691183664704432,0.004321505681003573,-0.038969742836245755,0
78.9,6,-0.08504373624451149,-0.013877364833749307,9.898984160961064,0.09872688130882173,-0.0039783100610164095,0.025676425689697437,1
79.0,5,0.09520605053338912,-0.18295334878059874,10.027111932692447,0.03901729260325707,0.06890667576503913,-0.10085850808415567,0
79.0,6,0.0050015959354636754,-0.11176964217590762,9.895308230887329,0.0069131389254788594,0.0578341118263854,0.042388630717223985,1
79.1,5,0.03838498695218999,-0.0758749112609715,9.99886498564276,-0.02831191288152309,0.03476207628833205,-0.001342484258142679,0
79.1,6,0.1328511571428277,0.24340702438534795,9.690885807386765,0.018859042053274384,0.022975914852399693,0.06727688091581528,1
79.2,5,0.18630226087024826,-0.30336384989401777,9.68417127552073,-0.10001404007203177,-0.023361396009259155,-0.0041773200457766845,0
79.2,6,-14.973827743659028,-0.12706131142786403,10.313337807790298,0.07707096815400177,0.00772819506578766,0.05549027777884078,1
79.3,5,-0.24344469642666194,-0.04993679381154549,9.810187826409386,0.06398467394316215,-0.073116049988745,0.009179193310849513,0
79.3,6,0.025669657418011218,-0.0970000236632595,9.669034450450763,0.017000309677572954,-0.024118060850739476,-0.04687993616635157,0
79.4,5,0.3843556306233385,0.155855885286912,10.106935393339075,0.010223695937552806,-0.009323599340437664,-0.01165030888479711,0
79.4,6,15.32942955108142,0.13613313881156772,9.71172321809899,0.06817947812364175,0.06238860568679754,-0.02292574609560953,0
79.5,5,-0.2693666094786447,-0.2748845372498925,9.642902905939808,-0.09439995593745712,0.029095779448266287,-0.0030529451997732115,0
79.5,6,-0.03578654944914722,0.4418893360413065,9.869826571135317,0.07128792011941952,-0.011758103251057729,-0.039482642696133496,0
79.6,5,-0.009360326889927396,-0.4156871029528903,9.790874056391107,-0.06842042622687639,-0.05806556367558046,0.040519903485079785,0
79.6,6,0.04734556823722513,0.5161595444615854,9.7868440988501,-0.10848561899403238,-0.006303404848949196,-0.027416465532836484,0
79.7,5,0.1746826400071055,-0.06281302967139506,10.229806374918475,0.02867457085172633,-0.019791557435289178,0.023254845815951206,0
79.7,6,0.01738618575700735,0.4550488475917031,10.078533128758712,-0.011411599010781745,-0.0793302661046521,0.11063054717034071,0
79.8,5,-0.1793451568704616,-0.055342696312406126,10.055007221541338,0.025935158490509886,0.01839118473294605,-0.044979075400042846,0
79.8,6,0.21176634075561537,-0.10603725946368314,9.50981315052422,0.016374006296908848,0.03257961684038105,-0.09060058817107068,0
79.9,5,0.4605586498922284,-0.33961195116922915,9.807283088734442,0.0678272069655601,-0.037837406870310564,0.06592456957500613,0
79.9,6,-0.05505479769161913,0.23237193793557676,9.568162391830496,0.042834822663420244,-0.02140196566207475,-0.08653112378250362,0
80.0,5,-0.034600950595547374,-0.13173415802000757,9.662238586813245,-0.05620213817090444,-0.018838567314975158,0.0564233841278186,0
80.0,6,-0.21916603134104862,0.014329105225733683,10.047757116557886,-0.03294072389240855,0.050732048247232264,0.00539110667130656,0
80.1,5,-0.332654088226653,-0.14490750649774184,9.343311445984247,-0.017661970679834143,-0.016761211583892138,0.02468550301729786,0
80.1,6,-0.03331978484381067,-0.14377568236030966,9.845487898448393,0.027164826204048205,-0.030435239899985634,0.09305946949628352,0
80.2,5,-0.15194453310756278,0.044932819859844264,9.941892594682715,0.12799364010353498,0.045559255857366546,-0.06323251468923348,0
80.2,6,0.1235500144151443,0.073009291474796,9.687447482473072,-0.042960961692530046,-0.09791857003593923,-0.0014027705640653042,0
80.3,5,-0.18085707157664374,0.1520781584080413,10.030268622425359,0.06395884713207897,0.05832170809371306,0.024523011168470974,0
80.3,6,-0.11541565131998661,0.0555461287949507,9.69264889211329,0.045736784454464496,0.07297835688868777,-0.010859641792657783,0
80.4,5,0.4103477230376548,-0.26368322728382376,9.808613362851057,-0.06668795989689935,-0.030606558839804877,-0.04831730283498975,0
80.4,6,0.30047575402550164,0.24167716890957416,9.944185866595022,-0.010022054360507066,-0.07109807589061462,0.005176798993285091,0
80.5,5,-0.004031996650551503,0.1411168906988333,9.713713303095037,0.016714846713635084,-0.1036856359742705,0.0009011718788994148,0
80.5,6,-0.3401027111868101,0.22687348528835788,9.890878340207319,-0.04732954252457376,-0.09276336890272521,-0.00048403293919146745,0
80.6,5,0.2260648566415298,-0.10702112656277041,10.174686500578401,-0.000941598147817334,0.016631174518794933,0.06730147379478288,0
80.6,6,-0.4776260071236408,0.1697680241120558,10.238770131030115,-0.007205894878914035,-0.04057540981625005,-0.01846190161513981,0
80.7,5,0.03126782901701101,0.2141687935917569,9.562060800769753,-0.06209365961109991,0.057049190059877956,-0.02543430341678951,0
80.7,6,0.11546735733297818,-0.10219514769953782,9.895785134212474,0.020416088343533242,0.03310634326502228,-0.016213187308549037,0
80.8,5,0.11295449717073701,-0.300505939561,9.574401311166767,0.04442108548673476,0.02323996645190727,0.04794223380637768,0
80.8,6,-0.056947391827606844,-0.18734174428705339,9.965779892754712,-0.028474752996612403,0.0033966211031743704,-0.04461648467326912,0
80.9,5,0.06109182690239049,0.19335650262450627,9.952655406325732,-0.0370334186536492,-0.06858553250475906,0.05503174348898431,0
80.9,6,0.1356380604561733,-0.1260828634361344,9.652853912563964,0.03866278246548635,-0.016113109590380422,-0.04023572309736406,0
81.0,5,-0.028286213063966528,0.018251594510553457,9.762445358326314,-0.04640237770609539,0.03414377380457341,0.10382058059313728,0
81.0,6,0.04494310178876311,-0.1668147695351736,9.59587936239593,0.03903958489655751,-0.011540943691383827,0.01947201477654001,0
81.1,5,0.06392548767138592,0.3977198556578821,10.132945050860926,-0.010038118330633991,0.038740121483773454,-0.002827489654221558,0
81.1,6,-0.27832813703971476,0.14508229988173482,9.747438346059553,-0.042591933669797424,-0.037049672315017206,-0.05893506950291675,0
81.2,5,-0.1262967593630867,0.3327513356456023,9.683858602130202,-0.054606164824120146,-0.08811059080596378,-0.017974162018479043,0
81.2,6,-0.159144370470981,0.17685019614842304,9.95475832061231,0.01748324465000743,0.04282653405987342,-0.08134942255167023,0
81.3,5,-0.1718350938477274,-0.2670118921886288,9.502847099856861,-0.02014236587459458,0.023412228587918936,0.08196601062312256,0
81.3,6,-0.08298916510918386,0.026799609701316125,9.779288171103508,0.045026718238714535,0.037746262360524356,0.07067687392651927,0
81.4,5,0.032893617742194105,0.05821425696934665,9.799443939348645,-0.01503188805953428,0.010016737195663664,0.03273218082310897,0
81.4,6,-0.009629301767181159,-0.2776134251037415,9.736183059821714,-0.06405224218270246,0.035350134497942325,-0.01943722101284827,0
81.5,5,0.14003705272041372,0.1323583283277527,9.830924099357599,-0.01566193520033164,-0.04887776897090162,0.051330400987932616,0
81.5,6,-0.14982721515974304,-0.37501042726340017,9.981309372855387,-0.046783221505515914,0.0015668308388604446,-0.057901557922252926,0
81.6,5,-0.00968161267760502,0.36430538625087067,9.349458913035196,-0.09775159997264732,0.012316342595810097,-0.05496794999919555,0
81.6,6,0.013954083863543902,-0.07092754183630004,9.99907017352378,-0.00572431409146358,-0.03896852745645428,-0.031013058085057194,0
81.7,5,0.07395400884894297,-0.185012566174674,9.878578545122194,-0.036490513194253,0.0061208237888490565,0.05212027859016297,0
81.7,6,-0.15566897145182998,-0.16824657936988927,9.609936273526626,-0.04646896487682904,-0.02746746239979472,-0.08614095810817898,0
81.8,5,-0.21304446053500592,-0.40179506062720827,9.852779296921968,-0.028405947307498305,0.013597359324736744,-0.07644750280708403,0
81.8,6,0.03825970967757478,-0.13692793144352353,9.774920184398033,0.03447700304227699,0.06766697085364175,-0.0019475946917476535,0
81.9,5,0.07868510441383403,-0.22059438136516635,9.804055979392992,-0.05209953175876506,0.02083445236174188,-0.015393492290129242,0
81.9,6,-0.09233582234614007,-0.1922930215594019,10.081356892080292,0.01078954915680634,0.03973100682080917,-0.014794132065074898,0
82.0,5,-0.08972919546582561,-0.047583697216805304,9.727884914821429,0.07871057897823575,-0.07097889170927096,-0.0016834987986406526,0
82.0,6,-0.27355880330334753,-0.051416679980381214,9.718392293894487,-0.0712514723955607,0.007101681073966058,-0.08155870048316977,0
82.1,5,0.204529700810264,0.05439283833047587,9.747054246766062,-0.0020184495488061427,0.0062383331566634,-0.011517605530738112,0
82.1,6,-0.11477328914336943,-0.2463712283004761,9.70177679286649,-0.09802966930547283,-0.04072846884983216,0.10101361757765706,0
82.2,5,0.28271602674308827,0.1919576534476941,9.856100455443594,0.04958137078143419,0.04448753581203525,-0.04831169503263624,0
82.2,6,0.1259553090761688,-0.31158513345648653,9.869945464168394,-0.017281120583823115,0.020658071932440354,0.025480061487657298,0
82.3,5,0.21695838541655404,0.126246717115561,9.983198504165635,0.06319517701807749,0.007174324657491009,-0.036731335041521644,0
82.3,6,-0.023256576719894596,0.05680461019759525,9.920160577378377,0.01614823829746499,-0.021425916764529002,0.06617187002133551,0
82.4,5,-0.43674603922033955,0.11255905835408529,9.928286337366393,0.00479819250371581,0.01770866220565771,-0.03172226399882371,0
82.4,6,0.039377847942860665,0.2865713621763109,9.851302803505893,-0.04013582013539934,-0.03281545493910421,0.014085198843433684,0
82.5,5,-0.2205102435728024,0.0378243420464009,10.032970910772137,0.06445073426616775,0.12387779166358881,0.04044051162196528,0
82.5,6,0.16717933892853742,0.25613584629822195,10.191079365888466,-0.020170956671812068,0.009531811075055758,0.027221097920975146,0
82.6,5,-0.06290990423191274,0.03525488693543607,9.769028299817593,0.034303607003832816,-0.009860691382425525,-0.060456958736825085,0
82.6,6,0.31548199087452966,0.13670961912027055,9.885066134024076,0.01947414230877672,-0.039357476569569415,0.005089834826312712,0
82.7,5,0.03835424096765787,-0.09779133794621742,9.936187535895124,-0.03271016319228008,-0.021069087514121496,-0.04958045853433762,0
82.7,6,0.43755779002694895,-0.08570391087556165,9.796067697372994,0.025212229636921102,0.02042021277031433,0.038926831533504846,0
82.8,5,-0.1783672681958267,-0.34799858172697595,9.730006631519094,-0.05079440255780589,-0.051096179240228835,-0.0037093068179581603,0
82.8,6,-0.22920844208877283,-0.1795045141761813,10.021334394183917,-0.05219930192526521,-0.03797055218595848,0.008898056105527548,0
82.9,5,0.02722078162734487,0.2999630431956622,9.624259181370025,0.051278913435174,-0.08591031285233303,-0.07857726840697116,0
82.9,6,-0.3942849397655153,-0.061633635533661635,9.86219307895671,-0.017111349985480195,0.07124220434542493,-0.007506632070025766,0
83.0,5,-0.058102125578670706,-0.04898430851810112,10.012199654018985,0.048417981086358516,0.006987201462809234,0.06228258398138691,0
83.0,6,0.10339886244054053,0.04796843375752124,10.076806539054708,0.02266417464753148,0.02889346687797252,0.0009373657859873214,0
83.1,5,-0.027083842803284266,-0.17409553990706228,9.705280853590805,0.05123786973749213,-0.07711607308033225,0.09544023324066248,0
83.1,6,0.261367957851779,0.03819092565513785,9.869028905196535,-0.05028712349248308,-0.0194060299435644,-0.07512329310978065,0
83.2,5,-0.07141380084951938,0.19323083329152846,9.880337042354691,0.014997300147521661,-0.01745734386455784,-0.014731657359199122,0
83.2,6,-0.1842315931337294,-0.028766536317509903,9.785192261840908,0.0032706376930259507,0.08390267685605604,-0.08187539586947823,0
83.3,5,-0.1921637839187652,-0.09831610469949825,9.715482947932156,-0.03347312776911018,-0.009288397039277266,-0.010371713530881382,0
83.3,6,-0.1396381091712124,0.3260719184424122,9.63584428998927,0.03284298630153261,-0.03665848239752653,-0.06841009331705512,0
83.4,5,-0.04552117271611256,0.17881429023636106,10.025594398722943,0.015307587333122957,0.003355845303050607,0.041089638532854134,0
83.4,6,-0.41007840412125085,0.13843361303066212,9.509744985364424,-0.04754524391547068,0.05336170068446475,-0.022139381362452817,0
83.5,5,-0.15066925572094372,0.11747767947915132,9.78712620974557,-0.03968866467002777,0.07791840753291313,-0.04886719254530056,0
83.5,6,-0.2465097294447799,0.1979103596247435,9.600821285840045,-0.023803308324361644,-0.01622758310045813,-0.001913404370088182,0
83.6,5,0.11143347115739854,-0.0323846651959491,9.900309251987613,0.09259184322031329,-0.016661607841402495,-0.09992198123101709,0
83.6,6,0.12738058658978477,0.035827462993503846,9.775105204325566,-0.09168955746383614,-0.08011319444662396,0.0015483859497471327,0
83.7,5,-0.09376809031088551,-0.04444776492324865,9.787358035816913,0.026956827075554808,0.05953169966995634,0.03561991854667976,0
83.7,6,-0.10790090809028428,-0.3049689546994962,9.997655766007028,0.0092863450367444,-0.05631171568969735,-0.08155301504371384,0
83.8,5,-0.04981784074118493,0.03772558655304675,9.784577273690221,0.0982664561611076,-0.010399241228899547,0.003794190470438219,0
83.8,6,-0.4275080651150206,0.3162176807417998,9.826577961628347,-0.011515878970785362,-0.03568611925940777,-0.08253319907922413,0
83.9,5,0.22593924192152653,0.12049658036038223,9.791697375090981,0.027906227177212417,0.02101979092498349,0.06663163017597383,0
83.9,6,-0.19991631907830062,0.15992592686825088,9.415656549733614,0.018443100472532285,-0.040866453911426515,-0.0011091864675029884,0
84.0,5,-0.1360986788470609,-0.3507445664205118,9.467506890805254,-0.05195816678457496,0.026420756362688386,0.06620818649392822,0
84.0,6,-0.015169929742637665,0.059435766088639264,10.15871129029201,-0.005724619691771063,0.04924114124876164,0.06201095816902084,0
84.1,5,0.34143279287963896,0.2431816510244898,9.770621754599922,0.015884313042554898,-0.1533790915079844,0.034591359886015804,0
84.1,6,0.37823755277514876,0.5858120557643509,9.382929582085453,0.08130899874658491,0.01612485380332619,0.04396226652893719,0
84.2,5,0.0445811103933705,-0.011247934814593052,9.789317308469371,0.09515139625451857,0.0047236466375827615,0.03723168248190133,0
84.2,6,0.1738390533671481,0.11468202511520571,9.80812502845202,0.024576162318142362,-0.059173735840707925,-0.016602114106606957,0
84.3,5,-0.3163835469395698,-0.11941472529736236,9.333395560611864,-0.0020945175271508965,-0.015610041613716475,0.07074495833991849,0
84.3,6,-0.04608747105549001,-0.1251761019779003,9.951128533856224,0.10394813558650635,-0.051059483745652536,0.058593744274428775,0
84.4,5,-0.256818652509554,0.20742261027668182,9.580780146946163,0.07226444982279132,-0.01711201531776992,0.055327338927633724,0
84.4,6,-0.09840354110083444,-0.2904153758195595,9.926716907134722,0.008605370125268606,-0.04927194716136943,-0.01762501593383683,0
84.5,5,-0.038447383231828475,0.2227061664956299,9.714267209171629,0.005318149365667064,-0.07110058875501461,0.060705093273518584,0
84.5,6,0.22766476241887723,-0.505426991799148,10.078497454715635,-0.009054135605404457,0.07283038992615616,0.04061196001691615,0
84.6,5,-0.2631804302215628,0.0839982756466842,9.556440804545561,-0.024856153234343484,0.0290641379475,0.05254683607177024,0
84.6,6,-0.09281098384808917,0.24630290021513845,9.66251445468575,0.033518371823299094,0.09083913219481035,0.0017259299925516257,0
84.7,5,-0.1114801539673135,-0.10104643577664217,9.861381326396673,-0.05588094394088527,-0.020977498151866836,-0.04193557151118188,0
84.7,6,-0.29249119802225154,0.34759765404272475,9.578841365912055,0.013834216718776077,0.03794385434171089,0.08597222098671838,0
84.7,7,15.12549432793402,0.03830143787765778,9.191251976012556,0.07051377066871467,0.011383496789250243,-0.028136766950789146,0
84.8,5,-0.09192687988813464,0.08165945580755311,10.190237535443998,-0.033725335670958805,0.03719364178749414,-0.10655071873846489,0
84.8,6,0.44517877671880896,-0.22177557755051736,9.921691294063962,0.0713572763029704,0.0014202287755575498,-0.06334723804767482,0
84.8,7,-0.03374390564739434,-0.11815917133631329,9.640182420291069,-0.07445957711840358,-0.0032890166823132077,-0.014594134111787194,0
84.9,5,-0.4736101141426408,0.2418220248191251,9.362200092506736,-0.014305937459147511,-0.010197528364398498,0.029033598957092833,0
84.9,6,-0.3382809526621666,0.44074341816652174,9.6516560242786,0.06522009029226715,0.012607013665467801,-0.02366711281662656,0
84.9,7,-0.06634726244976605,-0.304279473263011,9.799163987730589,-0.0901488990239989,0.07878412920930011,-0.050862865077655084,0
85.0,5,-0.25247689719054967,0.0366956168365364,9.97210891713329,-0.003483465961568302,0.018232768096317072,-0.027437077671784566,0
85.0,6,0.2608067217848304,-0.26885735848974895,10.108299034037966,-0.002231729645694441,-0.06285810162439728,-0.0046645153880179565,0
85.0,7,0.3684914857307011,0.11402018211737633,9.777359663714329,0.04878363595856622,-0.057181952965440624,0.017582731523191276,0
85.1,5,-0.026538919240549654,0.10378719593224195,9.68047501288492,-0.03209700466652108,0.0016679223879510854,0.05348712446613211,0
85.1,6,0.4941500995046673,-0.14216622726739117,10.08754512656425,-0.00782878408170548,-0.043579088938743876,-0.10204840575605104,0
85.1,7,-0.1761169407499069,-0.30260168633191903,9.672295380401982,0.016272181837667998,0.021715006707336195,-0.04405146662058279,0
85.2,5,0.13563939582534734,0.1410378146045592,9.861994621873222,0.016938600778128237,-0.004790713338241949,-0.011723156250980851,0
85.2,6,0.1124410252049364,-0.169291536735603,9.941749782756801,-0.05728468816670808,-0.05011399650965231,0.05080764049944583,0
85.2,7,0.20809899762816106,-0.10079865805751342,9.78145863460634,-0.015684500785675872,0.07169353623757979,0.08565436869989818,0
85.3,5,0.0817159436410211,-0.00740369850537424,9.560370040442132,0.06223668318737338,-0.029425279293573765,0.10851530578877613,0
85.3,6,0.48852216119331066,0.028269095212642717,9.591353503159622,-0.010919669661922256,-0.022363462302132806,-0.09768044505868563,0
85.3,7,0.023240092426223977,0.10455087540924302,9.685163502255145,-0.04503167414045525,-0.025982650241357583,0.026187913864159397,0
85.4,5,0.039558930975161805,-0.10079013321725683,9.667064637580102,-0.012575248160893865,-0.01483631032562701,-0.0012806838876868675,0
85.4,6,-0.2462753007953663,0.29274869370869483,10.035750680854472,0.04409242211138059,-0.002486948002312512,-0.08885427935239153,0
85.4,7,0.06331230723438247,0.030185227202434984,9.989427012490136,-0.07839337962271156,0.009574460246758659,-0.030241422086010897,0
85.5,5,-0.07517473785445462,0.04545647531575731,9.61251016801674,-0.07208332770894497,-0.12068556681502432,-0.04532030786659471,0
85.5,6,-0.15596724406591855,0.06193578098196284,10.235214972511661,-0.02234281417667946,0.01771545608050968,-0.08791111531087707,0
85.5,7,-0.08157418274872553,0.2834761391567639,9.782332785315832,-0.0522908543738404,0.07761187783772822,-0.06406565238755679,0
85.6,5,-0.007848402519590859,-0.7650951836407665,9.686566624254331,-0.006854253355691334,-0.057591896572565526,0.04710741743306293,0
85.6,6,0.1774935785754967,-0.06988137879036503,9.92560265753166,-0.04105017791783413,0.07528617224805997,-0.00934777598674513,0
85.6,7,0.1458729209081616,0.27131332854837853,9.837329511352394,-0.07117061567094557,-0.027279969132532073,0.01306708170076129,0
85.7,5,0.21438856103690035,0.11187129358550876,9.726496733105646,-0.03626277973650575,-0.03954831348567924,0.012952446854042078,0
85.7,6,0.10173491579756673,-0.2002226607215775,10.083564220418062,0.01917365320111574,-0.050496524674729516,-0.012299700049313926,0
85.7,7,0.0019183394834697547,0.022171571473005712,9.544958014906605,-0.004818495387659261,-0.061398837440698364,0.019833722167827347,0
85.8,5,-0.6542400352121293,0.592547832572066,9.681735683481554,0.10550565758736413,0.004832436438148419,0.05056814468634349,0
85.8,6,0.11365838263754474,-0.10985072585979899,9.898789299159885,-0.015916271517258444,-0.010656331459384886,-0.00258296272634941,0
85.8,7,0.31944138993408006,-0.29032325222361366,9.8180497741819,0.046387248727439184,0.01165168109973274,0.05704893198599812,0
85.9,5,-0.28198252377178473,-0.15310886487159478,9.716994052440556,-0.02880378782670059,0.00152944362985608,-0.03829442231657115,0
85.9,6,0.1366145322036922,0.28723344005386553,9.700633035864538,0.060195694116411194,0.11383616061992655,-0.020205742834062013,0
85.9,7,-0.0010104789066786369,0.09906767033102973,9.836333490601,-0.018830146360644992,-0.015028205456247168,-0.011907008882370052,0
86.0,5,0.04153805135887269,0.1225325858968273,10.118758070814387,-0.07738557911919582,-0.005352340868846152,0.0009725558906271007,0
86.0,6,0.03530978827376179,0.28859942736542327,9.811583469459096,-0.02509136214026571,-0.06590105940678156,-0.03678072338638248,0
86.0,7,0.13073928498124593,-0.3668144407643738,9.775339485265315,0.023909439186152126,0.027673311026699256,-0.07221602076788698,0
86.1,5,-0.22178760730408872,0.018048469430530994,9.880341381786183,-0.06352747273970216,0.03956628577109174,0.010622182854825973,0
86.1,6,-0.01943733699254904,0.5440416580719841,9.857990529127509,-0.03548127770627818,-0.009235919736190886,-0.0049589676219488794,0
86.1,7,0.18775009768981132,0.2025570888514856,9.920575018135521,-0.08551351263152608,0.014432560231499556,0.023103791473311285,0
86.2,5,-0.009244858448397718,-0.16209283785150772,9.969984989109754,-0.10273887571820482,-0.0074972660826844485,-0.0355038685543281,0
86.2,6,-0.016998025138121788,0.18277589156430182,9.60962074648732,0.09023330771353788,-0.06999294478153816,-0.0016168607357254679,0
86.2,7,-0.3950626890905471,0.06757410776135786,9.764531670256083,0.02372774066181001,-0.032809969288993296,0.08631856946978637,0
86.3,5,-0.05540317841802958,0.4421981867454851,9.847466316162384,0.05098169260694885,0.07615350449577327,-0.02571267935545446,0
86.3,6,0.378332438594908,0.09673252912931103,9.773035947885147,-0.0782868305959689,0.004387779783207423,-0.02069497667110219,0
86.3,7,0.2668560953948637,-0.16408921577192534,9.815388938927365,-0.07001914890574067,-0.056568984701123565,0.003822855635868774,0
86.4,5,0.0671194722315354,-0.17217668646225154,9.248248377242149,0.058637584790993895,-0.036956952915913076,-0.07274578200757226,0
86.4,6,-0.328339547115922,-0.0609354536345689,9.606085427333745,0.030032992911967843,0.02250001044258492,0.008054334274156248,0
86.4,7,-0.02221735303744788,-0.17270647936673955,9.857864376700375,0.020909339878997055,-0.01856812328677505,0.030179244605462553,0
86.5,5,-0.17839558114736523,0.33926976688023475,9.883717117465578,-0.04111728104559839,-0.04696945070658946,0.011273942245703208,0
86.5,6,0.5115041682231193,0.23919514790205218,9.816903655601875,0.02855803940752762,-0.02456573025175111,0.017065843904930624,0
86.5,7,0.011716549806042111,0.1453994726127191,9.576236159548714,0.049229115527660766,-0.01271587396952372,0.006541613716202023,0
86.6,5,0.17908285107916186,0.028882357944345766,9.64007597374824,-0.05957631587657354,-0.040845144100344774,0.0977728682897127,0
86.6,6,-0.2071724487094978,0.07323827881842247,9.921624666675228,0.05560761237176276,-0.00613415063216231,0.12107653948775149,0
86.6,7,0.1686385006826102,-0.24887378194044185,9.955383747002813,-0.08471361464886706,0.03421610790903711,0.011662677354955304,0
86.7,5,0.04201701380052614,-0.37033621663670174,9.903572940147903,-0.05421865658637012,0.02055943425453522,0.007993510389465058,0
86.7,6,-0.5166378334461302,-0.022954177402529877,9.95005968238002,-0.020807239727542542,0.012372554295731454,0.006007190484192811,0
86.7,7,0.19743383256474464,0.114318117801096,9.69538759940175,0.023339754330751184,-0.07926060481458427,-0.013008073672152003,0
86.8,5,0.08021428245010132,-0.24554355954609186,9.948213332822862,-0.0038342298086017725,0.04105819935684014,0.007701437735412784,0
86.8,6,-0.08057354598960903,-0.32011684566287946,10.149369274789763,0.11084097357767093,0.07917763623213107,0.04231859975746067,0
86.8,7,-0.06895673430740368,-0.08817753804304708,9.876143537396057,0.06713810946540728,0.022810657474392544,0.0029316247437784124,0
86.9,5,-0.15068297886670529,-0.40128570661165236,9.946486929879581,-0.00014068649451929043,-0.053044013399914415,-0.04102901772132769,0
86.9,6,-0.1051990098145703,0.20093883887323327,9.654180384107457,0.048581117560024964,-0.023733535267698582,-0.02307631437278302,0
86.9,7,-0.30389518832295714,0.12496857428930688,9.285771386302033,-0.028723146582682824,-0.002557458793170203,-0.034964631452005665,0
87.0,5,-0.2198608683741684,0.2834711269859541,9.518301111326796,0.060844370218581294,-0.13182821278417342,-0.09601935735913802,0
87.0,6,0.08992322477463659,0.1534269683144839,9.888378922544907,0.024872020917175153,-0.03356808244622117,-0.006074024766296268,0
87.0,7,-0.20183243915981022,0.037908822263674306,9.971099974075816,-0.011130716771236102,0.048993774017879146,0.021620215844635027,0
87.1,5,0.22583224829997706,0.17949518817945873,9.891814252633822,0.0028635117075080417,0.0023424842061433126,0.00205242270622498,0
87.1,6,-0.14499564015360242,0.35503416197377896,10.132428133059838,-0.11395100152357039,0.03493204856868109,-0.03260460051331539,0
87.1,7,-0.05209621586061837,0.17309023047602512,9.501957899829147,0.0850505689316875,-0.012919244309883254,-0.05760301501692469,0
87.2,5,0.03339139347153345,0.13134457954985274,9.82396765195415,-0.07283153736023654,0.09240687834493365,0.013022368445411787,0
87.2,6,-0.1723010124414492,-0.27510467799824145,10.21903569796925,-0.017016193284063924,0.045212219758563404,0.12310919375465111,0
87.2,7,-0.0595485342813849,-0.183533087396561,9.698451602102576,-0.07369979616080234,0.038962612333203986,0.01573602143859383,0
87.3,5,0.1273530543368904,-0.05381970251734939,9.62126149429616,-0.05472087367132871,-0.0451493945636325,0.09791791418261528,0
87.3,6,0.30531154475506156,0.032390825050009286,10.016038949849346,-0.02691149010507074,0.023285521149077087,0.07205354312446667,0
87.3,7,0.5287430614273793,-0.3132698723674392,9.738511486470662,-0.004356755944359932,0.045850891847202535,-0.03544414822736748,0
87.4,5,0.13776507127119522,0.012656226767404556,9.812223253311926,0.019807558995955103,0.04828754342248617,0.06667909380774209,0
87.4,6,-0.25344369722640114,0.2675413276055097,10.071507621110095,0.043530677451362375,-0.08223585443463349,0.003054530836917205,0
87.4,7,-0.027281736712289836,0.5780504011975269,9.385631039458483,0.0017214810051528803,0.09229839711322485,-0.019794069818508273,0
87.5,5,0.2990929819335674,0.3111729976982543,9.975446178914362,-0.020379625830873202,0.062166093443813554,-0.1071031337225805,0
87.5,6,0.023702140003417627,-0.41819806341816346,9.684441645339023,0.009977096603010521,0.009885184582862212,0.006084191686019755,0
87.5,7,0.19217759921551836,-0.33586695316622384,9.992247416583412,0.03787089695912957,-0.04746108398196909,-0.05852700147081477,0
87.6,5,-0.22664130330061308,-0.16939948299286223,10.15454817968071,0.022596620500549103,0.0016627228393211648,0.08974909942917453,0
87.6,6,-0.23656470713376723,-0.09767867016164407,10.205134353473039,-0.06507115382115439,0.009330921105972716,0.033697912034566534,0
87.6,7,-0.01878209161584901,0.06004836746602493,9.573735844559769,-0.036810700007431245,-0.02735867887721238,-0.04838556715208242,0
87.7,5,0.29434109024289284,-0.029458782959182125,9.3095238022952,0.014826737549240044,0.037529760251162975,0.07903970109099048,0
87.7,6,-0.29830098172832725,0.10665864084126449,10.077750809354022,0.03890147472265326,0.043954884885026024,-0.01829024461081385,0
87.7,7,-0.2905976106050639,-0.07085193974075153,9.632201797136183,-0.0033157690334636213,0.009980920832251534,0.07371117654804009,0
87.8,5,-0.02766917904468911,-0.37595901094565104,9.773690805706572,0.018201446183833334,-0.07418724297207006,-0.019261085804092325,0
87.8,6,0.12465112698863796,-0.2769238719545216,9.660617613306053,0.09094742343198865,-0.01744318516715634,0.02078451974241351,0
87.8,7,-0.014591904806804341,0.018709165871518024,9.554057410962256,0.03463680294596035,0.03859467879843309,-0.04830739205621297,0
87.9,5,-0.06893367620583753,-0.01854121889247397,9.84225725499818,-0.05705051290173542,-0.06252515753181462,-0.0031667388374768124,0
87.9,6,0.17576060104867325,-0.15529097602759923,9.619054020085208,0.0984414214759812,0.04921225434722897,0.01908984019377985,0
87.9,7,0.11566608121840108,-0.04151789663236619,9.860943562756598,0.005381689779392854,0.04911827216002906,0.026510992788474283,0
88.0,5,0.012236668813492979,0.19606723242342494,9.62502027960254,0.02551885482285724,0.02817661445477423,0.045942767938050924,0
88.0,6,0.08704054849509593,0.08858037342965297,9.975266138260958,-0.012810129937952284,-0.036062771259305335,0.06814585189633947,0
88.0,7,0.38733022791700833,-0.03723466268831412,9.680412735174418,-0.016785543021355088,-0.044168430250686674,0.04393008724815742,0
88.1,5,0.03200831144608771,-0.1339388135805518,9.814561037591572,0.08156809522771265,0.021608356731552838,0.0462357283414085,0
88.1,6,0.1005333338855426,0.17927879554986884,10.105703494327184,0.02577827831419688,-0.002968728459362157,0.020000555019749407,0
88.1,7,-0.2714896039767677,0.17079658560017885,10.035977418375408,0.06534684726419222,-0.01623664876697876,-0.09392554964736917,0
88.2,5,-0.20182724329873558,-0.16142408730281887,9.419085182714994,-0.02692745039254603,-0.05574666645493792,0.054668191780360066,0
88.2,6,0.025745120488308484,-0.2569728992930295,9.8248602473052,-0.03648778249354759,0.007408708675288662,0.05866809524109743,0
88.2,7,-0.07101592404118359,-0.03475071268130717,9.861257013210263,0.06458968486999865,-0.01633946464200543,0.037881575333548134,0
88.3,5,-0.2566875863004651,-0.24552238243987984,9.595468619260773,-0.009649732627312176,0.137436760668128,0.014049479381797531,0
88.3,6,0.00201034338507354,0.03063251901313792,9.70967676234521,0.08777546596858671,-0.011516260229054125,0.01779248167301182,0
88.3,7,-0.18356682620843356,-0.1853563803378202,9.90357251230483,0.01897223951320139,0.01202665249620559,0.03694566801677869,0
88.4,5,-0.032201424492262064,-0.07519324905389707,10.042212227452806,-0.05689704785608527,-0.0936611465743142,-0.05190304455247259,0
88.4,6,0.08140205037819798,0.13924310039749624,10.033521251993,0.002751534720314076,0.06469051441296104,-0.03600807243358042,0
88.4,7,0.02350367308421794,0.0007234436439397841,9.579844544895575,0.021006408948684958,-0.08464005674236963,0.08772799466954434,0
88.5,5,-0.04608582500389344,-0.039267452159549444,9.738584370590305,-0.036372932873545136,0.07757826436099063,0.03421967299971212,0
88.5,6,0.07513841690611145,0.026385247456705636,9.815937758436887,-0.013469916097319413,-0.046516050914362055,-0.0030820574237022504,0
88.5,7,0.019652285893106754,0.08259159684200412,9.856643029817215,-0.06478522365307719,-0.024689527746844294,0.06076539904322508,0
88.6,5,0.11870184839987159,-0.07972103911414875,9.594618589185993,0.10295370340144486,-0.06533985481111199,-0.020158364778669835,0
88.6,6,0.2600904221844202,0.15393418596118968,9.57521888570457,-0.022164593290376948,0.012124966672927949,-0.057881352178969336,0
88.6,7,0.06322458838038411,0.15121841788163104,9.835599190175753,0.03979270375393331,0.00838050814122066,0.005508085674146064,1
88.7,5,0.09300835088630235,-0.09326950855170611,9.609911832991996,0.003934717749412943,-0.06549258430357767,-0.037495768518560214,0
88.7,6,0.03295576618430704,-0.14656607026342433,9.829277587679467,0.01695080385745774,0.01684206009298205,-0.055989418084730014,0
88.7,7,0.018829895036503654,-0.007657384042823165,9.441566873813954,0.10340944275453892,0.06549491988546897,-0.013146349869807339,1
88.8,5,0.05560630468069505,-0.027377186286569585,9.712634909843397,0.017075343471032896,-0.022339731508700597,0.0038991292059591927,0
88.8,6,0.058942567506606106,-0.017687338822283325,9.641179835431632,-0.022865567808866283,0.044160900699027485,-0.0740543386509551,0
88.8,7,-0.2489715222436611,0.33053516077039674,9.887718230643827,0.029947968008290755,0.02415210730227492,-0.05285061754950598,1
88.9,5,-0.052603556984096814,0.3590436439103886,9.911084097406848,0.04075172161866853,0.05354670761831513,0.05307227659555987,0
88.9,6,-0.04734607456882797,0.14641032191151462,9.909976282226038,0.014988534296752716,-0.0103827261160285,0.005174721048173132,0
88.9,7,-0.02071290355554873,-0.05498079002779417,10.15702505689314,-0.00033363634495067913,-0.05437287249551374,-0.03591255954496155,1
89.0,5,0.02809352154698006,-0.32986905941870226,9.785756284998945,-0.0765214698230832,-0.030973821437621125,-0.030307586057026575,0
89.0,6,0.24786982537303107,0.22473991046262842,9.584179056757657,0.03556927853667257,-0.007370799218089691,-0.03498038676759138,0
89.0,7,0.058228759397396024,-0.0921149329062287,9.824914582599424,-0.005029074662163778,0.017781460989080868,-0.04072168603422267,1
89.1,5,0.2478468099733105,0.18747639389192583,9.801219901546592,0.03827734061629481,-0.006725914410802946,-0.04059230580043053,0
89.1,6,-0.025619417790583333,0.3485361921915082,9.484495306374228,-0.08982117019908784,0.00177816062638763,-0.007862516898653112,0
89.1,7,-0.16396667508241144,0.21129197343204553,9.775809561216752,0.02890876614394183,0.07556459319342805,-0.023817335987307613,1
89.2,5,0.022838071897657658,0.2735741887353684,9.583020666908434,0.0022743132168265867,-0.06723256647905022,0.03400134457060716,0
89.2,6,-0.005888314104495441,0.22475900868110077,9.807441607569261,0.014650130478562352,-0.045687028662302634,-0.04670146007305542,0
89.2,7,0.2588756343222113,-0.07924038777448146,9.52570804764218,-0.0016395145541794366,-0.036962189427125876,-0.00931040670092992,1
89.3,5,-0.07464898945436496,-0.09321234282381917,9.761623259772799,-0.036616727605487384,0.014279430851435577,0.04030424133611882,0
89.3,6,-0.3691175533044724,-0.16403779160919058,9.779942130883088,-0.010552945657806111,-0.031114062981977504,-0.01539415647819121,0
89.3,7,-0.1916174909932966,-0.13867835337050746,9.806160188475022,-0.05605625292895427,0.0137052966888806,-0.00459129052259918,1
89.4,5,0.3722307134137577,-0.07601714909957741,9.80966685588391,-0.0400824990929659,0.006271702150293869,-0.00019269263173260793,0
89.4,6,0.050297812864007876,-0.12830777862309417,9.816397228168416,-0.0029553531720510873,-0.007170332099474265,-0.025046995715109262,0
89.4,7,-0.002156984795691433,0.012496225828610224,9.776082456574082,-0.0659727114729292,0.004309005890379711,0.013701514914402024,1
89.5,5,-0.17173529377788369,-0.14286988743094914,9.477954509642572,0.028863081763447564,-0.016476661972817424,0.04983699053955838,0
89.5,6,0.19428534652492002,-0.04688011640143071,9.759505882070444,-0.13360372912446358,-0.010076692063075477,-0.035402600488218604,0
89.5,7,0.09710785516982598,-0.1317222182400634,9.269816844877669,-0.0008384760428055409,-0.049746235365794186,-0.01505812456960558,1
89.6,5,-0.12197727386406519,-0.16454079588008405,9.928897329392138,-0.0008316933614137922,-0.07529062917120329,0.13213580583169793,0
89.6,6,0.021706889010375843,-0.22393544021126377,9.69678787147942,-0.09234537680994395,0.00018675805772669533,-0.0006777666358426858,0
89.6,7,-0.025110082371930926,0.006938145367635673,9.67523831259927,-0.06048347938887042,-0.03257809718839942,-0.05361990966950545,1
89.7,5,-0.030250930992957198,-0.051721918924691926,9.77045943036294,0.015060863516125858,0.02301673911312676,0.047111120095376845,0
89.7,6,-0.12897797187823,0.17198960666739574,9.811294264316407,0.04984473415069288,0.07445995674248361,0.01575729037658349,0
89.7,7,0.0003507311867076404,-0.009727818025408558,9.863452184939955,-0.10314616141036292,-0.07491712791352123,0.10878432742742401,1
89.8,5,0.33686738812943595,-0.15474297747430016,9.766982162668778,-0.09007395541631939,-0.035222634398972094,0.03551448893036821,0
89.8,6,-0.37104731182483036,-0.16935982638704783,9.663698388047523,-0.05991529777676555,0.0489960968358337,0.033970513218397606,0
89.8,7,0.26371861118036133,-0.07614833782765554,9.904015947351525,0.07668519524915554,0.009794993284337007,0.021892418511662102,1
89.9,5,-0.1299077668816512,-0.2099489907702095,10.124950196973593,-0.104259766420638,-0.006590433738236851,0.02865254965017402,0
89.9,6,-0.4135000873803134,0.02388000271909728,9.849049224071518,0.027903782758775628,-0.03161366080810645,-0.01084528776867466,0
89.9,7,0.3149182352469089,-0.07171242413903277,9.946138460525825,-0.01729906717096578,-0.03279991134259757,-0.06486030787465588,1
90.0,5,0.23062628302007734,-0.2694022119162171,9.98158683573542,-0.0008424993165751156,0.06773278593659819,0.010734688701863775,0
90.0,6,0.001898467249054744,-0.06702357818428743,9.987579124504762,-0.004888755043591717,-0.036792083381199,-0.07943364637121465,0
90.0,7,0.02929122578349185,-0.0857609373441852,9.859986575764909,0.011609677818603626,-0.03952893219943865,0.02310058208942399,1
90.1,5,0.1269251354390304,0.20942115456195834,9.934686628092221,-0.009715862228833335,0.030898035863041424,0.030256825512383595,0
90.1,6,-0.09344379523860966,0.06987254484332171,10.021246291956546,0.0013158637837616968,0.058453008540261364,-0.009708592714778218,0
90.1,7,-0.033060315552551636,-0.14061867930218913,9.955507588662304,-0.030602497227368554,-0.007057102733187756,0.0615654763911081,1
90.2,5,0.06623404056620279,-0.04448218056763996,9.891194669843262,-0.049675472222478395,0.022284678298039665,0.013284377501986022,0
90.2,6,-0.2550614221258774,0.23240297862776207,9.907633694655512,-0.005900738893503871,0.0011832316377634582,0.0763439751158875,0
90.2,7,-0.14333808779170185,0.24573342477781332,9.549045239310631,-0.07714064029617335,-0.0443433919705167,0.14017592793781328,1
90.3,5,0.4571229470100171,0.24863546220322622,9.730055293273416,-0.07358605985959925,-0.047976425112457116,-0.0971648816363858,0
90.3,6,-0.20932812092035002,-0.09062596893282215,9.585579376308523,-0.05927923086936226,0.020515522046236887,-0.03952161778818547,0
90.3,7,-0.26815715935086876,-0.06697883107220451,9.869416993607148,0.0038586169732314694,-0.04729316825827521,0.0849809962721152,1
90.4,5,0.10191172461620282,-0.3065858465539988,9.830140472834884,0.003914734882044218,-0.021164469080739268,-0.0026441508470501133,0
90.4,6,-0.21857811831580687,0.05426415977072782,9.924388260787453,-0.09541359583000736,-0.006457896059811708,-0.022739015742295737,0
90.4,7,0.041508574510214474,0.03799467591255166,9.928156587918808,0.10441895568488185,-0.02903089699798051,-0.062491172238269735,1
90.5,5,0.14789474523838653,-0.029033119570123053,9.688429169957393,0.06126458734535022,-0.05196704344358838,0.04360693999490382,0
90.5,6,-0.05681942335979967,0.09370677586694974,9.639105251068514,0.018764104503915663,0.07349511193851159,0.030855889317204756,0
90.5,7,-0.04760157201522692,0.0004472410460033183,9.828845261282304,-0.09269728129894564,-0.02028402558629169,0.04934571363956844,1
90.6,5,-0.2261050318979279,-0.03285366884547417,9.674125412525063,-0.06516211187188413,0.039167210532092066,0.09950013004434329,0
90.6,6,-0.2324064156098781,-0.10854471920936899,9.81878795986361,0.01682369673987446,-0.037193155970117624,-0.08670113266499896,0
90.6,7,-0.29276806812705597,0.1711609600178574,9.794853342494026,0.032158599209522395,0.02481111138572271,0.020702159994868394,1
90.7,5,0.11465010983393314,0.18051262483329203,9.585300589242442,-0.07939866003021934,0.03680596686986073,0.021331934044485173,0
90.7,6,-0.12437552265748462,0.09077616281727185,9.971606021174892,0.0268595341420914,-0.03365869129434231,0.03234921355076283,0
90.7,7,0.08962536723141538,0.11256270009225045,9.786663034354202,-0.0003437909944423804,-0.051989488355130654,0.040641132188887805,1
90.8,5,0.1286965794472485,-0.017635934030192688,9.604435289284774,-0.016231721855247277,-0.006976080548487796,0.07997402702261994,0
90.8,6,0.08589468477776402,-0.08670397167408468,9.689911435079056,0.010385164797730662,-0.009553214579258215,0.051461606711041274,0
90.8,7,-0.19668813385556314,-0.20253132290889303,9.561930391899377,0.016904276535340705,-0.0367941305576142,0.015847595183231918,1
90.9,5,0.10962180440275192,0.08037510283085908,9.823222172920874,-0.014725017178929992,0.028548483890765128,0.024960783465751514,0
90.9,6,0.12221501180558125,0.2507754992605056,9.712400742948457,0.06563249398434538,-0.1440081529210511,0.0014990028409848381,0
90.9,7,0.0293913177185974,-0.24570232300188588,9.863100728049579,-0.02603704858504581,0.005027986335096163,-0.03239066430264815,1
91.0,5,0.0845492741083719,0.2154227035305723,9.94735749819599,-0.062272453863327,0.06977793010068901,0.041405081001826556,0
91.0,6,0.10762342650449037,0.3334047039410416,10.02015107664708,-0.0038153979821124585,-0.07715051911341958,-0.04638336780190629,0
91.0,7,0.030463257994782913,0.16462542710566988,9.986301566452578,-0.08378057872929305,0.004571420258713959,0.08221180173342066,1
91.1,5,-0.07484067995293983,0.14497338298243156,9.656178197861143,-0.022163331187883453,0.01842550346678537,-0.0612723575170284,0
91.1,6,0.12510834909265817,-0.048299192941206354,10.124908297349636,-0.018523983757138467,0.05259633410387004,-0.09434065542335872,0
91.1,7,-0.25956295353157766,-0.29385324972604887,9.934791681112944,0.02309139153479231,0.040777215046422705,0.03659362929381987,1
91.2,5,0.08719269030808424,0.169326051989655,9.996490073042592,-0.03410943773841503,0.013732635996134269,-0.08633576700665502,0
91.2,6,-0.0038160250509665563,-0.19757822870631472,10.151934446944834,0.0005114136144076196,-0.026755870503948634,-0.02407156528990234,0
91.2,7,-0.058994894363150446,0.3576327140343756,9.611919752245838,0.010900851226356673,0.048481309226833774,0.014167782186205386,1
91.3,5,0.21752005367467042,-0.10598742478464258,9.86605318782474,0.1119732292162946,0.025921523007770193,-0.03236903857095147,0
91.3,6,-0.07677010330781843,-0.2715281275861862,9.97292053486145,-0.05371455396566908,0.00483535586591584,-0.03688568282505073,0
91.3,7,-14.93088271829158,0.19781953796330756,9.221475364628827,0.010710284062875289,-0.07673587638980463,0.009823909950226917,1
91.4,5,0.2090178639783755,-0.03693400551118503,9.466247754509542,-0.03214324635467374,0.11181740600455664,-0.08513593809846579,0
91.4,6,0.13124239461785084,0.05057744755951008,9.740632884861858,-0.0578778405525778,0.005039689848955767,0.017310284260188605,0
91.4,7,0.03907661761779425,-0.1505300632635132,10.055191452614874,-0.03674679150675039,-0.0673541013018356,-0.04133536574964184,1
91.5,5,-0.13561299223145246,-0.23198490201002625,9.895168380108656,-0.00929757660702398,0.1141839173191996,0.09424587333569694,0
91.5,6,0.06968030404073815,0.06831046794668905,9.760904286226182,-0.01441788912805192,0.05477288250790644,-0.04051922961596086,0
91.5,7,-0.09374738106851976,0.38017818247413815,10.079641346994514,0.06234716644704561,-0.04933910844440598,0.008330495809047548,1
91.6,5,0.29693508837867005,0.050669526035156745,9.992439441826113,-0.0038611772363678016,-0.04875181723030506,-0.012953516747957076,0
91.6,6,-0.19813472113971245,-0.25490078676146716,9.617892153005347,-0.07118422290934137,0.06337516046477577,-0.003415636200588863,0
91.6,7,-0.2551117764345027,-0.1152569718125277,9.671275642364511,0.07834231874518593,0.07568741122532746,0.019780757443005673,1
91.7,5,-0.002608115344606103,0.2032325529636712,9.638575295446504,-0.06133461502062809,-0.0704730760114009,0.025601370228909244,0
91.7,6,0.14770825100468274,-0.17186034213099943,9.795576668142086,0.03175173080006951,-0.10144733981471375,-0.008834007919434103,0
91.7,7,0.1732748212727328,-0.11036836824264942,9.751388409412977,0.019421903922924307,-0.08497934326599434,0.03932794890776964,1
91.8,5,-0.09008091881875868,0.10731261020787486,9.60524352576008,-0.10849181383613166,-0.015414482635747332,0.04571046940417129,0
91.8,6,0.13083221176362814,-0.12122060128737533,10.15965483276705,0.0682345518698226,-0.038266755755804044,-0.04333427025106908,0
91.8,7,0.041122283092884404,0.3490590831288646,9.953389620918845,0.0008602378932562358,-0.011068140685261556,0.044922712083233896,1
91.9,6,0.10122699924478214,0.02973871399536935,9.814435957891934,0.023128443841874787,0.01194916360611641,-0.004472769570455192,0
91.9,7,-0.21149393084039275,-0.12489464658406586,9.723370213134093,-0.06245456894938881,0.022697226238101973,-0.03166252332743909,1
92.0,6,0.11399364941022927,0.18225729054105866,9.719795957113169,0.020250308479207398,0.007116687632287813,-0.09529544466434775,0
92.0,7,0.10874019704152152,0.06666798826403876,9.62444393073404,0.03691774968494429,-0.07400322707108524,-0.01583458691015201,1
92.1,6,-0.13624691809005862,0.03583959857466089,9.882566509135247,0.06472349636873204,-0.01838606182546319,-0.07411059088646352,0
92.1,7,-0.2318007395697876,0.13009215476856428,9.851191910137135,-0.038495260058901457,0.03741420370906289,0.039376813120472524,1
92.2,6,0.23763342309198934,-0.0432254791034943,9.652992423205177,0.0432063453165229,-0.03819757355506313,0.03501506498326167,0
92.2,7,-0.4377369789317685,0.3233568440491134,9.699709692430933,-0.006725500163773878,-0.10475380521927923,0.06151889341999587,1
92.3,6,-0.17794291082871042,0.21767988332153676,9.329102580832789,0.01537188421715912,0.02812685611946224,0.015548744181074103,0
92.3,7,-0.04615580279438061,-0.07059814232127538,9.83115879936977,-0.06553470622552712,0.045026219738019624,-0.05149695630295701,1
92.4,6,0.48887281460428184,0.09516100023767675,9.77298810810196,-0.07546215513277896,-0.007039815381470242,0.039674885570943834,0
92.4,7,-0.07119065767793338,-0.2986575698628334,9.672880827901752,-0.003967347371242616,0.012010598115035812,-0.06155554327192723,1
92.5,6,0.058308267967340004,0.202806504527804,9.567061813145404,-0.031189309820179367,-0.06876052311704875,-0.0745758142514296,0
92.5,7,0.38029189321178913,0.6281869021249338,10.27742787990701,-0.019543908650089058,0.0627126884464028,-0.05966283009316629,1
92.6,6,0.39115122326764235,0.11299972908775124,9.90990131447383,-0.08199904366520122,-0.03619233148980078,-0.05163823121566288,0
92.6,7,0.02044504105201214,-0.4717390777640213,10.002712605704653,-0.06214020089158907,0.031101712454180253,-0.03609276541184757,1
92.7,6,0.4873719749562156,-0.4113046200465451,9.84754830427967,0.025434584836534192,-0.05401224591483024,0.0925414469885219,0
92.7,7,0.2040263274621717,-0.09316695423712598,9.416391794738278,0.022728668443168405,0.0250913598164315,-0.022427318337641212,1
92.8,6,-0.05555809593868083,-0.15571433595372225,9.467547064841067,0.05475436170812156,0.024389345609903294,-0.056821560065342974,0
92.8,7,-0.004609081203869055,-0.12631533344086568,9.733500779895191,-0.08059209360850057,-0.035238031162922276,-0.030121087401899966,1
92.9,6,0.017764565918327688,0.33141918947387317,9.806458909659483,0.06754076417175597,-0.0489630687509794,-0.06559388492074872,0
92.9,7,-0.12519244620365946,-0.1625539459537508,9.666584356395994,0.012508825295818041,-0.07296698730668415,-0.015693804353314796,1
93.0,6,-0.1406003659072649,-0.10915328529441644,9.939082148023227,0.00694390556662331,-0.05532129337206504,0.05561651188511945,0
93.0,7,0.06983080741494195,-0.04880591165795998,9.795262082937754,-0.03577696275208212,0.014854706046774462,-0.10308327476675412,1
93.1,6,0.17479185968197403,0.027323302411153196,9.981163360884514,0.040174004015461895,-0.031511960325441166,0.07254136501305357,0
93.1,7,0.1781776576179399,0.3329006623952613,9.98487438083964,-0.12364923387005007,-0.017556013346608144,-0.014437000397576963,1
93.2,6,0.023809244024148805,-0.27082559085466257,9.649462483402443,-0.04377867955346755,-0.0508647245012607,0.005136171328456056,0
93.2,7,0.014152243534270562,0.1686691948553981,9.805689564313884,-0.02569368700774955,-0.07155400352083512,0.03459519935000912,1
93.3,6,-0.044398242792287136,0.15150125762159208,9.790653730807543,0.059479835611553504,0.035770355290879595,0.05440273077394502,0
93.3,7,0.04336200957463035,0.11992276896804376,9.917800104906586,-0.0022757987251337997,0.01847707765535599,-0.07435006549996148,1
93.4,6,-0.04453742252941113,-0.04130926426323764,9.711972112583911,0.006217160972208474,0.1133327921711475,0.004049933981857638,0
93.4,7,0.013856093126641822,-0.12236984782746521,10.057239013478283,0.08250026744438299,0.03291834643437718,0.06854310704938306,1
93.5,6,0.3181844627996048,0.03382453425099699,9.941374968888054,-0.044697375239706544,0.029150850813002574,0.11036393866544131,0
93.5,7,0.36166709436416483,-0.034853372945577804,9.933873293160149,0.014664521116659751,-0.03764069338220323,0.07538503280290526,1
93.6,6,0.08702869887622645,-0.16245966854185098,9.597142604648425,0.08756791084886392,-0.041172779665495186,-0.072694303893425,0
93.6,7,-0.034652766670101746,-0.6107106626512965,9.786079547602823,0.05184103942051316,-0.006025824945482333,0.077498983091374,1
93.7,6,-0.24271266959816906,0.3901171428296238,10.135798539725858,0.0572353386703822,0.05675152435578978,0.048371892444709214,0
93.7,7,0.1605155728355063,-0.08581215125161029,10.193218764766488,-0.02039391447291096,0.013939827643574758,-0.007230306106647062,1
93.8,6,0.16398455305292464,-0.10264191008588144,9.825146372280855,0.016342391132409744,-0.013182891718112308,0.026833427174013838,0
93.8,7,0.28393486883463814,-0.19169512956794355,9.788865524288072,-0.0730525293432368,-0.03839069669845028,0.004583779266996434,1
93.9,6,-0.10360162207204088,-0.020513312695347997,9.876587432917722,0.032619514706016865,0.05452359545538204,-0.09303769427601712,0
93.9,7,0.10507000485437408,-0.1376326069999518,9.875719568815862,-0.04343831418584577,0.04806616118927494,0.013688412544635101,1
94.0,6,0.07754683545779698,0.3692421508934271,10.004496473525439,-0.05342269381453596,0.013977573591317764,0.036138979693125316,0
94.0,7,0.10337454504618958,-0.18464235360445264,9.9185728832906,-0.082842669460437,0.008183549520697182,0.10777664139271954,1
94.1,6,0.06390274753927731,0.03866944722124366,9.82848068655924,-0.04637688739918308,0.009322153870389094,0.05799588535797026,0
94.1,7,-0.2967757910168773,0.1587272103452172,9.993556903215682,0.05066496239322771,-0.03618744247454503,0.0005718432859566548,1
94.2,6,0.2786063948008239,0.03697634892508637,9.586082628189304,-0.034900413722621565,0.027008818227510757,-0.06653211027966817,0
94.2,7,0.2778550273868416,0.025786082856159638,10.1703214289019,-0.03907637766343927,0.06347501266674858,0.009704173321460272,1
94.3,6,-0.21320714836288254,-0.3470964600143628,9.874159907484403,-0.05647967524941758,0.0382908378619983,0.014237522566104114,0
94.3,7,0.0676170517127866,-0.24670007647246117,9.742540026551831,-0.01177577410997839,0.04223391015803099,0.04319935006843563,1
94.4,6,-0.046975575021258605,0.05080663626635107,9.724271332687106,-0.04612406300827219,-0.03658894319674819,0.014944026159608721,0
94.4,7,0.15213038981376859,0.17090912680153353,9.973569173924652,0.002119515566036966,-0.0031338664567801527,-0.03611016039591132,1
94.5,6,0.036458803228348456,-0.13558173674399687,9.912857709013712,0.05669067314740597,-0.04579789996699734,0.030827456380495933,0
94.5,7,0.08236505815583377,0.13767628051965072,9.939900902178945,-0.032585829152755555,-0.04526654743603999,0.027924996557321675,1
94.6,6,0.16641223306581304,0.12511784903707338,9.83623066951743,0.010106458390826877,0.020055905577112693,-0.05897032441093711,0
94.6,7,0.11186869719776336,0.08546332543785673,9.83071064488079,-0.04886793287973837,-0.0032132779257965853,-0.09090539375429127,1
94.7,6,-0.01384844850369817,-0.09419767803417706,9.707838273118888,0.022721923912108404,-0.028220164164802976,-0.103943824879453,0
94.7,7,-0.16148434448677365,0.16344874112509275,9.488715572572126,-0.0031239334643681526,0.02423672128658893,-0.04323488845340486,1
94.8,6,0.2805505143291615,-0.21776303288536006,9.560277626859344,-0.021214272681755422,-0.0841636188347536,0.0488107743519169,0
94.8,7,0.05069079737582266,0.07184174203788402,9.902597390691996,0.07563017390683376,0.009140320186951328,-0.0017319922940417743,1
94.9,6,0.2901136315049226,-0.11771673690967902,9.631269356671584,-0.008524864745675742,0.039047618133664926,-0.040737856369773506,0
94.9,7,-0.30834638341657206,0.15148250800243462,9.621320030747187,-0.008135637932910817,-0.01563340651985959,-0.07296882911092697,1
95.0,6,-0.017487366344294465,0.1506646632913931,9.951689528199188,0.025099084426916458,0.01885123428125895,-0.0034365265958500183,0
95.0,7,-0.16762491957965062,-0.017829430271343857,9.553300613868114,0.024298589809388628,0.027600206181337173,-0.008074037802849664,1
95.1,6,-0.07691569809882762,0.09471342066812344,9.622397831086877,-0.011794250671385035,0.039743285249802494,0.09445342602973468,0
95.1,7,0.2518990056102625,0.16504886013943512,9.862103756571548,-0.020483440211318562,-0.06318009519199087,0.007586417202757649,1
95.2,6,-0.1731872808927537,-0.07956679597172649,9.991252949538465,0.011938035358190905,-0.03980569504131599,0.028989265315023424,0
95.2,7,0.04830442676085189,-0.22926125107451997,9.917605681607546,0.07334225152593407,0.0032799663106543144,-0.02154646224697765,1
95.3,6,0.06518218270048176,-0.20190242285049803,9.804136828953903,-0.025112986151474517,-0.00782237003686921,0.06034913635309097,0
95.3,7,-0.018280507177499485,-0.10333489401109122,10.035656029820458,-0.027443333294438644,-0.05752246520204001,-0.030082529375037477,1
95.4,6,0.2607145719557166,0.2808490861762673,9.909277727658216,-0.018713176186033607,-0.050762795036982625,-0.04882704101003216,0
95.4,7,0.06472959055012678,0.11426659967774462,9.586223515269014,0.0028178191550946637,-0.024771905556553786,-0.02558511732473164,1
95.5,6,-0.4686901545727077,-0.23555118066765754,9.782375076456974,0.052434360440519946,0.046403385593975305,0.03775318581013051,0
95.5,7,-0.05771279461937689,0.09988827127555022,9.845568893218772,-0.028295713606297703,-0.025096949744577008,0.03903338268912704,1
95.6,6,-0.05176079437843394,0.3313728473503137,10.023565945057419,0.04830277840543008,-0.08479494642384283,-0.024563674533447558,0
95.6,7,-0.052837171706415755,-0.37801499308633946,10.039932642704308,-0.07447021792870728,-0.0534876207803353,0.04154516579328246,1
95.7,6,0.20956789143871024,0.03878302032890313,9.532780773390128,0.10706581574832552,-0.034806337576540246,-0.06092686792060395,0
95.7,7,-0.04195702558619886,0.12474155819689368,10.037561491872179,-0.05011726954094608,0.024509849803749956,-0.09853684471526265,1
95.8,6,-0.26206261208968645,0.44384224161707486,9.597430780181083,-0.026530395847523737,-0.020031563564324117,-0.036708213092482976,0
95.8,7,0.04217127290060196,-0.057407262739392,9.847592460134377,-0.013211540473769543,-0.023350976050020233,-0.03026424843868348,1
95.9,6,0.1875165552660414,0.10635441348102169,9.765936682387139,0.034246058053780615,-0.003064678753153532,0.09892266361136115,0
95.9,7,0.09202249828966524,0.2321479865734628,10.185017901972424,0.0354726293657197,0.005386032946027772,0.058556950731309315,1
96.0,6,0.31286935388829007,0.06864179801534347,9.641657665179853,0.01370977478872734,0.02375908896823018,-0.033076741443601114,0
96.0,7,0.03205311286989214,-0.1993869861207168,9.888621988963363,0.030212730036627694,0.09468453270402756,0.01054256590101168,1
96.1,7,0.1330120776720624,-0.21224933184508232,9.978630361391295,-0.028327221233407685,-0.01987938664308236,0.02120222985088537,1
96.2,7,-0.07869994957295862,-0.06150635437333305,9.761520614513234,0.02362953472141735,0.10967810641089576,0.08602113088521453,1
96.3,7,0.10846238545319153,0.10857193056422437,9.641900534673367,0.07963087702680977,0.01233159412348097,0.07255191168498785,1
96.4,7,0.16809171054512878,0.15599691864912196,9.70502560059682,0.027437777227323257,-0.004485594916923286,0.030370187135466232,1
96.5,7,-0.2082062447709066,0.04351433601163304,9.714700562251814,-0.00970044767322724,0.009158643354264645,-0.03804720602226118,1
96.6,7,-0.3407622002863296,-0.009058298858916432,10.06188652812983,0.00048721127268933355,0.0014941514793270936,-0.012024633923003595,1
96.7,7,-0.41230630669122725,0.039291692965532074,9.715855515860545,0.030661694306552162,0.05482782372031473,-0.010207218214302862,1
96.8,7,0.15329685517494251,0.06335428802685587,10.014491279146785,0.03275385498844621,-0.02607485437703712,-0.02184382602784124,1
96.8,8,15.222712452457392,0.3151234709134465,9.525526378772582,0.00252463430826993,0.06098828585572028,0.024527744397522866,0
96.9,7,-0.14340524086664666,0.1778030577816018,9.770551495101854,-0.11397231532786128,-0.06416675732008514,-0.004553876396702044,1
96.9,8,-0.026729508768640067,0.13714771694960193,9.546440090206382,0.0221001258694392,-0.008551105115424803,0.05604104992511039,0
97.0,7,-0.2482237799456166,0.12314611524106325,9.996393657286008,-0.05413249606927245,0.005478238361247086,-0.029167568259274235,1
97.0,8,0.24518755105171386,0.11595998921082198,10.063747073900617,0.10183158036430298,-0.043630385515613185,-0.05746146837101687,0
97.1,7,-0.01716756323582706,-0.234658597376576,9.777925292291053,0.0473906994909494,-0.10731462253542912,0.05777226861067587,1
97.1,8,-0.24875562141922003,0.23374431156190464,10.062573601534474,0.019403350410867336,0.05882957005594285,0.022581785419157813,0
97.2,7,0.19426154303487997,-0.15029987814845766,9.823626805046032,-0.014668700554838857,0.011304302876823708,-0.08436936175732139,1
97.2,8,0.0054627865807138805,0.014534398479674505,9.890303780071829,-0.11328339107822379,0.008985054705490164,0.01959847791898259,0
97.3,7,-0.13067919125395558,-0.06238935442112275,9.665975097531662,-0.011042055905267655,-0.002932153700458564,0.06666386810325724,1
97.3,8,-0.20238428771366315,0.12762361123835925,9.68222691175193,0.011046543726052512,0.07222464551618928,-0.026898927071428755,0
97.4,7,-0.18532443368382168,-0.060519343321058565,10.124423123140886,-0.03338939633942982,0.028992147224141653,0.089987300970484,1
97.4,8,-0.03764653506512354,-0.1351411671215401,9.757582670221398,-0.07921829867554864,0.011960137786588453,-0.0011495819508050321,0
97.5,7,-0.21935263884660838,-0.11987817802937102,9.589834455669937,-0.004568882531087024,0.020383218696842304,0.08137144844002524,1
97.5,8,0.037096438899711134,-0.07360563946500241,10.100667044504117,-0.13988395427041542,-0.012978255535837408,0.09971665209935615,0
97.6,7,0.2112115250908636,0.17562364946788545,10.079377421014927,0.02944869380920479,0.019966341294107348,-0.01026095080027917,1
97.6,8,-0.3977392892565501,0.19698786142144675,9.52140641172646,0.08211180558869471,0.022019321432857158,0.027919750119648076,0
97.7,7,-0.18687614035500086,-0.10684252796131466,9.750707208398802,-0.0027574293619583457,0.1460368901270567,-0.04733226149591168,1
97.7,8,0.21617277403378554,-0.01357946481043364,9.510082643379615,-0.07830580482972314,-0.026046555029844654,0.07894936222156973,0
97.8,7,0.2004469509831376,0.09035005439656732,9.689334225193258,0.003264379901995668,0.043598635369066364,0.05042062237098913,1
97.8,8,-0.10537098542835686,-0.10366709211529389,10.055973960574212,-0.028277434428442556,0.01851261261350102,-0.05868049212831647,0
97.9,7,-0.014637780187723602,-0.05203249314061251,9.677447741935818,-0.07469988905571345,0.07504847997615173,0.021705948095081078,1
97.9,8,-0.3591766905746285,-0.1245718075892794,9.51998327110388,-0.002539073770456687,-0.07935200951566107,0.03365719530258462,0
98.0,7,-0.31690780815786035,-0.341518666012098,9.93820913722869,-0.03627338689621862,-0.17841792214296406,0.04984436174375519,1
98.0,8,0.029538730053772035,0.0408165842012406,9.218890982141602,0.04534248846505396,0.004162732705968394,-0.06520069554017327,0
98.1,7,0.16030848656810615,-0.1349505918347096,10.216707338964103,0.009994665611788446,-0.036841577818782625,0.012443803466352672,1
98.1,8,-0.08315885364726187,0.06649533483221404,9.793678528284312,-0.07560987275227839,0.016796008265276174,0.010923361137780955,0
98.2,7,-0.34288630377169044,0.18697799346848243,9.79197317912846,-0.07964285266058423,-0.014489438804624367,0.01740438119691587,1
98.2,8,0.20937934435712477,0.1606504894255655,10.123437995979465,-0.03188012249069578,-0.00632542818238674,0.020908238393742767,0
98.3,7,0.27059611572962367,-0.31631332793220235,9.65186243080298,-0.001732268622049062,0.07089870859759803,-7.664866113530352e-05,1
98.3,8,0.17270340439804244,-0.09627000331918728,9.701430790747933,0.024380230277713084,0.05580425618274887,0.10179641211084622,0
98.4,7,-0.1805440325286149,-0.10553635816289189,10.143614626773502,0.09008574009804468,-0.03328005603949721,-0.02797016013769295,1
98.4,8,-0.017672554372433407,0.1657174632014644,10.131528721302711,-0.03938867369009641,0.04327729770707265,0.02589755026237675,0
98.5,7,-0.12765215166188912,0.024170231726669586,10.105984110548043,-0.04180294783672789,-0.012444888192859483,-0.011032591414686958,1
98.5,8,0.3055630548355308,0.19489667002381514,10.208311995975043,-0.016893759272609207,0.016526930809678257,-0.046103438668031904,0
98.6,7,0.3306972206334581,0.2632264640891576,9.878982540476464,-0.06035850042669081,-0.059971616636890726,-0.0560751872117263,1
98.6,8,-0.07828502130468003,0.07030763581937513,9.599937865374782,-0.00301444675052466,0.0442244894328241,0.0653650384248559,0
98.7,7,-0.04362476771894015,0.38021920098813544,9.831211902503803,-0.025332696361510566,0.021187441836664638,-0.024268923685510015,1
98.7,8,0.19215353690687154,-0.046861933950685816,9.937084372735796,-0.017155179199235353,-0.04108821545346175,0.052232261978288896,0
98.8,7,0.09911345419011491,-0.028135086588217423,9.749678610415755,0.029917395485590567,-0.07034078467614843,0.03151521003784033,1
98.8,8,0.24820050512546787,0.464239578675383,10.072085427246035,-0.03692324602883053,-0.014213897439166831,0.09803644305427314,0
98.9,7,0.07660266559816062,0.07030833156813254,9.800820513042753,0.07253033683963,0.029903184312193437,-0.07887985712436865,1
98.9,8,-0.1342840613710316,0.4573683994078932,9.740475133394565,-0.016963541343977276,0.03511272137779297,0.008779733612450715,0
99.0,7,-0.13845580126210824,0.1313070171181968,9.86179115429642,0.1172301058202489,0.037818010016503194,-0.028680455414851504,1
99.0,8,-0.07086051359820791,0.18911869378182583,9.726041305462715,-0.04521308451793102,0.03570854252997745,0.08161200206422986,0
99.1,7,0.40852039939202833,0.0010565317133931797,9.80344852721908,-0.039188378269838134,-0.006239189754022197,0.002638014417583637,1
99.1,8,0.247530741628098,-0.016109032991037928,9.928511902369248,0.00327622727556781,0.013143553557185628,0.00943990450848039,0
99.2,7,-0.03254866770576803,0.11919966282786183,10.022914837010992,-0.05788574047925321,0.05248126888117867,0.006309130283648172,1
99.2,8,0.12802018442073257,0.05306485556551432,9.683655353550176,0.10671767974580747,0.07970029499307134,-0.07660852049557353,0
99.3,7,-0.4286018811578145,-0.06041108302370268,9.994573122517233,-0.018200521635160043,-0.07361744676885486,-0.0048624527939609115,1
99.3,8,-0.12880005444648898,0.1953961462769937,10.100334204895091,0.012436771324560371,-0.06006576070381645,-0.01845583535386574,0
99.4,7,-0.17912646977339397,0.31917948336380847,10.182476493018603,-0.039563474392286954,-0.01160202436857451,0.09260897748658456,1
99.4,8,-0.0024361009892371875,0.09921906022850506,10.245005558336487,0.04367884912829055,0.05175102792876301,-0.08243937863178968,0
99.5,7,0.1203982504319313,0.1397827031502263,9.774407887320308,0.05309516874841319,-0.04101805525937942,0.05296331985049079,1
99.5,8,-0.1726463456050045,0.37741201566227484,10.1543842668102,-0.005399097534562691,0.016559923089454157,0.07637515784525158,0
99.6,7,-0.18507818829097777,0.4492726041933514,10.008110442170912,0.08572424721362006,0.0003675730228136691,-0.010304277073149485,1
99.6,8,0.07637317195230363,-0.20852318958628924,9.850503159190596,-0.05095300476834559,-0.0039670128381146565,0.02528551245308885,0
99.7,7,-0.14894840878993318,-0.11359837966003744,9.820135709613703,-0.05679111935331221,0.016254853246281727,0.031749018767297014,1
99.7,8,-0.326189836667742,0.13006520658793883,9.618133049218258,-0.034146274892965796,-0.019517927702337613,-0.011644699939141773,0
99.8,7,-0.18572164270196248,0.026792803124614753,9.828431243892092,-0.004057917472091286,-0.05534500099452641,-0.005067622100927086,1
99.8,8,-0.3409551744458633,-0.15581506752959837,9.66885293467525,-0.027237474253388152,-0.019727385953734248,-0.055620442079121604,0
99.9,7,0.42128008264731553,-0.12651303972746694,10.262441297577617,0.059958445024187706,-0.004572132568935941,0.008525015473251893,1
99.9,8,0.1418392244093348,-0.05127201448048602,9.750944092972755,-0.013470584806488002,-0.03487470405585779,-0.08144427447408764,0
100.0,7,0.2951125202091809,0.10222083268583311,9.605170200785041,0.04933640507626991,-0.03190865793917435,0.006668060192378689,1
100.0,8,-0.03843981619645656,-0.4248344905758952,9.848201751811079,-0.017478912187819013,-0.08271367286889034,0.0092631007157036,0
100.1,7,-0.09415112678398224,0.32593729145287914,9.628882653836124,0.019663585126549442,0.08753153691548599,-0.03705958667485579,1
100.1,8,0.29532370601815655,0.11160985462779359,9.587937665206073,0.027216755634295972,0.0023513149803213447,-0.1038440181007529,0
100.2,7,-0.2384015382451065,-0.24278839229370935,9.97353558237529,-0.010222978803110572,0.04413910894946998,-0.015818601817796197,1
100.2,8,0.0012859313065733881,0.0854054635571179,9.779719443105446,0.04081582060116817,-0.040610776774642005,0.01581607001116035,0
100.3,7,-0.028254671942565975,-0.11018807362040604,9.837079704358514,-0.026962718633753387,-0.05421337609466692,0.010486462231665862,1
100.3,8,0.10253798954446372,-0.3429355179102639,9.77970204710921,-0.015596038271090077,-0.06276300777690856,-0.014760392694982702,0
100.4,7,-0.11304768532341457,0.07609719996212408,9.870115001326647,0.010005618951576497,0.06596172069482487,-0.01364303786262431,1
100.4,8,0.0075193006736467526,-0.20083336362876927,10.08827496121447,-0.05802268815540734,-0.06538811078565092,0.01768605359873089,0
100.5,7,-0.035156769712954,-0.12427735924891384,9.359666565877008,-0.009402324315251663,0.03652323181756818,-0.06530591239822534,1
100.5,8,0.31521349048500114,-0.06975899444427623,10.070557725455698,-0.07639697823689952,0.058401085481408356,0.018944290914769374,0
100.6,7,0.23381259654558179,-0.15507702555240485,9.77873076795568,-0.033693835263531355,-0.02187415148791777,-0.11002781472451373,1
100.6,8,0.19323583338158334,-0.03764747794017282,9.45405284238246,-0.03634633912243997,0.042762521652181314,0.00026092931416519627,0
100.7,7,-0.08903487991373185,0.23098007224025785,9.917602635275433,-0.06223210775954198,0.024807210920652994,-0.05305562320423854,1
100.7,8,-0.14939165030356943,-0.16969627158017606,10.118524759775932,0.05546495951315666,0.13728766851833635,-0.05294028206923808,1
100.8,7,0.2828687613523614,0.2039945431666483,9.840863849309622,0.018958913561402054,0.00879015616860903,0.03195684652956549,1
100.8,8,0.10096472382669926,-0.006114845970964401,9.942027409763883,0.06075413370478211,-0.014505034974373474,0.0842482858396653,1
100.9,7,-0.05271390899159476,0.00031367665019533766,9.738998079517085,-0.02338770118972592,0.022235452957394448,-0.061747363248127164,1
100.9,8,-0.2306892634221351,0.014084786592477236,9.738520925533416,-0.005988598872378502,0.016141670501486485,0.040095699478227276,1
101.0,7,-0.42791330807238515,0.004185948407125961,9.758321806203417,-0.03344092850919039,0.0037373507212091553,-0.1171667803384386,1
101.0,8,-0.021023339419374478,0.06469606031011536,9.589638465371298,-0.0356096065274599,0.046163300093519787,-0.048954229744298,1
101.1,7,0.11469185532295917,0.20401865245705314,9.736613144625723,0.011917760135564417,-0.06551123649929856,-0.04601592779072921,1
101.1,8,-0.06922312046473743,0.02137058683826396,10.118101053988319,0.042841172533056415,0.043148394984878796,-0.03481132340148443,1
101.2,7,-0.04453660620636404,-0.19929342940709902,9.92602728419167,0.028010822320279172,0.04514067718347426,-0.02661340260331438,1
101.2,8,0.005063812855122423,0.25927093748926117,9.782317403633074,-0.04402867968739398,0.024879168306727345,-0.016305137939537816,1
101.3,7,-0.3826130196808035,-0.12157046537597008,9.802878447627991,0.10516786040772759,-0.024897315958523347,0.03656288825585753,1
101.3,8,-0.07934454922377483,0.0003342158823676848,9.731606273308005,-0.03383207558541209,0.0007512476891011882,-0.08871927791331445,1
101.4,7,0.36584862401101825,-0.05138195049077124,9.64952335360333,0.03876501134764436,0.01791473071226863,-0.05118255691302655,1
101.4,8,-0.07719622447212021,-0.011617504331968412,9.859774459777983,0.023041106449715517,-0.00028299014017340657,0.04157666406100719,1
101.5,7,0.07808060887207102,0.10644910547832101,9.81872453594856,-0.020142943630802105,0.09387303979719128,0.00856431829891712,1
101.5,8,0.25912878285165064,0.26381293331545846,9.731978874698353,-0.022454419391528372,-0.015900690745516078,-0.04033463339122059,1
101.6,7,-0.09835271115456812,-0.4109201791537146,9.732392160182307,-0.0248144935915786,0.013909743848494943,-0.04583130255480285,1
101.6,8,0.21546917073275057,-0.251926957832509,9.99170156044252,0.07178410875144492,0.0468750271072392,-0.004684245728978295,1
101.7,7,0.26259955041081473,0.052093484302727956,10.10600330881769,-0.02057333464294554,-0.06711938865111232,0.07507407719280335,1
101.7,8,0.06647112413900272,-0.24942262073693267,9.65794844439177,-0.03667348669431623,-0.04007764496908272,0.05905212014596627,1
101.8,7,-0.2306884759980452,0.003200878742464396,9.54613307423709,0.05226580006906045,0.031074129210734314,0.024864163388096397,1
101.8,8,0.006314127749392411,0.24070049793831316,9.680894207447453,-0.013723518402288585,-0.02803552066219486,0.022943003325255767,1
101.9,7,-0.049782919561626976,-0.06289453310103035,9.974209973544257,-0.004562676177472862,-0.018846290779518996,0.03417736161993812,1
101.9,8,0.1619668904606416,-0.0084525227922952,10.047284492691778,0.0007529355930353044,0.01006475212937231,0.0015801895517681725,1
102.0,7,-0.4813997526102449,0.3493358473498225,9.981465209168299,0.011809365421669132,-0.07797065550697985,0.0007794368307195435,1
102.0,8,-0.033187207259930566,-0.27194502879067534,9.810760873894415,0.0628535854153951,-0.04627150817304265,0.04271547913341646,1
102.1,7,-0.1032336397766043,0.10576991019198466,9.847625504519744,-0.009533131335124987,0.027143471116622016,-0.01972696605943881,1
102.1,8,-0.07436662007203683,-0.012056981101807994,9.608442890010489,0.03185314550266631,0.0638940127426637,0.0016875000648493286,1
102.2,7,0.0904659230603781,-0.19605623853301668,9.806500622479028,0.04822578545971074,-0.014425690527008768,0.12032770774716216,1
102.2,8,0.19936240758410026,0.188056405505587,9.940935424516756,0.00910252483307819,0.04781720061420666,0.03330503884996177,1
102.3,7,0.03733955985028367,-0.012478632506517998,9.406420435679836,-0.0019637068485187383,0.0029260040191689007,0.0767701036361455,1
102.3,8,-0.015451009554119308,0.2870528574381261,10.227182833879901,-0.10681070007991533,-0.033754406390437544,0.005148996838119507,1
102.4,7,-0.22249771897190637,-0.34836421544877416,10.148771512217643,-0.058692798209831955,-0.0071669403991145575,0.01348676551758795,1
102.4,8,0.24563269180147454,0.012452188409807635,9.759197636606611,-0.06477916356919024,0.027973788028549464,0.0030570021591764464,1
102.5,7,0.2656075464929812,0.029954793256461727,9.942822863557241,-0.0009493744799252025,-0.050408158018506156,0.06269381712095638,1
102.5,8,-0.03400674462886156,0.021556657801976388,9.794123994664137,0.0308712052377203,0.01219081852925395,0.04701271228349305,1
102.6,7,0.06309601455067257,-0.06866116891980138,9.59462529148222,-0.06126770388366402,-0.028136431140022386,0.0018548032207659191,1
102.6,8,-0.02698915558817776,0.18597727484280668,9.77043763339456,0.025792959314956322,-0.03236549069017466,-0.033320440984891335,1
102.7,7,-0.3421165458014207,-0.06822530222507402,9.539841473980244,-0.033013242158196114,0.03873555719013869,-0.01386066880224856,1
102.7,8,-0.35954078222784347,-0.18258867367731077,9.822965372489131,-0.00961188576622987,0.012971802847533251,-0.020434002781981556,1
102.8,7,0.11799892234523315,-0.03324565778467611,9.851133559543223,0.020428631796962707,-0.03705062127113766,-0.07311840129482995,1
102.8,8,-0.012745673117280044,-0.13885290599751432,9.90160158067299,-0.015543559443861496,0.02439115220260643,0.00043098618822815676,1
102.9,7,0.1419318347735906,-0.01914693638580039,9.633148209011399,0.028170876613950797,0.014643255017947368,0.04460153055548365,1
102.9,8,-0.21225145966030903,0.03034676904451198,9.787887837138394,-0.07159508301547898,-0.013469095127019074,-0.1294429471747842,1
103.0,7,-0.16861943201535834,-0.11405497760279225,9.988661904251567,-0.09338347100230246,-0.0587925249627074,-0.04901004760471331,1
103.0,8,0.1771823437467524,-0.27675957109517685,9.445012820979077,-0.0031610136246209178,0.06573410246673837,0.034107951093289755,1
103.1,7,-0.06934432923733114,-0.0014126961830986703,10.002465031589542,0.010776326305129352,-0.027790216370828076,0.0658696554428709,1
103.1,8,-0.00931056329252888,0.27451868627132214,9.926255371312374,-0.03181153780373373,0.03754205535914033,-0.04457489668350945,1
103.2,7,0.1092667960296585,-0.0865222827524656,10.231903671908347,0.07893793631560672,-0.06358587333270371,-0.03222426715684604,1
103.2,8,0.08157570274787836,0.1275004972725182,9.793685291833143,0.04451679235450285,-0.009841936403032575,-0.08569609880815016,1
103.3,7,0.5684892339550949,-0.1468888468113598,9.837513452644261,0.0018295755002688274,-0.07754396006016188,0.00872927919346184,1
103.3,8,-0.10739537935812893,-0.07484287022461847,9.891219000584554,0.06470697327729034,-0.004395106514948282,0.0018150644721157295,1
103.4,7,0.1107910440136229,-0.24598442738184617,9.222518645662662,0.07275335294702225,-0.09295426850161653,-0.024265740387781957,1
103.4,8,-15.163058040480179,0.31859102250256915,9.484719700508057,-0.06387879618115716,-0.031071561415426607,-0.0418215119097651,1
103.5,7,-0.030180939517111528,-0.17769883874716938,9.856163547441309,0.014890533728391367,0.011613427652649944,-0.040465418333954666,1
103.5,8,-0.02202100181803093,-0.3906268462946998,10.196708129821008,-0.05539330172263646,-0.030816256366644146,-0.0611124511573365,1
103.6,7,0.2760766869468853,0.12566216619988754,9.593489648619316,0.033372546717441616,0.039516049303350544,-0.08751824654411532,1
103.6,8,-0.08698778867532679,-0.2926848473304938,9.74034649346655,-0.060113731361609815,-0.018275780416657585,-0.003965883030695709,1
103.7,7,0.07779391878297033,-0.06105200055621383,10.00715940779223,-0.06405990413246582,-0.026837596718530074,-0.00527655751492568,1
103.7,8,0.20097291283353483,0.24630600383426235,9.837043027451866,0.021095004606609492,-0.005283152081051763,0.05937846891462602,1
103.8,7,0.35595685285900325,-0.237473862899642,9.985736922697352,0.02278870689466541,-0.047439626116583644,0.02730238275763712,1
103.8,8,0.453798443070379,0.10141123009507612,10.022062702765217,-0.09138131544411451,0.029357887148594015,0.01906104346214874,1
103.9,7,0.3038929945165069,-0.20502623926147062,9.845585773309068,0.02755985193216544,-0.002846686264953791,0.02686052421683322,1
103.9,8,-0.0903671401928973,-0.14301795299492073,9.736012878284411,-0.029470323058394195,-0.02084454023656595,0.09645692510763193,1
104.0,7,-0.016104569063518825,0.012206901955244105,9.999234077222425,0.007647033664575236,0.03129730900809268,-0.019212072181264223,1
104.0,8,-0.044929680650380416,-0.3052794476779888,9.326024381782268,0.09535318828148513,-0.0035721875062994565,0.07462398277252637,1
104.1,7,-0.02540847007164615,-0.026238129088167136,9.466795342481994,-0.06968448413600728,-0.06257374290627589,0.004848062149091778,1
104.1,8,-0.055961118501043516,0.30446940277305745,9.789529499370877,-0.03287023220908072,-0.07672092173407813,0.003228376388877488,1
104.2,7,0.1873417789725413,-0.3634167630960981,9.810080538053027,0.007813798945358408,-0.050284029700505384,0.06076425707267106,1
104.2,8,0.19587102199020537,-0.06757821534851487,10.325102778253193,-0.046862358696891565,-0.01726487803892068,-0.06685728502672696,1
104.3,7,0.08670021347564866,-0.2179075275098549,9.853976647949983,0.006110666489583962,-0.036701052260685936,-0.0007590246087288987,1
104.3,8,0.2228966362373868,0.014196216207450242,10.110427316169938,0.00896345223271475,-0.07928223674118604,0.07757533018500352,1
104.4,7,-0.21242426291508482,0.023561147669958156,10.103575711243241,-0.008862522688175343,0.06336282726627916,0.03953701281601465,1
104.4,8,-0.18522223570305196,0.2709020214982012,9.779645994017141,0.0016822316927452346,-0.03321488791459341,0.024370640214140378,1
104.5,7,-0.1529336571916883,0.03260041148559273,9.89198118535956,0.025055161015397488,-0.11645719790554517,0.045796288076050434,1
104.5,8,-0.29682409611197,0.0651162412891729,9.378344221013908,-0.025141697982273843,0.07150046853431698,0.005361134984809162,1
104.6,7,-0.015151998067059209,-0.1252158155047249,10.008364580754929,0.07457487158387009,0.051077629241670745,0.0012084261547614173,1
104.6,8,-0.12416638242597813,-0.1545316427563103,9.782335634259566,-0.013823583950456943,0.013210038822683089,0.007298945605597806,1
104.7,7,-0.034348178475874284,-0.3844509281535915,10.039595835328521,-0.025891031020569645,-0.03596041391022001,-0.0032350512411501043,1
104.7,8,-0.11366029225206678,-0.3454647332412322,10.08186183112312,0.06438834606175615,-0.024389629286992842,0.03593635628624967,1
104.8,7,-0.15899404273615314,0.2000690889505637,9.483104679145159,-0.055484091202281274,-0.010361870740433161,0.02961411328186584,1
104.8,8,-0.08399756001933126,0.4896970089953726,9.810960803108296,-0.03623603442360287,0.028250038481658208,-0.017110038325369597,1
104.9,7,-0.5026495136839262,-0.3870209452257296,9.590004771970511,-0.04363205733790687,0.010444799978089222,-0.0182383843622668,1
104.9,8,0.2683932112848461,0.031066831960468912,9.482573123387088,0.02903819150248528,0.03654349900315135,-0.040311560100959806,1
105.0,7,-0.18554140311967035,0.14262428789917297,10.060739029963347,0.08820826124531903,-0.08495032412121624,0.07863839957488375,1
105.0,8,0.05347023837424732,-0.29425458015971084,9.329749213502192,0.06733467819329167,-0.06876197875452482,-0.06824248619869132,1
105.1,7,-0.012130441476047605,-0.025956501848161825,9.835465039552592,0.019939681522981006,-0.025611111772613594,-0.06518300050063545,0
105.1,8,0.3038301014561987,-0.22238522255145776,9.869710279980858,-0.06898547635482742,-0.15253166168666565,0.037226465815819273,0
105.2,7,14.705896806120448,-0.077357307091127,9.961888007993103,-0.08750986015243119,-0.04028431605067114,0.027351209580044656,0
105.2,8,15.000275735666799,0.35209575313972175,9.839110589764555,-0.0480390050076648,-0.060727317873362135,-0.021831668739607124,0
105.3,7,0.12034763429421261,0.03530253660280353,9.780822140605242,-0.06209254538504479,-0.024798254356203656,-0.007200849713637297,0
105.3,8,0.1524344395745859,0.22020122253382907,9.716191136816674,0.024876426360469384,-0.006449912933088719,-0.10135710631694161,0
105.4,7,0.08110335715420039,-0.1374696324090381,9.957566445966513,-0.024048239114404093,0.06706594924328407,-0.050517704184942086,0
105.4,8,-0.30520400350991805,0.21733453341674,9.828965257145088,-0.055529925773188396,0.02348177225273429,0.13635121389155985,0
105.5,7,0.47135172944189385,0.5228162892992222,9.752225508504472,0.07279472425184784,-0.0025120592212889113,-0.05985656779259382,0
105.5,8,0.11797243990457734,0.31880288604761486,9.666910008168852,-0.013109768685481327,-0.03954474510372141,-0.007244974229500545,0
105.6,7,0.1859340662305138,-0.23484801859554044,10.023812696658675,-0.040876466814941524,-0.03816390922361326,0.06081697495854979,0
105.6,8,0.4513515788125447,-0.258174289859419,9.926328580700153,-0.008024569033776198,0.07284900572973506,-0.046047490569355004,0
105.7,7,-0.20680852562441163,-0.22497612980371864,10.14643883880888,-0.032570957825792134,-0.029349838552366093,0.0007665567466311528,0
105.7,8,-0.10279761307969336,-0.316660747063472,9.78534619444376,0.006369216679583011,-0.028300134890982487,-0.04099481360472934,0
105.8,7,-0.06971356959797673,0.21039306079718167,9.943604204128269,-0.11079229614514596,0.0607806576447585,-0.056887814031652086,0
105.8,8,-0.3472743696762872,0.07598231392748249,10.108777459443013,-0.006921470244068734,0.0014067179135237365,-0.016730251576128955,0
105.9,7,-0.13629166457377132,0.22410630989751504,9.534100540900827,-0.0020355263056780356,0.04577908622028279,0.07718637583857323,0
105.9,8,0.07665271390546224,-0.03709534068404111,9.57103301818819,0.06908625949493173,0.05009183072120508,0.007280969381729047,0
106.0,7,-0.18583769740655054,0.06676025539366973,9.431532000869522,0.027462683352594927,-0.09571560113206394,-0.014803398917465283,0
106.0,8,-0.23393008583230324,0.13726350008655638,9.99539862811118,-0.009515617772565049,-0.002615825707139077,0.012550538888777494,0
106.1,7,0.24073769527502809,0.359781827694272,9.359920579200391,0.04529081513624599,-0.036681684695421546,0.007696865809211695,0
106.1,8,-0.15599901684519282,0.22877981255699834,9.91216346226286,-0.03531466745643955,-0.04936248067577544,0.00047024838337659717,0
106.2,7,-0.4064907757326814,0.0906884479325431,9.874149729786145,0.005945119070946231,-0.0015109813044475364,0.05120795368349029,0
106.2,8,0.1623046090134195,-0.27981572302144764,9.595704133771067,0.036909965891133455,-0.004251295378347088,0.028665260011397888,0
106.3,7,-0.06630248982525275,0.34716845883127223,9.46174962576364,-0.01651929816583319,-0.03336018397360558,-0.01928945145690196,0
106.3,8,-0.05221305175401752,0.02428997374579077,9.535225133054574,-0.0234892135168065,0.08646472220336267,-0.04808274185387811,0
106.4,7,0.15652168011379203,-0.24760980520463455,9.668392838063902,-0.037005917130790406,0.06493851578375558,-0.06251932776776276,0
106.4,8,0.32309143110557825,-0.10170342098387264,10.022166768528345,-0.034736534418180254,-0.011911170042576004,-0.030140474229580307,0
106.5,7,-0.029722105397911015,-0.07680745342879397,9.686102534279401,-0.010286487136338639,0.0639634349024284,0.01638602994260476,0
106.5,8,0.37770675544589183,0.31797168976059803,9.800301905787979,-0.05249893710830072,0.023908550221293946,0.009512731049497342,0
106.6,7,-0.11985299183842837,0.16600246335928912,9.469485150959345,-0.05949076350404795,0.03010486371376901,-0.006269863779604983,0
106.6,8,-0.06330124118106516,0.37592891515363597,9.952306319010132,0.037529855795841796,0.033208915720649754,-0.003674776701259637,0
106.7,7,0.20980546694834376,0.05261396725936173,10.068295406972087,-0.026075116470771504,0.041782390606064285,0.004018261823160541,0
106.7,8,-0.18637659293713751,0.007053709266422194,9.403932703692718,-0.05507310876353311,-0.02432935439559465,0.07705418040813537,0
106.8,7,0.13760188602430698,-0.07077468632225155,9.664566926566502,-0.06730439162508471,-0.0014499114480261374,0.0290091896981795,0
106.8,8,0.2999213009390138,0.12255433807629373,9.407146728444362,-0.005883945208987053,0.051481369926657077,0.0919015982778012,0
106.9,7,0.3951848456703381,0.10165527207474363,10.115739646289002,-0.023736038607549238,-0.0261287113709778,-0.01350040653072219,0
106.9,8,0.0038498674613877387,0.18924602797511397,9.782590524724672,0.006331673109839346,-0.019656622172471095,-0.0025238008602528764,0
107.0,7,-0.12935850753532485,-0.20822094557369555,9.705526362349003,0.0012737115053849015,0.1309120365812498,0.03646663991760402,0
107.0,8,0.26801824737489327,-0.10543611499790256,9.949466657258526,0.04093513054811421,-0.0371291319441504,0.047003166340059466,0
107.1,7,-0.04382862089271204,0.4109261585205231,9.524641669932327,0.05526365323757124,-0.0023706453408249735,-0.015889563813947266,0
107.1,8,0.007976055244753637,0.08132956229853538,9.854674613751463,0.007720638739708467,-0.029280812678516368,-0.05609827625887486,0
107.2,7,0.2230396974736543,-0.026722465824652743,9.779330232760977,-0.11616365187944303,0.04171757324579664,-0.05648326045556898,0
107.2,8,-0.1401911417225712,-0.19704318984932573,9.693875628733583,-0.033423821548693396,-0.030984196340273787,0.051560048596404,0
107.3,7,-0.01800611472328203,-0.1765319423480476,9.579016746138993,-0.07144455062498943,0.050337959181994164,0.006067970174803258,0
107.3,8,0.22293170885270636,-0.11108396033618001,9.357248555540544,0.02251185170556088,-0.03044151888727847,0.0704573182360028,0
107.4,7,0.03332185667028063,-0.16223469603198395,9.739976928393013,0.0011034187987071108,0.03290627530847396,0.027460016792002957,0
107.4,8,-0.005531794559534449,0.20116827381311803,9.827233045053482,-0.010151179521968326,-0.03182419782345929,-0.07034349960972201,0
107.5,7,0.10500450021020408,-0.01272675299823915,9.935888753599468,-0.046136385395039385,-0.07758922546342312,0.042762138091378826,0
107.5,8,0.24777905168795514,-0.08377601634935228,9.675224792636113,-0.010951449606898906,0.051192537310494585,0.07126345717769762,0
107.6,7,-0.09227097693238318,-0.05087456434230293,9.377974847236905,0.05889818020804521,-0.047999805564050396,0.04168353625533258,0
107.6,8,-0.1176895748014504,0.027019828376917215,9.974257330378837,0.04182230720498453,-0.03388256965451546,-0.05897610988108279,0
107.7,7,-0.0520330126186338,-0.1574843454912822,9.690799077557507,0.03401519036693767,-0.05862045157431839,-0.02085989701187771,0
107.7,8,0.08609843218956287,0.3566374923211298,9.856489792710034,-0.0049001863355974985,-0.12639214369523533,-0.06924187255955647,0
107.8,7,-0.09374346503519572,0.1455611003956814,10.247736775020245,0.0019464932228922414,-0.029715066975068805,-0.06992817900876659,0
107.8,8,-0.003424829906304607,0.02620140346841586,9.728097024080304,-0.06448872018206035,0.08286155928299438,0.0105087457911223,0
107.9,7,0.1938269583273957,-0.035687735842882026,10.017954743266442,-0.026463438372185878,0.010889273641244073,-0.11155896828078925,0
107.9,8,-0.13782154182532783,-0.0640696638824944,9.712243307003712,-0.07706323395417475,0.032648030661942044,-0.0686913140090197,0
108.0,7,0.32277763615613964,-0.054528820754214925,9.92098706200999,0.022672090891127553,0.03150526810240263,-0.012982474953587808,0
108.0,8,0.01152654339632147,0.11082182324084425,9.74999937335821,0.056840860483165834,0.051640349945282576,0.055990726013823815,0
108.1,7,-0.22516162925313699,0.1900628274991064,9.68222786793066,0.0336135270625158,-0.0819979640176959,-0.03633000287915895,0
108.1,8,0.010977973803099665,-0.1778442777721797,9.905623492632648,-0.012906393065322493,-0.06351917035324826,-0.024452585857725764,0
108.2,7,-0.3591587190650512,0.17126276843946028,9.682541360909791,0.010521250044661298,-0.040483276837084095,0.004084143980280414,0
108.2,8,0.06450003756152672,-0.04833687666640721,9.4196181683774,-0.0027393861291134004,0.033268129491290786,0.052692529383847136,0
108.3,7,0.0729201035374208,0.17737790878791448,9.770980445057505,0.007154158698553729,0.09968784555533261,0.05309241040913135,0
108.3,8,-0.13124622329173521,-0.28525942476032523,9.770927051760184,0.09705842745275789,0.0033098693427858006,0.06426580697889826,0
108.4,7,-0.07642370822180715,-0.17024038347857176,9.404649978082752,0.003203637197933787,0.010640263176555774,0.002858416310381945,0
108.4,8,-0.00151874446265283,-0.12125123270853391,10.2335874584434,0.022455632473128984,0.01452351809719498,-0.04163346901059007,0
108.5,7,-0.21742375609217973,0.18635251437105782,10.144662164305489,0.03905801517734304,-0.030349017312398266,-0.06982994056200217,0
108.5,8,-0.029729434737528135,-0.1232845884782017,10.130959481352498,0.03277280464342746,0.014030048918649386,-0.0024687541284768295,0
108.6,7,-0.10955981810070026,-0.10131611845558795,9.762341755083607,0.03316870080022807,-0.0061242682395912665,0.04967294026868066,0
108.6,8,0.00249543951644923,0.02648568962367677,9.615555260390732,0.027121885195914783,-0.05218173110003974,-0.006112752389321616,0
108.7,7,0.026049413130202505,-0.23093782713172623,9.747412438153754,0.017430296711418877,-0.04618538633647465,-0.045174665118944614,0
108.7,8,0.04036959192841616,0.1448230288839251,9.888466929569836,0.03672538848493622,-0.07224351728699457,0.019007025467258024,0
108.8,7,-0.15941128591768772,0.13110143816962208,9.900471878403861,-0.08798621872899048,0.01730423442363948,-0.012590752575655626,0
108.8,8,0.07317203177059307,-0.30001752316032143,9.68092495017829,0.0038094577213699447,0.06808064193289569,-0.0701851228714331,0
108.9,7,-0.0680972228844967,0.2979088447391675,10.046958852494434,-0.0453218199939784,0.03109949796526512,0.017791836967176046,0
108.9,8,0.17518809998653823,-0.19599624596246387,9.842231134668957,-0.028257221326812815,-0.07281342745663068,0.06520391384366006,0
108.9,9,15.287399201908874,-0.4387683189518661,9.97677017018264,0.09793834833433636,0.04503894563036678,-0.03928706510732802,0
109.0,7,0.0525759784111369,0.09642303234252966,9.352457601475251,-0.03189500377404585,0.00044398124643729064,0.03975867800854283,0
109.0,8,0.01924831401079051,0.015777238996319314,9.40222800502055,0.06805683173784684,0.051181683135106064,0.0010793633920229927,0
109.0,9,-0.38520303044230136,0.4695808512768933,9.458335717990291,-0.0411184981589685,-0.023946821145148074,0.03010676145550061,0
109.1,7,0.123197387905358,-0.45291752397635876,10.146532245769718,-0.007062278943791316,-0.03411976991845373,-0.02015868217183826,0
109.1,8,0.0068727382374498495,-0.2800243951139807,9.9646774390754,-0.013563231037038232,0.005978811823735396,-0.023011088256061237,0
109.1,9,-0.07588192468906066,0.09765018517657963,9.87066315505038,-0.00011198127309340082,-0.049010638303094385,0.04410438475222846,0
109.2,7,0.05762291548388864,0.10219255688579841,9.780634837900296,0.04027039365195717,-0.007084103391666087,-0.03702914608550222,0
109.2,8,-0.017180572267067925,-0.1267482032252406,10.062945671366373,-0.06364899521709017,0.07391211661978389,0.06746211100312631,0
109.2,9,0.1687275591883346,0.10803856818952103,9.727343512006664,0.017954659157054808,-0.061290963433235236,0.04830801923697949,0
109.3,7,-0.11504590215611135,-0.05248926283215021,9.76760764042221,0.020901896274932042,-0.05143470899091036,-0.043513330965169655,0
109.3,8,-0.30331398964743406,0.15542922697364542,9.462261997307118,-0.013121088979027112,0.059475017152266434,-0.053179220966029776,0
109.3,9,-0.0647602003476564,-0.2840093343876892,9.736648622653124,0.026439703456284713,0.03912256485202222,-0.0015251630428346524,0
109.4,7,0.241692726373726,-0.1855837501771765,9.930933686121282,0.02108528707859772,-0.02870835837911308,-0.04167817681483242,0
109.4,8,0.2723032842352552,0.2913944500442964,9.605106367974317,0.09300247092437286,-0.0647785690884025,0.028024713775817098,0
109.4,9,0.28560099360880964,0.07318594730230005,9.670824392714447,0.002401970051417084,0.0006922613918633638,-0.0675688983227675,0
109.5,7,-0.11386176731278944,-0.03325765679876866,10.217647387617777,0.03235765021385195,0.06987304439807032,-0.008672921846448465,0
109.5,8,-0.3851090224991493,-0.15490272107937367,10.073330474554849,-0.061506611346259656,-0.011530229712259164,-0.06521938559717515,0
109.5,9,0.014827608208673296,0.008382281169495747,9.863755333206488,-0.049199593113095394,0.06105561141387,-0.016170919825499088,0
109.6,7,0.1623565326869206,-0.28768057124971413,10.093342330783392,-0.09260695341656487,-0.08765538501609615,0.031179114633061784,0
109.6,8,-0.2886847435635768,-0.08279146671874266,9.98360833431452,0.04303489875269848,-0.03585307961792457,-0.030715528869394312,0
109.6,9,-0.007844199966394834,0.30327019736014127,9.75061056666315,-0.059870634796464844,0.05267298261387703,-0.10274784065670611,0
109.7,7,-0.053727612988668676,0.43854902381167604,9.868080836988428,-0.025962854540530534,0.09697212700242448,-0.013323182567374477,0
109.7,8,-0.28752729535969046,-0.13334678509573522,9.771878270361292,0.01046960322463359,-0.044853088511181596,-0.049228662780651494,0
109.7,9,0.10696356919373909,-0.09358825640111369,9.8353141199055,-0.08956762924984808,0.027306993772363026,0.05407655513956357,0
109.8,7,-0.21891999117348068,0.13605176432773033,10.056787691222656,-0.0016958660499483058,-0.0019608810767136548,-0.04827073631607177,0
109.8,8,-0.12622751539649021,0.01575921307065358,9.712326663495404,0.06845619953181831,0.016975578447684516,0.07620174709284923,0
109.8,9,0.23071359150440848,0.4433743395951882,9.692447142620646,0.02367546362184443,0.09848345225208899,-0.02684426035434988,0
109.9,7,0.006355002665338039,-0.30146675657184757,9.763244063820695,-0.0847021318123883,0.007676642920862587,-0.0035368078053944806,0
109.9,8,-0.01513180578004121,-0.37803023375243333,9.723172045602961,-0.02515088467403842,0.056633525049707145,0.042591669802324685,0
109.9,9,0.14998558364820855,-0.10110567961720769,9.640480498052614,0.10803788383735223,-0.00866624205145418,-0.08031183113110564,0
110.0,7,0.0903142814656025,0.11974609994492993,9.609267824267548,-0.02743752017701008,-0.018442049811809757,0.0668117782613183,0
110.0,8,-0.04930239105959047,-0.008856213460693525,9.615342667593248,-0.013610582643997171,-0.02472174689887462,-0.026615421718558904,0
110.0,9,-0.10461190361585314,0.20805658132242263,9.881632521938554,0.02633512958701368,-0.06548694387307183,-0.020246026607294736,0
110.1,7,0.18009325165677384,-0.14523958299192763,10.045001193217743,-0.07061630233067863,0.038576636872701076,0.08764638431060355,0
110.1,8,-0.043667078163520695,-0.04797569978875768,10.122028521975174,-0.12011475893835365,0.04909388061820803,0.03328443207488044,0
110.1,9,0.029347071627947738,-0.012474975911067748,9.406741000555902,-0.009666528103292434,0.061161490607327784,0.07398779912479748,0
110.2,7,-0.2929307790864139,0.05903205492365589,9.79953296337916,0.028488175345303887,-0.07407128124363137,0.012695604811577832,0
110.2,8,0.005829709550615531,-0.043162686000786404,9.922994140810593,0.020883229878385326,0.060560359394548124,-0.0232741802224416,0
110.2,9,0.13663283656740638,-0.13405187408172972,9.682998429542637,0.0030105457696692137,0.08588970068976398,-0.05696527456787484,0
110.3,7,-0.24991499886131177,0.07565449672463236,10.001985610782267,-0.070455277525993,0.05304952491605817,-0.037592432501646775,0
110.3,8,-0.20380267906710833,-0.19249233747984784,9.774035816912342,0.02264519926854871,0.0148809380191638,-0.013165389488362052,0
110.3,9,0.0387679863717576,-0.32214339708224005,9.622937495568012,0.036992909459483976,-0.02321232318446443,0.038334585537825705,0
110.4,7,-0.3966234192378751,-0.0077421133457175224,9.309232217188104,0.013762090190048218,-0.06377013091720075,-0.04795658895014346,0
110.4,8,0.16260835677174557,-0.0503025240957786,9.909173796742555,0.07410668947063946,0.007270968023879179,-0.019887326672309476,0
110.4,9,-0.04833905842171753,-0.36234302237328103,9.892199134192778,0.014690951072119086,-0.041383377471366584,-0.023814596972414306,0
110.5,7,0.07950229329788613,0.006794169564291547,10.166550617409733,0.004597872459764118,0.012254663219929527,0.006677001508454593,0
110.5,8,0.0012414494304567093,0.014766463002032205,9.652871565203824,0.05447195686713459,0.004059740518662424,-0.044214147472941084,0
110.5,9,-0.3322986924739383,0.09415234375193066,9.602951201974962,0.00027783196117485377,0.027165705923802536,-0.09351648150706675,0
110.6,7,0.37827800526502114,-0.2574909405646166,9.614475680713245,0.017658613953466594,0.055641214904041794,0.08109009035003284,0
110.6,8,-0.20180872102143266,-0.2156263022048647,10.00708284359931,-0.045832148568305565,-0.00014437456939613138,0.024564599111218777,0
110.6,9,-0.09767751595779894,-0.16437876651739305,9.781085523696479,-0.05578645704548916,-0.013814285664909255,0.04853729566326015,0
110.7,7,0.08366013823894414,0.2088750529543685,10.019285172063586,0.019688746252489134,0.03516082692034081,-0.025924316023149447,0
110.7,8,-0.0397117957348287,0.12662358527555917,10.132411384616942,-0.03439049113094837,0.003808757874876764,0.040593421962538546,0
110.7,9,0.10645765889661057,-0.04432964502371797,9.777381383181789,-0.00615782119200609,-0.08137447642612256,-0.013443320610762248,0
110.8,7,-0.16952120206699622,0.015024324994040175,9.436152316656829,-0.0862457788469319,-0.01587150442352423,-0.08518170438457465,0
110.8,8,-0.009703466779724326,0.32191037215347196,9.499737958293444,-0.0015180788536978468,0.0023456693824667214,-0.06038296868805964,0
110.8,9,0.0016103605582363217,0.13742229059438602,9.827907516597612,0.025801917349066745,-0.04990386044611842,0.08227671294061643,0
110.9,7,-0.11741164757680594,0.1833434132349658,9.694500286489415,-0.021427904009125174,-0.0823471111561066,0.01893792364687239,0
110.9,8,-0.16104308311768262,-0.059599530235303344,9.952463746096544,0.0015759380679815542,0.05400283258408907,0.03578403906529484,0
110.9,9,-0.1820687690031092,0.2833489190183921,9.687439879533786,0.02024907658561258,0.003604410251104067,0.05418926074679839,0
111.0,7,0.040619940983671395,0.2898135452177532,9.81273255627512,-0.033085745247063224,-0.06061451646452187,0.044698102716576205,0
111.0,8,0.13667662077148132,-0.14080385700653997,9.866237683785435,-0.010790509913088886,0.00035693298612943225,-0.015690346455449953,0
111.0,9,-0.040381074712553006,0.0983950986412362,9.81250768755991,0.03560506837234704,-0.00964132004380351,0.016074554976113705,0
111.1,7,-0.04972321525137093,-0.2583708554668072,9.936991153405286,-0.02231618582330301,0.06399258387146162,0.04805026053997117,0
111.1,8,0.16332324356504108,0.23358000773197057,9.785702020797604,-0.0007075460655360422,-0.03917092359824481,0.07603496851274964,0
111.1,9,0.13157620043147725,-0.2583899392646589,9.552581051640113,-0.0247652091742231,0.07065362986045184,-0.04839382481854332,0
111.2,7,0.10050672489675241,0.42865058305307013,9.501885829373826,-0.057968475624744976,0.04618424659279709,0.0012741561370288074,0
111.2,8,-0.19770267243094286,0.14384503488152192,9.869891860667583,-0.03780600412379904,-0.07674929433415162,-0.0051053613632948735,0
111.2,9,-0.2693498427418657,-0.2950485667060401,9.710053301883846,0.02474311492528661,-0.02600020178756133,-0.05375271451219879,0
111.3,7,0.013088133938731643,-0.24547617564617086,10.072914322741415,-0.009137254550009985,-0.02919082035777016,-0.0077567894376464296,0
111.3,8,-0.14649526556141124,-0.2063637436821989,10.120317949624164,-0.019355294740848517,-0.029240439282256232,-0.05024248978357392,0
111.3,9,0.03498274204229726,-0.29213277391302145,10.112794970016724,-0.0560018836830952,-0.034435048570958034,-0.08745980829114725,0
111.4,7,0.14488076609329295,-0.047036006281239905,9.868554429829226,-0.009852820925822106,0.012717491815686566,-0.0277587869834469,0
111.4,8,-0.007194235944669347,-0.24840061421111692,9.758713877730116,-0.05608681804890236,0.07042874298700079,-0.05268330502815865,0
111.4,9,-0.04965551972036196,0.1454750527913453,9.696153254046079,0.027496031112003213,-0.030922166415605357,-0.03165960472513743,0
111.5,7,0.006775027567952789,0.09417886210651051,9.703556875956416,-0.031055454485856834,-0.016094512698782235,0.006357974398049655,0
111.5,8,0.10366580273470101,-0.136192642423525,9.933012140086126,-0.011138425671934363,0.13723052132627617,0.06599356654994852,0
111.5,9,-0.10646708633636848,0.09298502163021499,9.8100314011854,0.04881526435303249,-0.01874893783367709,0.017338593726688025,0
111.6,7,-0.19664193575183064,-0.1439183262482735,9.80882793061658,-0.05382153119993347,-0.035403729114596626,-0.056392970534857756,0
111.6,8,0.17335838864838338,0.2037031383889607,9.437561882690826,0.09254508963014915,-0.008443424689293119,-0.005298301413132205,0
111.6,9,-0.05779392956166706,0.015756760221769035,9.713403834926423,-0.033879511834902724,0.0014542347102021996,-0.04232088042876714,0
111.7,7,0.11144960112018164,0.2772026753011389,9.8112850094562,-0.12656652954059547,-0.013373660458436291,-0.013544074238661328,0
111.7,8,0.27043829066167263,0.06031866132594167,9.767763154801703,-0.012197638851399456,0.005173894155250955,0.06032273130650408,0
111.7,9,0.02484441459153465,0.0931081973408088,9.984428746980237,-0.012674719224621756,-0.05158505166997836,0.0034937940632088515,0
111.8,7,-0.14994841184020932,0.19857831943145288,9.533792639937493,-0.020622295144689134,0.07423877789826448,-0.03587511800311842,0
111.8,8,-0.2634914480177107,-0.03266186767063887,9.510978391947008,-0.00998497438830404,-0.08912585202495803,-0.01241429972033976,0
111.8,9,0.18832510895503085,0.14493300508565007,9.956259466666172,0.03718872272855654,-0.04896004549868597,0.041517267205205315,0
111.9,7,-0.02551105668186128,0.058929915554644045,9.77203875567052,-0.013876287815837782,0.03118752852928526,0.034628076880121525,0
111.9,8,0.0713810261882211,-0.0664805312379356,9.782051538318239,-0.02174834162645009,0.03862666395598502,-0.05897282694446698,0
111.9,9,-0.13489721758179374,0.014923916933487012,9.701323962820755,-0.01069532185423749,-0.01727683409808024,-0.007849671864359482,0
112.0,7,0.22121607530888387,0.43222583064704284,9.707901330543484,-0.10128428358001805,-0.027020356045206768,-0.07047337406198405,0
112.0,8,0.35377577174037045,-0.08450226958813906,9.473814354600334,-0.03483324362963737,0.14018936037202603,0.002351274012870355,0
112.0,9,0.06992718796538018,0.08373042985312101,9.735317912728107,-0.004072751615441343,-0.05376111333314017,-0.00015660954771098262,0
112.1,7,0.08927800793468058,0.010617908283024306,9.352957940633283,0.01172931842195137,-0.004392474415222187,-0.11423253370328318,0
112.1,8,-0.4278849848079249,-0.31116204965479466,9.507502530133257,-0.05353355290974065,-0.019168446543806852,0.06384358434519313,0
112.1,9,0.04009825909961861,0.06864108387235579,9.936753068313603,0.07759253582614885,0.06960765600768296,0.08142130163138889,0
112.2,7,-0.4179609520558419,0.023787056048974325,9.76639410646987,0.05149226530908146,-0.03500249959356203,-0.001717026815516624,0
112.2,8,-0.0036025065415931216,0.0015998349824427412,9.695621653711154,-0.018220116455766624,-0.07693856714569924,-0.026843375510755975,0
112.2,9,-0.012573958184111953,-0.18167332758408747,9.792484679033208,-0.0010031532764814637,0.029096618647052003,0.11648015473178326,0
112.3,7,-0.0308205887287243,-0.0613488518014699,9.925895433266419,-0.005617385457243006,0.05258569511419341,-0.07694216639674409,0
112.3,8,-0.16670885724350423,0.28612268844985556,10.02797877112433,0.03568166123454865,0.07130067209689707,0.09733581484328407,0
112.3,9,0.3255228192261563,0.1424887141336962,10.111871850966882,0.03385583068046494,-0.021796896066657186,-0.16283754023409514,0
112.4,7,-0.03256311319042287,-0.5885165262924742,9.680895143679146,-0.07371642199058767,-0.037648948934712684,-0.003084536725172192,0
112.4,8,-0.19300235178269723,-0.1450387400489921,10.228174869212747,0.01773955429145093,-0.05453827847407044,-0.0121497589401164,0
112.4,9,0.017505261107859462,0.20962314494706202,9.457375918002723,0.012137723873800813,0.007254574689740969,0.010800758774510607,0
112.5,7,-0.19993643662092012,0.2177624622346678,9.724311916483272,-0.09537172476673242,0.027470488836779623,0.042117755248351735,0
112.5,8,-0.0018438697521068613,-0.18792904536212537,9.759123997027464,0.03640380388342094,-0.047123220052908095,0.04029393957609895,0
112.5,9,-0.19347867894702334,-0.025335215848255873,9.77529835422975,0.006629967592088667,-0.002647778758222082,0.10168113433122583,0
112.6,7,-0.07419437987357451,-0.2518756642837158,9.851428163933619,-0.041360597699925145,0.014146937278376874,-0.04922807545071558,0
112.6,8,-0.1627991796664326,0.28363535855397365,9.761447047753386,0.035749872776270376,0.049765086379253476,0.0916107015903194,0
112.6,9,0.07803917406484781,0.1957630855382272,9.697523436490512,-0.03629103048255539,0.10140003050387812,0.05195929898492288,0
112.7,7,-0.16960525792157255,-0.22542622557214848,9.78080642927808,0.015800412323754526,0.14392291136901167,0.049646407967967904,0
112.7,8,-0.11043788939443144,-0.07761046225128036,9.948755327083123,-0.019685902685447794,0.06445995920408093,0.01882212277774773,0
112.7,9,0.1405437610911296,-0.48990940117624177,9.920403199465447,-0.027491380779970976,-0.07687086025088997,0.14207656539459518,0
112.8,7,-0.10598951639035199,-0.3846528946729382,9.652692363197179,0.013067799525775326,0.01738265746687939,0.0911703433236053,0
112.8,8,-0.1566701557874638,-0.1871154224640637,9.694046579069182,-0.0007858270291202008,0.03996210592319405,0.004750359031511399,0
112.8,9,0.05279511110618579,-0.0845259257784345,10.034497042982782,-0.024124663130252966,-0.014534857455503092,-0.04383702149820085,1
112.9,7,0.45321238425661436,-0.2422209668534624,9.797278183493177,0.04407408018938032,0.06523590419993168,-0.09315738716037707,0
112.9,8,0.2543182684184606,0.15543203295216923,9.610419037921233,-0.01951532123274996,0.08787421646157251,0.061998040266245,0
112.9,9,0.26394760980023196,-0.46032131469875415,9.806813549203893,-0.0502747392679891,0.06293720554607693,-0.013802416987244916,1
113.0,7,0.5383360246920204,-0.04225510011725055,9.905559224449789,0.043983643628663104,0.0277464573810179,0.09466626067678927,0
113.0,8,-0.25556511730390186,-0.08392606947438155,9.970633267800634,0.027992443616882114,0.012039814342167504,-0.03491570570924916,0
113.0,9,-0.22542098274208247,0.06563859266965275,9.687853959778952,0.04441081981159256,0.03790289441349786,-0.0706004719922289,1
113.1,7,0.18159319757124764,0.06548907741703867,9.847826180343562,-0.05891022014551764,0.07914407172405488,-0.00976238103112966,0
113.1,8,0.6427596828056259,-0.16304571183155855,9.862894646261962,0.024767883779762703,0.0023303545218320886,-0.017273356343989254,0
113.1,9,0.18305647673627823,-0.021977093087268765,9.570612731020589,-0.01784896473525111,-0.10308390478764135,-0.03458926961008893,1
113.2,7,-0.20098064220134024,0.11367382185205621,10.040521271980706,-0.028140773901845325,0.011122210492540786,-0.012909888587061226,0
113.2,8,0.11264262285303964,0.02725191529274197,9.82131918269378,-0.01473403066224504,0.13447030923701947,-0.04619634710451573,0
113.2,9,0.38677190686856927,-0.1168970445859159,9.819174282899558,0.012185084260491277,0.024562633450099552,0.018551440750643338,1
113.3,7,-0.2668888040862513,-0.2012742431435709,9.778290999365147,-0.047423013423423525,-0.07936542858168616,-0.10553350829110919,0
113.3,8,-0.10937902904904136,0.2583786168823849,9.710821555727767,0.06646265996640043,0.016674223679067735,0.05551775129445426,0
113.3,9,0.16752281426205146,0.1615494378394271,9.729766067589619,0.014274495061592103,-0.00043588230256623087,-0.09768390810270201,1
113.4,7,-0.04089912775119309,0.16061192757601514,10.20244785981241,0.016085383889958598,0.05070960017973889,0.010532924721911183,0
113.4,8,-0.11442792771666943,-0.17076676111210826,9.69687368378944,-0.1167074897122439,0.03202866357320165,-0.06024410416829386,0
113.4,9,-0.16734449672948823,-0.0935507241773095,9.753523527321004,-0.011207517647987806,-0.12453607424342811,0.08592974259653821,1
113.5,7,-0.15779092603719003,0.06553510846387611,10.031480700768249,0.043668751007355615,0.004828720693712155,0.002274266150274927,0
113.5,8,0.04597022226611199,0.36488914398602024,9.635759540309234,-0.010814202088252513,-0.0882652904117136,0.10765086371507933,0
113.5,9,-0.021610925837980282,0.38693361396284665,9.320327387084257,-0.04999429823285168,0.09271922433380617,-0.020750619866191172,1
113.6,7,0.39920189901091074,-0.2622407083290041,9.614537478727724,0.011834752637119863,-0.009527913014461268,-0.06609766929408921,0
113.6,8,0.05526713220668561,0.06130707977467423,10.022527748198796,-0.016449540087323973,-0.02270925975238869,0.037847912406415156,0
113.6,9,0.24515790244211288,0.4195481790597591,9.599440225223837,-0.06626782498278806,-0.009960601747878842,0.024929186107952535,1
113.7,7,0.028711669654026713,0.09141810885270796,9.686016217291124,-0.02683450271153914,-0.01087876211961524,0.022040901606583462,0
113.7,8,0.3145966609412343,0.30529673864892654,9.749583982668273,-0.027527333793589504,0.05586275674477595,0.06374874293734634,0
113.7,9,0.06656979081699782,-0.17872527485684062,9.406002570888248,0.05110539352113846,0.05216848876187308,-0.07914416110707259,1
113.8,7,0.3649740958582752,-0.0011876745490808833,9.772733465724729,-0.06599631600421778,0.05925654487637905,-0.0009856458134140736,0
113.8,8,0.31354418667850137,-0.2736504816029104,9.517387555779708,-0.0673674903344251,0.0778320550714818,0.0440513638130613,0
113.8,9,0.19891638930362476,-0.32539529628326314,9.649956350547374,-0.0023558122586851077,0.0026449542010963025,0.025074904297024338,1
113.9,7,0.022671386946690932,0.12256097842300734,9.683633245324895,0.06804517828443717,-0.026163450912357968,-0.051966076271757415,0
113.9,8,0.028851750641278276,0.144501239010095,9.896726173594054,0.015205572578205895,0.039911758418527295,0.06770166548239007,0
113.9,9,-0.08056624952669388,-0.024027147397108047,9.80596946129604,-0.056980762627814645,0.005444031440451778,-0.05601756874039013,1
114.0,7,-0.10785240974851287,-0.035255274365849534,9.715285415842583,-0.04486682460043187,0.02137775063432278,0.041821641604009085,0
114.0,8,-0.13460347669310646,0.051299701629324415,9.990306671459525,-0.09721411173767529,0.040110461576972,0.007510496885141856,0
114.0,9,0.17255818691219169,0.03389901801200561,9.678211762344054,-0.07349467524796603,0.05406372080409369,-0.04830710469605274,1
114.1,7,0.03267518924908051,-0.19250350861796953,9.767813458475963,0.020162993846007598,0.013270388803625174,-0.04274245564859935,0
114.1,8,0.0477350216728841,-0.09871537668299807,9.585047921466142,-0.10024419531222316,-0.010703381271983583,-0.03584406401151362,0
114.1,9,0.20127671165441577,-0.04645431311372698,10.002667778229076,-0.00707423152196891,0.017646050594801257,-0.005882914685203699,1
114.2,7,0.3212203345085525,-0.00046516728361547307,9.818989394172796,-0.04214961562878289,0.020279983440883574,-0.05895006042024462,0
114.2,8,0.02365869858447338,0.03321129035484634,9.723508771674757,0.05533391213989335,-0.09124925162825497,0.07404603511834654,0
114.2,9,0.03141891790763035,-0.05363074875489263,9.76002282345705,0.062498837419469704,-0.030814431794580273,0.05311428178126496,1
114.3,7,0.16191500261535252,0.2062558798273727,9.475484338926542,0.03930068165718523,0.053057252722792075,0.013760452675867478,0
114.3,8,-0.2834356161347032,0.11899243692427741,9.529338325578049,0.018495851546846697,0.059722833041872536,0.02540351660942214,0
114.3,9,0.2024581679876905,-0.17269414573911335,9.964784363462213,-0.006174627813083064,0.07806628667729601,-0.010187530324911806,1
114.4,7,0.02654468431123015,0.2875404879600864,9.937338778708067,-0.027238915846710527,-0.003513306798123859,0.015038989627262193,0
114.4,8,-0.09945196327823332,-0.23169191248009702,10.043485772718553,0.0432704600260527,-0.05320489280725541,0.019511243573365027,0
114.4,9,0.02610162936336638,0.21061789319944924,9.808432383443131,-0.05247089755034149,-0.05510187302485978,0.03143185360628054,1
114.5,7,0.17134557149154417,-0.09385672311429197,9.785985783320731,0.03893124539000714,-0.06619136634426467,0.06392125622742675,0
114.5,8,-0.09966128639816883,0.08720712968110785,9.682237403171596,0.04883508998284523,0.03681989318245942,-0.022555670585285917,0
114.5,9,0.11708850223381824,-0.10342142125953685,9.877588098686184,0.0165208859301794,0.01820598449960247,0.0577136306316283,1
114.6,7,-0.200683102950442,0.38799043903452723,10.141716942494796,-0.057241836549852924,0.010547246582725739,0.015652174038901984,0
114.6,8,0.15266325462627295,-0.1825961554394373,9.635327013972022,0.09063366011514012,-0.0004285598504080502,-0.035512445990338246,0
114.6,9,0.0199799159690059,-0.003539811387197886,10.124741763455628,-0.07367193717679743,0.007516511884877603,0.031917248933780035,1
114.7,7,-0.18935121386049716,0.30604573379729116,9.823939436500648,0.06354005693408164,0.09753862346080061,0.03810954002877067,0
114.7,8,-0.24371678346987286,-0.2450962241106691,9.902942240480499,-0.05597819588123613,-0.013079677573423175,0.04465174814762145,0
114.7,9,0.09862981386007821,0.24141110818131054,9.570042889784883,0.056041115720926765,-0.08982286589585692,-0.022765804165331152,1
114.8,7,0.20690710275984522,-0.12488168170435397,10.145701760737234,-0.00917875012504527,-0.032152472658383176,0.08896906984713693,0
114.8,8,0.13958533894947986,-0.3315170020138164,9.826213624623376,-0.09792543261865383,-0.033770925493010855,-0.01053494596141818,0
114.8,9,0.08686217176490135,-0.1872251312092824,9.660505036522979,0.0008760637438272635,-0.029756263905410835,0.05649260728183079,1
114.9,7,-0.019953917134766283,0.19621546144037766,9.727347297499696,-0.06910591421229027,-0.06376976917610559,0.045550462190505625,0
114.9,8,0.3103086939456552,-0.4752517004693315,9.907112549721806,0.03771929979482901,-0.03906440725574728,-0.11084541016803665,0
114.9,9,-0.09853361261746045,0.3106867185795334,9.893920913619619,-0.0908253316707443,-0.017009702354044462,0.054164772262321616,1
115.0,7,-0.23782307839215466,-0.15164862204193963,9.880563210961675,0.005706987139967744,-0.016604851421748903,0.04502662843169891,0
115.0,8,-0.13132918311134387,0.044224518620598355,9.98538016167703,-0.009966529767956747,-0.03645382452982303,-0.002284622467599665,0
115.0,9,0.07580195159176334,-0.3166808255407737,10.11256804739249,-0.02616972508315374,-0.043215078978245544,-0.030825739569134737,1
115.1,7,0.059337072706189556,0.04752841615429587,9.78838500566271,-0.0742142828587482,-0.012700294037065683,-0.07482587844610232,0
115.1,8,0.11310517911657346,-0.13237542333460095,9.679798155187129,-0.08575208550526942,-0.02622484706009237,0.09503421198867917,0
115.1,9,-0.03721374233805493,-0.16609189722269846,9.736331926428532,0.0293390003813431,0.03634318324667897,0.05950270864730805,1
115.2,7,-0.35712263069046407,-0.03892140024009452,9.931188984063782,0.0633549447114403,0.08587085882549345,-0.04247142935291576,0
115.2,8,-0.3608014525939979,0.06181927737318674,9.754960698571006,0.043804062801870124,0.01470989635555526,-0.02588334764296308,0
115.2,9,0.565513950666597,0.5184706759384626,9.611593047024114,0.04072957814144196,-0.05548645485590057,-0.0637583268946849,1
115.3,7,-0.1253675576269331,-0.16168115397398014,10.28158852753191,-0.050225191044455025,0.008192782935365225,-0.0006524890347232706,0
115.3,8,-0.06375772175037513,0.11429548051185029,9.754310002456588,0.011777848539178928,-0.04142998196815728,-0.014948206879178277,0
115.3,9,0.29500681775199195,0.17614533894073062,9.883356269574657,-0.03438074981090194,-0.022547895066471892,0.005344113616594404,1
115.4,7,-0.16153650953641852,0.11615974475231755,9.929214294140436,-0.023169733989314968,0.09143425675879693,-0.053197482819187396,0
115.4,8,-0.04875411404538887,0.13081263607663002,9.773216168955157,-0.010438446289926705,0.06569146100004342,0.03255251840004195,0
115.4,9,-0.2996814833707901,0.25186544756871826,9.907471235092261,0.02134416781875503,0.0466122771644647,-0.013230145255740464,1
115.5,7,-0.21310876350234184,-0.00023595747529664684,9.53483538474175,-0.011262553851331757,-0.05704791223973106,0.06691825114826232,0
115.5,8,0.3125824291643476,0.027658457899861485,9.6552432970196,0.02425666206956998,-0.0073555467628046885,-0.00027379111255697227,0
115.5,9,-15.03303245112136,0.028377381664774215,9.961937914434568,0.012648569213617324,-0.036541348455148163,0.06516825779601401,1
115.6,7,0.23644872202184908,0.01491031267704681,9.837259211752722,0.10642909962585965,-0.0351001617188617,-0.12570720078576478,0
115.6,8,0.33874168281622646,-0.2966398056021777,9.650279894494586,-0.05451197416815147,0.02637049029043602,0.004965183299129001,0
115.6,9,0.13243916004371648,0.24193516403268633,9.994302913160892,-0.09728923275044621,-0.11767704003478113,-0.01245217237499997,0
115.7,7,0.021358495285671762,0.2637234691064853,10.195118749523992,0.033447514188818035,0.027464445867747087,-0.00555567525969721,0
115.7,8,0.07055102618471269,-0.1922798218577578,9.566059789605719,-0.058094314376134874,0.021405281181381026,-0.026122077967207398,0
115.7,9,15.055814242468134,-0.010301649066373585,9.845469218816694,0.001469283845556885,-0.02854404226087716,-0.033184480701990926,0
115.8,7,0.28820691871820336,-0.12629406996151868,9.887480166354978,0.019774022920165845,-0.07892248944342077,0.0018127027398972745,0
115.8,8,0.007598700804859342,0.054504747353290264,9.455055138238388,0.026280214602303283,-0.017999506374709515,-0.003222932571273859,0
115.8,9,-0.18963086131742002,0.2595173364302543,9.939507750071547,0.049711784202516075,0.07063525249835696,0.08044105131424835,0
115.9,7,0.13233289583994085,-0.08801098127445055,9.728992302719272,0.04844190260720039,0.08048193754636337,-0.06448825686908018,0
115.9,8,-0.03650347338396981,-0.027942653100946697,9.50718695155531,-0.009201307912561062,-0.018165639645501507,-0.016978936121881918,0
115.9,9,0.0053886005418710215,-0.03473694826357263,9.64730321743303,0.014808386970116045,0.09100094966432795,-0.002362921376938157,0
116.0,7,0.36046038196306274,-0.28311969124611996,9.86499780099002,-0.030801729113166844,-0.04338315235434968,0.06652680104605428,0
116.0,8,0.1210210671717126,-0.1843745563772905,9.828729863992917,-0.0295008450189336,-0.02281485497290689,0.05878381149905903,0
116.0,9,0.2010454022542023,-0.003968422616866298,9.72229922422489,0.03961915947649114,0.041615251811655235,0.007606493647052324,0
116.1,7,-0.370072121574196,-0.3261723628072315,10.106269661131702,0.05215308630381521,0.026556228900862962,-0.06468177256628709,0
116.1,8,-0.18877705645663156,0.004489168054793755,10.21758209351682,-0.057288444416597306,0.04277496666657731,-0.0750782393054928,0
116.1,9,-0.21148406150886434,0.13433928565072234,9.801665106980467,0.00698710327846101,0.05857248219429753,0.05120050454431542,0
116.2,7,-0.256560423135052,0.10163190252846054,9.517543766473878,-0.015042666109930814,0.10208888423974452,-0.10348232929232007,0
116.2,8,0.018103366426630567,-0.04840510282616424,9.672593309220211,0.0727285955500838,-0.08257512526980793,-0.05616507655871207,0
116.2,9,0.07013414740318269,-0.09536624257216131,9.810512870691795,-0.004960910335124636,0.05276994441772555,0.09715870278935938,0
116.3,7,0.21923510879223068,0.2376447191836092,9.820410714103318,0.04330441991777424,0.030731629857541805,-0.030301283007236307,0
116.3,8,0.4617367536380006,0.19824628937668765,9.53954878900277,-0.022407225254098134,-0.0345567275726635,-0.004670733506099793,0
116.3,9,-0.11769409798930044,0.22657606970046507,9.709514905679299,-0.027207580647519082,-0.05713681679499982,0.08146880467698375,0
116.4,7,0.14254581683517292,-0.30296461444342787,10.656743661892056,0.05516790726126719,-0.03387495225891509,-0.06806806166984122,0
116.4,8,-0.1046607423367497,0.16149402751028832,10.099977665458697,-0.10594475496921894,0.006264104798769943,-0.032538549644742135,0
116.4,9,0.02897371937476912,-0.2623226569791716,9.716709398859502,-0.012355643198274995,0.021467062787516516,-0.06660571587021584,0
116.5,7,0.11346645480990179,-0.03237699651582029,9.422440699660374,0.04500262657933406,0.05533937403545014,-0.05515921739480376,0
116.5,8,0.028611955158383242,0.2933222413655925,10.180903589074319,-0.08971632458757646,0.08418240329529844,-0.008197568416195665,0
116.5,9,-0.09403752783536007,-0.2008200894496051,9.650352320596548,-0.05824603245768489,0.05353371379941964,0.029800371630018425,0
116.6,7,0.09398587752960934,0.2772659404982846,9.824619492963,0.0507772562865573,-0.038251974040332676,-0.043492224077571584,0
116.6,8,-0.2674474857607289,-0.1774795603060192,9.57573956431446,0.1004650108319542,-0.027729355797448133,0.03371656783387947,0
116.6,9,-0.027479712432573963,-0.30902818730321213,9.853847888314078,-0.022204405506830584,-0.02070555025061055,0.059325905852659025,0
116.7,7,0.11612350492103796,-0.0506943352349683,9.491209414499432,-0.028117842873802798,-0.01599484331258987,0.01519378217156755,0
116.7,8,-0.10253567488897837,-0.18653465265824887,9.947066113764933,-0.0017685777139328455,-0.01646094856144241,0.02855997263042503,0
116.7,9,-0.12792434654404125,-0.22005506637072703,9.901718453725255,-0.0633584746860094,-0.025063203283013532,-0.0763718001954087,0
116.8,7,0.11575792729981516,0.1551903038751674,9.786588752443498,-0.008568955598558635,0.020451743708266062,-0.05768192989767831,0
116.8,8,0.0523441008738352,0.35033479407432083,9.695750513865713,0.007276453918889228,0.018094224156248895,0.021466621701560072,0
116.8,9,0.10773973856302088,-0.47753812645271954,9.837717544414055,-0.03961894393620102,-0.05892382394943359,0.03948918913959871,0
116.9,7,0.25019275631977683,0.17897764374763475,9.996361368615611,-0.01912148067743177,-0.060233387267949814,-0.008887072045109795,0
116.9,8,-0.014975016088399622,-0.019231705417184664,10.006827316670925,0.007684265023854864,-0.02534101596140144,-0.10829975049006157,0
116.9,9,-0.1589384090430688,0.08461132244987982,10.298130633432173,0.0017358426769675805,-0.051802153769755915,0.037965572597122965,0
117.0,7,0.37223567565391585,0.10132273529025637,9.531997844462998,-0.0812815220054693,0.09375625286430839,-0.0909090846147565,0
117.0,8,0.06462332377998709,-0.20469891422410838,9.298934108288277,0.02468415834847196,0.0355065823284227,0.07076723804436945,0
117.0,9,0.22670830233421851,-0.17354123266173582,9.650609567769996,-0.015727068084335657,-0.043971047978361294,0.030508639387689787,0
117.1,7,-0.14823561096756552,-0.10815882492816636,9.666795296310552,0.05841943242764224,0.003219969990658926,0.004549317063283702,0
117.1,8,-0.07427528593189289,0.17147457895092294,9.880576681231698,0.021492363379674268,0.04717789087427967,-0.00595684340386837,0
117.1,9,0.1373780602898644,0.1163079204342935,9.945836446676596,0.027737907892067887,0.18167021211259393,0.03437297909237174,0
117.2,7,-0.1107990372549183,-0.38150217008149534,9.9778932730499,0.04082882567954952,-0.03214332534109613,0.09133642265838839,0
117.2,8,0.07875338776876967,-0.02173789880677797,9.990589641702423,-0.008106370360917261,0.06633285177944642,-0.10447360114768377,0
117.2,9,-0.10062047296000907,-0.004441339976117376,9.728739660021043,-0.006454906833010288,-0.04480859479490257,0.08338232532929046,0
117.3,7,-0.10500934935374723,0.036484376497454556,9.841183635433014,0.012379892732225903,0.020675836732440684,0.0025337237518828996,0
117.3,8,-0.1413197461674783,0.20136470337177378,9.530930529755638,0.046984226343188926,-0.06097874110244139,-0.007869435016586586,0
117.3,9,-0.010979204022157909,0.006938113839372939,9.727564945892116,0.010539869719382892,-0.016322068853470605,0.05564483551140418,0
117.4,7,0.016923329091679408,0.05119345061391192,9.754220975270186,-0.009001228756279806,0.07433876893945705,-0.0009540571260138217,0
117.4,8,-0.09631882585604057,-0.03951130416688086,9.68241722805479,0.02682950630608141,-0.004527111975076247,-0.01267428250867268,0
117.4,9,-0.061191859699544285,-0.12341704174290531,9.560208305933255,-0.0032711039930522798,0.08072483830438082,-0.026149859393945176,0
117.5,7,0.2017700071559556,-0.04258310760059591,9.585405775799195,0.029193735919571626,0.025249235768978612,-0.03916735312791906,0
117.5,8,-0.09567894156860547,0.0005562163449961,10.002100615354248,-0.012249080049421851,-0.023846818611108767,0.04231652018921576,0
117.5,9,-0.03790596434147825,0.3239347371581218,10.014691281091388,0.035475100146173784,0.07339528128738225,-0.080008711050136,0
117.6,7,-0.08006450998039129,-0.06526521413236114,10.13562677215749,0.023802208815816232,-0.04344160951977181,0.037060979852801455,0
117.6,8,-0.41652355693308174,0.06838564508397499,10.146184088993662,-0.07189183465360074,-0.01515994490113252,0.004262093970766195,0
117.6,9,0.12164457401292793,-0.17904172643610922,10.197251001731237,0.04343885012705939,0.069069235809696,-0.025361528551743354,0
117.7,7,-0.1303962057879566,0.12535721464933988,9.788980051187586,-0.1054157142914745,0.06581895467867951,-0.03609402809627422,0
117.7,8,0.40049234065485734,0.14342743034540473,9.674436190907231,0.0732091581801542,-0.036327224472625146,-0.0074386190590984315,0
117.7,9,-0.07477291262328009,-0.03551610230105002,9.90430874929077,-0.020918566099469238,-0.02745574793547742,-0.002793219834015873,0
117.8,7,-0.22186087542855915,0.042996910410002594,9.788520832754195,-0.01880951404108651,-0.06288264604861936,0.08383192099115613,0
117.8,8,0.13051838537494173,0.32763685676837356,9.962247794569024,-0.09086083124506056,-0.005979162771391678,0.036061608878487986,0
117.8,9,0.11629828945422566,0.027101975566753686,9.944754600482108,0.03378663896979015,0.00143446092389602,-0.0036356602251883144,0
117.9,7,-0.18915149747892,-0.10996741217872759,9.654934552844916,-0.05151551412362727,0.009934798435930437,0.005949084169828909,0
117.9,8,0.08545282783687852,-0.13224303776279486,9.711860807322275,0.05996597344723162,0.11024161113128628,-0.014572813029493243,0
117.9,9,0.05117239031759302,-0.6062756789479149,9.672075876100983,0.0026765965246457473,0.029526113930508874,0.08386850635828391,0
118.0,7,-0.23441722992572034,0.07227913543924278,9.840314695297817,0.023970546182214548,0.0032414610021979117,-0.015799979202593094,0
118.0,8,-0.07021769562423301,-0.09173008641774397,9.524256043219905,0.024235980722057127,-0.017657028172325045,0.08178937451078694,0
118.0,9,-0.006800208262601821,0.18155020932431923,9.771712734517136,0.042562863616144996,0.018092482746620748,-0.1205296980845147,0
118.1,7,-0.14715123609909317,-0.18950520764048362,9.523387996860617,0.04302154270385016,-0.010947873316104374,0.019570559275802427,0
118.1,8,-0.092850526452437,-0.09682593319423939,9.434662582848274,-0.007972315469205881,-0.04576557145734603,0.06573394337023246,0
118.1,9,-0.09069314009640311,-0.43650277679416105,9.666664582421811,0.01843453112019758,0.02314827775660324,0.004078343037963138,0
118.2,7,-0.10806729906839228,0.12927988479975452,9.539464468056051,0.0012394391637535664,-0.048349951274030974,-0.01681185872138092,0
118.2,8,-0.3152155369629839,0.4044605745593435,9.85681909249305,0.07124394788237884,-0.011282356327730699,-0.02145311075539484,0
118.2,9,-0.14223910075282206,0.09588607340101496,9.689342609812746,-0.05211837333639699,0.015418676224898058,-0.0527880320974318,0
118.3,7,0.24935141570378355,0.08687755515628504,9.911695006966458,0.014388674947025941,-0.007229316955133876,0.04327182200642879,0
118.3,8,-0.1683780035525161,-0.04466888990825681,9.842017034057587,0.09515350746337053,-0.03154341007776928,-0.03786449651763386,0
118.3,9,-0.24327246576188385,0.31195410910294696,10.126274345107031,0.021496394608856963,-0.05371830780975637,0.049208345699435045,0
118.4,7,-0.16773708335743567,0.2932034026655087,9.82449240138781,0.025869156834748955,-0.022829536147944585,0.016558603987784165,0
118.4,8,0.0902559169596554,-0.06328592672438393,9.578936002851696,-0.08941922782491847,0.021903429628313535,-0.07692993373930151,0
118.4,9,0.14090301773700054,-0.21225660070696986,9.894050637883035,0.06532498663940588,0.02200999906097021,0.024778832915772812,0
118.5,7,0.3856018409306407,-0.36695608806720886,9.85978269482568,0.07160970317846735,0.03326031752538916,-0.0682654002858034,0
118.5,8,0.5317829874691636,-0.025666271054680237,9.78143657338562,-0.05013688351318686,-0.047506617002357275,-0.013577861687449861,0
118.5,9,-0.5244047349565785,-0.02295438741209545,9.703078545850953,-0.043771810136010246,-0.06899256335215251,0.03283121605489935,0
118.6,7,-0.2875905449782694,-0.11020465762113468,9.989174948557197,0.02860993460473793,-0.04286444928616888,0.05829292204560285,0
118.6,8,-0.1726457824797171,0.31350168681013724,9.537285900436498,0.012779624345561763,-0.033328855727970376,-0.00578748396864233,0
118.6,9,-0.49506362397267084,-0.1773182201349618,9.729227362667572,-0.030842820520472297,0.06659236380870193,-0.04617603083660473,0
118.7,7,-0.12990960628556808,0.13262922208293412,9.62012006696052,0.019495090757545727,0.0641978725719545,-0.007911965411635505,0
118.7,8,-0.38435113995655357,-0.18141314543696216,9.852569820512814,0.0575205867122052,-0.06752637885741701,0.016726790004658796,0
118.7,9,0.15307807476704463,-0.0353370094169345,10.112771141791832,0.030092151426626898,0.03296427387221655,0.0707566146260164,0
118.8,7,-0.07023972216775447,-0.07124502909033761,10.40650233540538,0.04483715428513485,-0.0784499501571935,-0.01471459534349916,0
118.8,8,0.18306102921741174,-0.2210099522697494,9.76485330583329,-0.05272197032667003,-0.027054872273971714,0.015552680262330074,0
118.8,9,0.07091247575453469,0.07710716189688509,9.916858233465861,-0.05802681961089613,-0.06631234259454732,-0.043536833286471344,0
118.9,7,0.034506323174080235,0.0898691731953769,9.679695597796576,-0.004656465820588994,-0.05641576419261432,-0.012604283401226239,0
118.9,8,-0.03063461055733759,0.4192351702122677,9.432689701942765,-0.024477068229856676,-0.09105254825531374,0.004662402763827238,0
118.9,9,-0.11025405678059162,-0.1531116326946207,9.610160542991647,0.044938563755128634,0.02195571239064899,0.025718830190568816,0
119.0,7,-0.27288237736522886,0.05366177920808294,10.16417799651559,0.004441330046485513,0.031562102759297044,0.03843385586448232,0
119.0,8,-0.21842430535321983,-0.04412229375238393,9.938720370127,-0.018693113909672678,-0.037113605226731954,-0.10167211907025504,0
119.0,9,0.12185317944785684,0.15182282122486046,9.749925679502635,0.013742604169711743,0.09002262735077574,0.08530073412975048,0
119.1,7,-0.268166036375107,-0.2625607207584165,9.559766096444976,-0.04776697398154366,0.07946935178108405,0.013120673965117811,0
119.1,8,-0.111081249218319,0.2084539093997039,9.81057077395391,-0.04543191268913621,0.003667502760310323,0.0797092644827385,0
119.1,9,-0.05363377700269555,-0.08737091681243236,9.640712662177174,-0.0353619742227917,-0.01499058901044147,-0.004908757892725422,0
119.2,7,0.09616836816016816,-0.05614547566601156,9.634030899858521,-0.05644758971096939,-0.06730813675080867,-0.0454445256429184,0
119.2,8,-0.16689213245299037,-0.1702031163630777,9.930774930356593,0.05009590064705408,-0.011513752043842099,0.07896122032374435,0
119.2,9,0.11501461205593429,-0.16041379185730176,10.162012490751646,0.008508728006629258,-0.008947710496696154,-0.06050904347655646,0
119.3,7,0.0374200973325748,-0.060793600618539945,9.799355368523443,-0.053335410092599046,0.12092617024832711,0.07724811509068605,0
119.3,8,-0.2480146590997126,-0.17936948685965692,9.883470647679518,-0.011355327610155697,0.05461183340694986,0.05877051078145404,0
119.3,9,0.0714195345155861,0.01255242543419333,9.871178134099585,-0.026264449109708016,-0.07576802767507362,-0.03977991668674033,0
119.4,7,-0.03930774754103084,-0.11066731432689043,9.608990454795453,-0.06392368786674896,0.03196653801778634,-0.008663254671139693,0
119.4,8,-0.24856502616403625,0.07073502606729266,9.992771775271295,-0.13019392596578275,-0.032764671206546456,0.032381116608810524,0
119.4,9,0.10909101072131536,0.05827448048112373,9.483615898181514,0.022867396555181163,-0.04648990021616476,-0.07957455117959922,0
119.5,7,0.023420526715570957,-0.19482565983536473,9.80768692307223,-0.1477975991594874,-0.025328638449179028,0.05042162100055833,0
119.5,8,0.5401962924449024,-0.09914008485291911,9.926404177687617,0.03180886355071683,-0.024388500214461335,0.018981581872866405,0
119.5,9,-0.21951045296506036,-0.20681527529823682,9.298912381389538,0.038092955863341105,-0.003356788857171847,0.012579219126426143,0
119.6,7,-0.15182538412302068,-0.0762198767191089,9.811262627836799,0.11378860282808696,-0.07262514467384337,-0.0010477932485583859,0
119.6,8,0.059180274453978325,0.07145245567249345,9.692714603255682,-0.048364891017826,-0.014407288489207202,-0.06990932852591032,0
119.6,9,-0.13502213011081618,0.00012800654258229038,10.125506707744895,-0.006027798676200597,0.08672333005783026,0.002853414276436249,0
119.7,7,-0.014777082019106018,0.37524699629998076,10.130526262096007,-0.021801763064555016,-0.07052869638021698,-0.07965223688730115,0
119.7,8,-0.10204719304733958,-0.16649245498540705,9.710811305816554,-0.029956723184551993,-0.07053329400704401,-0.011221424115313215,0
119.7,9,0.055971380386602945,-0.23414925901384073,10.095248767268492,-0.01440184900515374,-0.025431991581055476,-0.012706262402715744,0
119.8,7,0.3192899381580954,-0.08036523226426859,9.452733121825862,-0.061956782211134744,-0.0007795083885011249,-0.02898799730561584,0
119.8,8,-0.01652224481784114,0.4529229051280253,9.689221894164785,-0.11397151426937085,0.03976966447448912,-0.017478688095157343,0
119.8,9,-0.025845627884687007,0.0683023890572581,10.12549583820854,0.01711776143875611,0.01675778590361751,-0.08719940882728977,0
119.9,7,0.15702584512260798,-0.4759295622738613,9.940163853586814,-0.010548638847769003,-0.055834973010188485,-0.06284492731312623,0
119.9,8,-0.3761656148916121,-0.10596866781122238,9.749095205392937,-0.005956481354821606,0.0831829095111425,-0.04697523493355367,0
119.9,9,-0.2068685131729494,-0.06286903635119859,10.05652834211035,-0.009096930917676514,-0.0583200760211285,0.04169808035937031,0
120.0,7,-0.005846622510791816,0.1110147464913808,9.71785071132072,-0.06248204616643954,0.05868981153753675,-0.009196004757248959,0
120.0,8,-0.0744284168686233,-0.13598618403898347,9.593833236647074,-0.008499328891429464,0.08983071287283761,0.05533143078735066,0
120.0,9,-0.22449306045419293,0.14496151124786355,9.744959364036552,0.027954190763565485,-0.0029989995674871562,0.018919890792062948,0
