time,ped_id,prob_intent,true_intent
11.9,1,0.33,0
12.0,1,0.44,0
12.1,1,0.48,0
12.2,1,0.37,0
12.3,1,0.32,0
12.4,1,0.25,0
12.5,1,0.25,0
12.6,1,0.25,0
12.7,1,0.28,0
12.8,1,0.25,0
12.9,1,0.26,0
13.0,1,0.28,0
13.1,1,0.29,0
13.2,1,0.33,0
13.3,1,0.35,0
13.4,1,0.41,0
13.5,1,0.53,0
13.6,1,0.29,0
13.7,1,0.3,0
13.8,1,0.4,0
13.9,1,0.36,0
14.0,1,0.36,0
14.1,1,0.23,0
14.2,1,0.28,0
14.3,1,0.15,0
14.4,1,0.15,0
14.5,1,0.18,0
14.6,1,0.25,0
14.7,1,0.41,0
14.8,1,0.49,0
14.9,1,0.38,1
15.0,1,0.3,1
15.1,1,0.19,1
15.2,1,0.17,1
15.3,1,0.18,1
15.4,1,0.18,1
15.5,1,0.31,1
15.6,1,0.31,1
15.7,1,0.28,1
15.8,1,0.27,1
15.9,1,0.23,1
16.0,1,0.18,1
16.1,1,0.27,1
16.2,1,0.24,1
16.3,1,0.23,1
16.4,1,0.24,1
16.5,1,0.24,1
16.6,1,0.3,1
16.7,1,0.35,1
16.8,1,0.26,1
16.9,1,0.37,1
17.0,1,0.35,1
17.1,1,0.2,1
17.2,1,0.17,1
17.3,1,0.17,1
17.4,1,0.18,1
17.5,1,0.17,1
17.6,1,0.66,1
17.7,1,0.64,0
17.8,1,0.37,0
17.9,1,0.4,0
18.0,1,0.46,0
18.1,1,0.33,0
18.2,1,0.41,0
18.3,1,0.36,0
18.4,1,0.34,0
18.5,1,0.29,0
18.6,1,0.16,0
18.7,1,0.25,0
18.8,1,0.25,0
18.9,1,0.23,0
19.0,1,0.25,0
19.1,1,0.29,0
19.2,1,0.29,0
19.3,1,0.3,0
19.4,1,0.26,0
19.5,1,0.33,0
19.6,1,0.31,0
19.7,1,0.35,0
19.8,1,0.29,0
19.9,1,0.28,0
20.0,1,0.32,0
20.1,1,0.19,0
20.2,1,0.16,0
20.3,1,0.16,0
20.4,1,0.26,0
20.5,1,0.27,0
20.6,1,0.27,0
20.7,1,0.24,0
20.8,1,0.32,0
20.9,1,0.28,0
21.0,1,0.31,0
21.1,1,0.36,0
21.2,1,0.44,0
21.3,1,0.48,0
21.4,1,0.48,0
21.5,1,0.2,0
21.6,1,0.21,0
21.7,1,0.24,0
21.8,1,0.38,0
21.9,1,0.2,0
22.0,1,0.4,0
22.0,2,0.35,0
22.1,1,0.41,0
22.1,2,0.4,0
22.2,1,0.27,0
22.2,2,0.37,0
22.3,1,0.36,0
22.3,2,0.38,0
22.4,1,0.5,0
22.4,2,0.34,0
22.5,1,0.36,0
22.5,2,0.5,0
22.6,1,0.38,0
22.6,2,0.54,0
22.7,1,0.54,0
22.7,2,0.27,0
22.8,1,0.44,0
22.8,2,0.21,0
22.9,1,0.51,0
22.9,2,0.17,0
23.0,1,0.54,0
23.0,2,0.15,0
23.1,1,0.51,0
23.1,2,0.14,0
23.2,1,0.45,0
23.2,2,0.17,0
23.3,1,0.47,0
23.3,2,0.24,0
23.4,1,0.54,0
23.4,2,0.34,0
23.5,1,0.47,0
23.5,2,0.46,0
23.6,1,0.42,0
23.6,2,0.51,0
23.7,1,0.38,0
23.7,2,0.51,0
23.8,1,0.46,0
23.8,2,0.38,0
23.9,1,0.51,0
23.9,2,0.49,0
24.0,1,0.53,0
24.0,2,0.2,0
24.1,1,0.49,0
24.1,2,0.22,0
24.2,1,0.49,0
24.2,2,0.28,0
24.3,1,0.41,0
24.3,2,0.35,0
24.4,1,0.42,0
24.4,2,0.3,0
24.5,1,0.28,0
24.5,2,0.24,0
24.6,1,0.31,0
24.6,2,0.32,0
24.7,1,0.31,0
24.7,2,0.32,0
24.8,1,0.25,0
24.8,2,0.34,0
24.9,1,0.32,0
24.9,2,0.44,0
25.0,1,0.3,0
25.0,2,0.47,1
25.1,1,0.28,0
25.1,2,0.46,1
25.2,1,0.14,0
25.2,2,0.35,1
25.3,1,0.14,0
25.3,2,0.36,1
25.4,1,0.06,0
25.4,2,0.51,1
25.5,1,0.14,0
25.5,2,0.53,1
25.6,1,0.15,0
25.6,2,0.46,1
25.7,1,0.19,0
25.7,2,0.3,1
25.8,1,0.28,0
25.8,2,0.22,1
25.9,1,0.17,0
25.9,2,0.24,1
26.0,1,0.19,0
26.0,2,0.4,1
26.1,1,0.06,0
26.1,2,0.36,1
26.2,1,0.14,0
26.2,2,0.35,1
26.3,1,0.08,0
26.3,2,0.38,1
26.4,1,0.08,0
26.4,2,0.36,1
26.5,1,0.03,0
26.5,2,0.37,1
26.6,1,0.06,0
26.6,2,0.45,1
26.7,1,0.18,0
26.7,2,0.35,1
26.8,1,0.24,0
26.8,2,0.43,1
26.9,1,0.28,0
26.9,2,0.41,1
27.0,1,0.23,0
27.0,2,0.36,1
27.1,1,0.29,0
27.1,2,0.34,1
27.2,1,0.36,0
27.2,2,0.43,1
27.3,1,0.38,0
27.3,2,0.55,1
27.4,1,0.33,0
27.4,2,0.54,1
27.5,1,0.35,0
27.5,2,0.38,1
27.6,1,0.31,0
27.6,2,0.39,1
27.7,1,0.36,0
27.7,2,0.62,1
27.8,1,0.42,0
27.8,2,0.66,0
27.9,1,0.45,0
27.9,2,0.42,0
28.0,1,0.39,0
28.0,2,0.38,0
28.1,1,0.36,0
28.1,2,0.3,0
28.2,1,0.46,0
28.2,2,0.3,0
28.3,1,0.35,0
28.3,2,0.36,0
28.4,1,0.36,0
28.4,2,0.35,0
28.5,1,0.43,0
28.5,2,0.42,0
28.6,1,0.29,0
28.6,2,0.36,0
28.7,1,0.18,0
28.7,2,0.24,0
28.8,1,0.39,0
28.8,2,0.24,0
28.9,1,0.29,0
28.9,2,0.23,0
29.0,1,0.25,0
29.0,2,0.31,0
29.1,1,0.19,0
29.1,2,0.38,0
29.2,1,0.12,0
29.2,2,0.33,0
29.3,1,0.39,0
29.3,2,0.21,0
29.4,1,0.37,0
29.4,2,0.23,0
29.5,1,0.3,0
29.5,2,0.28,0
29.6,1,0.4,0
29.6,2,0.22,0
29.7,1,0.46,0
29.7,2,0.25,0
29.8,1,0.48,0
29.8,2,0.22,0
29.9,1,0.63,0
29.9,2,0.13,0
30.0,1,0.59,0
30.0,2,0.16,0
30.1,1,0.5,0
30.1,2,0.36,0
30.2,1,0.39,0
30.2,2,0.39,0
30.3,1,0.39,0
30.3,2,0.58,0
30.4,1,0.39,0
30.4,2,0.56,0
30.5,1,0.41,0
30.5,2,0.47,0
30.6,1,0.41,0
30.6,2,0.36,0
30.7,1,0.44,0
30.7,2,0.27,0
30.8,1,0.24,0
30.8,2,0.25,0
30.9,1,0.19,0
30.9,2,0.48,0
31.0,1,0.15,0
31.0,2,0.45,0
31.1,1,0.23,0
31.1,2,0.4,0
31.2,1,0.21,0
31.2,2,0.54,0
31.3,1,0.27,0
31.3,2,0.31,0
31.4,1,0.33,0
31.4,2,0.43,0
31.5,1,0.34,0
31.5,2,0.49,0
31.6,1,0.27,0
31.6,2,0.41,0
31.7,1,0.21,0
31.7,2,0.45,0
31.8,1,0.19,0
31.8,2,0.5,0
31.9,1,0.23,0
31.9,2,0.67,0
32.0,1,0.22,0
32.0,2,0.53,0
32.1,1,0.52,0
32.1,2,0.46,0
32.2,1,0.54,0
32.2,2,0.37,0
32.3,1,0.38,0
32.3,2,0.35,0
32.4,1,0.39,0
32.4,2,0.21,0
32.5,1,0.38,0
32.5,2,0.15,0
32.6,1,0.33,0
32.6,2,0.1,0
32.7,1,0.56,0
32.7,2,0.12,0
32.8,1,0.65,0
32.8,2,0.11,0
32.9,1,0.58,0
32.9,2,0.15,0
33.0,1,0.4,0
33.0,2,0.1,0
33.0,3,0.19,0
33.1,1,0.41,0
33.1,2,0.13,0
33.1,3,0.22,0
33.2,1,0.44,0
33.2,2,0.17,0
33.2,3,0.29,0
33.3,1,0.45,0
33.3,2,0.23,0
33.3,3,0.34,0
33.4,1,0.59,0
33.4,2,0.13,0
33.4,3,0.17,0
33.5,1,0.53,0
33.5,2,0.29,0
33.5,3,0.11,0
33.6,1,0.41,0
33.6,2,0.24,0
33.6,3,0.15,0
33.7,1,0.33,0
33.7,2,0.2,0
33.7,3,0.13,0
33.8,1,0.42,0
33.8,2,0.38,0
33.8,3,0.07,0
33.9,1,0.43,0
33.9,2,0.5,0
33.9,3,0.35,0
34.0,1,0.43,0
34.0,2,0.51,0
34.0,3,0.3,0
34.1,1,0.37,0
34.1,2,0.47,0
34.1,3,0.32,0
34.2,1,0.43,0
34.2,2,0.48,0
34.2,3,0.39,0
34.3,1,0.47,0
34.3,2,0.45,0
34.3,3,0.38,0
34.4,1,0.49,0
34.4,2,0.48,0
34.4,3,0.43,0
34.5,2,0.57,0
34.5,3,0.36,0
34.6,2,0.59,0
34.6,3,0.34,0
34.7,2,0.33,0
34.7,3,0.35,0
34.8,2,0.34,0
34.8,3,0.23,0
34.9,2,0.37,0
34.9,3,0.25,0
35.0,2,0.38,0
35.0,3,0.19,0
35.1,2,0.34,0
35.1,3,0.21,0
35.2,2,0.33,0
35.2,3,0.34,0
35.3,2,0.45,0
35.3,3,0.28,0
35.4,2,0.43,0
35.4,3,0.26,0
35.5,2,0.37,0
35.5,3,0.22,0
35.6,2,0.38,0
35.6,3,0.18,0
35.7,2,0.34,0
35.7,3,0.16,0
35.8,2,0.3,0
35.8,3,0.16,0
35.9,2,0.27,0
35.9,3,0.21,0
36.0,2,0.29,0
36.0,3,0.22,1
36.1,2,0.28,0
36.1,3,0.16,1
36.2,2,0.28,0
36.2,3,0.07,1
36.3,2,0.24,0
36.3,3,0.05,1
36.4,2,0.22,0
36.4,3,0.02,1
36.5,2,0.09,0
36.5,3,0.09,1
36.6,2,0.1,0
36.6,3,0.22,1
36.7,2,0.09,0
36.7,3,0.26,1
36.8,2,0.21,0
36.8,3,0.22,1
36.9,2,0.25,0
36.9,3,0.19,1
37.0,2,0.19,0
37.0,3,0.09,1
37.1,2,0.23,0
37.1,3,0.15,1
37.2,2,0.16,0
37.2,3,0.18,1
37.3,2,0.22,0
37.3,3,0.23,1
37.4,2,0.26,0
37.4,3,0.21,1
37.5,2,0.4,0
37.5,3,0.23,1
37.6,2,0.4,0
37.6,3,0.28,1
37.7,2,0.3,0
37.7,3,0.24,1
37.8,2,0.27,0
37.8,3,0.29,1
37.9,2,0.22,0
37.9,3,0.25,1
38.0,2,0.27,0
38.0,3,0.42,1
38.1,2,0.1,0
38.1,3,0.41,1
38.2,2,0.04,0
38.2,3,0.49,1
38.3,2,0.06,0
38.3,3,0.58,1
38.4,2,0.14,0
38.4,3,0.48,1
38.5,2,0.15,0
38.5,3,0.42,1
38.6,2,0.17,0
38.6,3,0.34,1
38.7,2,0.24,0
38.7,3,0.69,1
38.8,2,0.3,0
38.8,3,0.6,1
38.9,2,0.37,0
38.9,3,0.59,1
39.0,2,0.28,0
39.0,3,0.62,1
39.1,2,0.36,0
39.1,3,0.6,1
39.2,2,0.4,0
39.2,3,0.59,1
39.3,2,0.44,0
39.3,3,0.51,1
39.4,2,0.5,0
39.4,3,0.53,1
39.5,2,0.41,0
39.5,3,0.51,1
39.6,2,0.35,0
39.6,3,0.52,1
39.7,2,0.34,0
39.7,3,0.19,1
39.8,2,0.37,0
39.8,3,0.24,1
39.9,2,0.36,0
39.9,3,0.23,1
40.0,2,0.39,0
40.0,3,0.25,1
40.1,2,0.42,0
40.1,3,0.22,1
40.2,2,0.3,0
40.2,3,0.27,1
40.3,2,0.23,0
40.3,3,0.39,1
40.4,2,0.2,0
40.4,3,0.25,1
40.5,2,0.31,0
40.5,3,0.18,1
40.6,2,0.42,0
40.6,3,0.23,1
40.7,2,0.43,0
40.7,3,0.24,1
40.8,2,0.46,0
40.8,3,0.32,1
40.9,2,0.54,0
40.9,3,0.38,1
41.0,2,0.32,0
41.0,3,0.29,1
41.1,2,0.23,0
41.1,3,0.31,1
41.2,2,0.27,0
41.2,3,0.29,1
41.3,2,0.22,0
41.3,3,0.29,1
41.4,2,0.2,0
41.4,3,0.32,1
41.5,2,0.18,0
41.5,3,0.23,1
41.6,2,0.23,0
41.6,3,0.23,1
41.7,2,0.27,0
41.7,3,0.35,1
41.8,2,0.24,0
41.8,3,0.22,1
41.9,2,0.26,0
41.9,3,0.14,1
42.0,2,0.14,0
42.0,3,0.16,1
42.1,2,0.13,0
42.1,3,0.16,1
42.2,2,0.2,0
42.2,3,0.16,1
42.3,2,0.19,0
42.3,3,0.21,1
42.4,2,0.23,0
42.4,3,0.45,1
42.5,2,0.21,0
42.5,3,0.34,1
42.6,2,0.24,0
42.6,3,0.36,1
42.7,2,0.23,0
42.7,3,0.33,1
42.8,2,0.32,0
42.8,3,0.16,1
42.9,2,0.28,0
42.9,3,0.25,1
43.0,2,0.34,0
43.0,3,0.21,1
43.1,2,0.32,0
43.1,3,0.25,1
43.2,2,0.21,0
43.2,3,0.38,1
43.3,2,0.25,0
43.3,3,0.25,1
43.3,4,0.48,0
43.4,2,0.36,0
43.4,3,0.24,1
43.4,4,0.52,0
43.5,2,0.39,0
43.5,3,0.19,1
43.5,4,0.45,0
43.6,2,0.4,0
43.6,3,0.13,1
43.6,4,0.41,0
43.7,2,0.43,0
43.7,3,0.18,1
43.7,4,0.46,0
43.8,2,0.33,0
43.8,3,0.23,1
43.8,4,0.41,0
43.9,2,0.34,0
43.9,3,0.32,1
43.9,4,0.45,0
44.0,2,0.31,0
44.0,3,0.29,1
44.0,4,0.39,0
44.1,2,0.33,0
44.1,3,0.26,1
44.1,4,0.41,0
44.2,2,0.3,0
44.2,3,0.26,1
44.2,4,0.35,0
44.3,2,0.55,0
44.3,3,0.33,1
44.3,4,0.34,0
44.4,2,0.42,0
44.4,3,0.31,1
44.4,4,0.33,0
44.5,2,0.51,0
44.5,3,0.3,1
44.5,4,0.34,0
44.6,3,0.17,1
44.6,4,0.28,0
44.7,3,0.12,1
44.7,4,0.34,0
44.8,3,0.18,1
44.8,4,0.3,0
44.9,3,0.25,1
44.9,4,0.34,0
45.0,3,0.24,1
45.0,4,0.35,0
45.1,3,0.11,0
45.1,4,0.34,0
45.2,3,0.19,0
45.2,4,0.29,0
45.3,3,0.39,0
45.3,4,0.33,0
45.4,3,0.41,0
45.4,4,0.27,0
45.5,3,0.45,0
45.5,4,0.26,0
45.6,3,0.4,0
45.6,4,0.36,0
45.7,3,0.41,0
45.7,4,0.22,0
45.8,3,0.42,0
45.8,4,0.32,0
45.9,3,0.29,0
45.9,4,0.24,0
46.0,3,0.23,0
46.0,4,0.39,0
46.1,3,0.36,0
46.1,4,0.33,0
46.2,3,0.4,0
46.2,4,0.41,0
46.3,3,0.4,0
46.3,4,0.18,1
46.4,3,0.34,0
46.4,4,0.2,1
46.5,3,0.3,0
46.5,4,0.15,1
46.6,3,0.15,0
46.6,4,0.13,1
46.7,3,0.17,0
46.7,4,0.15,1
46.8,3,0.23,0
46.8,4,0.07,1
46.9,3,0.26,0
46.9,4,0.1,1
47.0,3,0.25,0
47.0,4,0.18,1
47.1,3,0.2,0
47.1,4,0.25,1
47.2,3,0.19,0
47.2,4,0.18,1
47.3,3,0.15,0
47.3,4,0.21,1
47.4,3,0.22,0
47.4,4,0.12,1
47.5,3,0.32,0
47.5,4,0.13,1
47.6,3,0.43,0
47.6,4,0.17,1
47.7,3,0.45,0
47.7,4,0.14,1
47.8,3,0.42,0
47.8,4,0.09,1
47.9,3,0.44,0
47.9,4,0.16,1
48.0,3,0.43,0
48.0,4,0.2,1
48.1,3,0.41,0
48.1,4,0.2,1
48.2,3,0.38,0
48.2,4,0.24,1
48.3,3,0.34,0
48.3,4,0.33,1
48.4,3,0.26,0
48.4,4,0.16,1
48.5,3,0.28,0
48.5,4,0.24,1
48.6,3,0.33,0
48.6,4,0.25,1
48.7,3,0.31,0
48.7,4,0.42,1
48.8,3,0.45,0
48.8,4,0.4,1
48.9,3,0.34,0
48.9,4,0.26,1
49.0,3,0.26,0
49.0,4,0.58,1
49.1,3,0.17,0
49.1,4,0.63,0
49.2,3,0.44,0
49.2,4,0.25,0
49.3,3,0.38,0
49.3,4,0.18,0
49.4,3,0.24,0
49.4,4,0.19,0
49.5,3,0.17,0
49.5,4,0.42,0
49.6,3,0.26,0
49.6,4,0.49,0
49.7,3,0.29,0
49.7,4,0.26,0
49.8,3,0.35,0
49.8,4,0.19,0
49.9,3,0.29,0
49.9,4,0.34,0
50.0,3,0.42,0
50.0,4,0.31,0
50.1,3,0.42,0
50.1,4,0.4,0
50.2,3,0.38,0
50.2,4,0.53,0
50.3,3,0.57,0
50.3,4,0.54,0
50.4,3,0.51,0
50.4,4,0.45,0
50.5,3,0.54,0
50.5,4,0.44,0
50.6,3,0.59,0
50.6,4,0.41,0
50.7,3,0.66,0
50.7,4,0.35,0
50.8,3,0.7,0
50.8,4,0.24,0
50.9,3,0.69,0
50.9,4,0.22,0
51.0,3,0.64,0
51.0,4,0.31,0
51.1,3,0.42,0
51.1,4,0.19,0
51.2,3,0.26,0
51.2,4,0.3,0
51.3,3,0.45,0
51.3,4,0.3,0
51.4,3,0.22,0
51.4,4,0.39,0
51.5,3,0.47,0
51.5,4,0.22,0
51.6,3,0.29,0
51.6,4,0.41,0
51.7,3,0.37,0
51.7,4,0.3,0
51.8,3,0.38,0
51.8,4,0.4,0
51.9,3,0.32,0
51.9,4,0.44,0
52.0,3,0.28,0
52.0,4,0.26,0
52.1,3,0.27,0
52.1,4,0.31,0
52.2,3,0.28,0
52.2,4,0.32,0
52.3,3,0.28,0
52.3,4,0.35,0
52.4,3,0.23,0
52.4,4,0.23,0
52.5,3,0.23,0
52.5,4,0.31,0
52.6,3,0.36,0
52.6,4,0.14,0
52.7,3,0.35,0
52.7,4,0.13,0
52.8,3,0.35,0
52.8,4,0.13,0
52.9,3,0.4,0
52.9,4,0.11,0
53.0,3,0.41,0
53.0,4,0.09,0
53.1,3,0.48,0
53.1,4,0.07,0
53.2,3,0.45,0
53.2,4,0.13,0
53.3,3,0.37,0
53.3,4,0.18,0
53.4,3,0.34,0
53.4,4,0.2,0
53.5,3,0.28,0
53.5,4,0.09,0
53.6,3,0.22,0
53.6,4,0.1,0
53.7,3,0.19,0
53.7,4,0.09,0
53.7,5,0.15,0
53.8,3,0.38,0
53.8,4,0.13,0
53.8,5,0.31,0
53.9,3,0.28,0
53.9,4,0.12,0
53.9,5,0.18,0
54.0,3,0.25,0
54.0,4,0.16,0
54.0,5,0.3,0
54.1,3,0.23,0
54.1,4,0.27,0
54.1,5,0.45,0
54.2,3,0.18,0
54.2,4,0.19,0
54.2,5,0.48,0
54.3,3,0.15,0
54.3,4,0.23,0
54.3,5,0.37,0
54.4,3,0.2,0
54.4,4,0.17,0
54.4,5,0.31,0
54.5,3,0.22,0
54.5,4,0.17,0
54.5,5,0.33,0
54.6,3,0.1,0
54.6,4,0.15,0
54.6,5,0.38,0
54.7,3,0.19,0
54.7,4,0.16,0
54.7,5,0.19,0
54.8,3,0.24,0
54.8,4,0.19,0
54.8,5,0.39,0
54.9,3,0.16,0
54.9,4,0.22,0
54.9,5,0.48,0
55.0,3,0.47,0
55.0,4,0.18,0
55.0,5,0.49,0
55.1,3,0.41,0
55.1,4,0.2,0
55.1,5,0.37,0
55.2,3,0.39,0
55.2,4,0.39,0
55.2,5,0.33,0
55.3,3,0.51,0
55.3,4,0.56,0
55.3,5,0.51,0
55.4,3,0.61,0
55.4,4,0.34,0
55.4,5,0.33,0
55.5,3,0.49,0
55.5,4,0.19,0
55.5,5,0.32,0
55.6,3,0.49,0
55.6,4,0.3,0
55.6,5,0.3,0
55.7,3,0.26,0
55.7,4,0.19,0
55.7,5,0.33,0
55.8,3,0.22,0
55.8,4,0.23,0
55.8,5,0.37,0
55.9,3,0.37,0
55.9,4,0.26,0
55.9,5,0.36,0
56.0,3,0.29,0
56.0,4,0.17,0
56.0,5,0.29,0
56.1,3,0.33,0
56.1,4,0.19,0
56.1,5,0.37,0
56.2,3,0.38,0
56.2,4,0.27,0
56.2,5,0.4,0
56.3,3,0.38,0
56.3,4,0.26,0
56.3,5,0.08,0
56.4,3,0.3,0
56.4,4,0.29,0
56.4,5,0.1,0
56.5,3,0.27,0
56.5,4,0.33,0
56.5,5,0.18,0
56.6,3,0.28,0
56.6,4,0.35,0
56.6,5,0.2,0
56.7,3,0.15,0
56.7,4,0.42,0
56.7,5,0.24,1
56.8,3,0.23,0
56.8,4,0.35,0
56.8,5,0.34,1
56.9,3,0.15,0
56.9,4,0.24,0
56.9,5,0.44,1
57.0,3,0.23,0
57.0,4,0.41,0
57.0,5,0.45,1
57.1,3,0.18,0
57.1,4,0.43,0
57.1,5,0.47,1
57.2,3,0.21,0
57.2,4,0.4,0
57.2,5,0.22,1
57.3,3,0.18,0
57.3,4,0.23,0
57.3,5,0.38,1
57.4,3,0.09,0
57.4,4,0.24,0
57.4,5,0.3,1
57.5,3,0.08,0
57.5,4,0.16,0
57.5,5,0.39,1
57.6,3,0.16,0
57.6,4,0.13,0
57.6,5,0.32,1
57.7,3,0.11,0
57.7,4,0.27,0
57.7,5,0.4,1
57.8,3,0.13,0
57.8,4,0.26,0
57.8,5,0.27,1
57.9,3,0.17,0
57.9,4,0.25,0
57.9,5,0.32,1
58.0,3,0.34,0
58.0,4,0.22,0
58.0,5,0.36,1
58.1,3,0.35,0
58.1,4,0.24,0
58.1,5,0.34,1
58.2,3,0.21,0
58.2,4,0.27,0
58.2,5,0.44,1
58.3,3,0.2,0
58.3,4,0.36,0
58.3,5,0.46,1
58.4,3,0.41,0
58.4,4,0.3,0
58.4,5,0.4,1
58.5,3,0.39,0
58.5,4,0.27,0
58.5,5,0.38,1
58.6,3,0.38,0
58.6,4,0.23,0
58.6,5,0.45,1
58.7,3,0.38,0
58.7,4,0.33,0
58.7,5,0.38,1
58.8,3,0.31,0
58.8,4,0.24,0
58.8,5,0.29,1
58.9,3,0.36,0
58.9,4,0.11,0
58.9,5,0.33,1
59.0,3,0.29,0
59.0,4,0.19,0
59.0,5,0.21,1
59.1,3,0.32,0
59.1,4,0.33,0
59.1,5,0.24,1
59.2,3,0.43,0
59.2,4,0.23,0
59.2,5,0.11,1
59.3,3,0.34,0
59.3,4,0.17,0
59.3,5,0.08,1
59.4,3,0.4,0
59.4,4,0.15,0
59.4,5,0.65,1
59.5,3,0.34,0
59.5,4,0.22,0
59.5,5,0.71,0
59.6,3,0.52,0
59.6,4,0.22,0
59.6,5,0.29,0
59.7,3,0.5,0
59.7,4,0.24,0
59.7,5,0.35,0
59.8,3,0.45,0
59.8,4,0.24,0
59.8,5,0.36,0
59.9,3,0.49,0
59.9,4,0.31,0
59.9,5,0.34,0
60.0,3,0.32,0
60.0,4,0.26,0
60.0,5,0.35,0
60.1,3,0.31,0
60.1,4,0.3,0
60.1,5,0.31,0
60.2,3,0.31,0
60.2,4,0.42,0
60.2,5,0.25,0
60.3,3,0.31,0
60.3,4,0.37,0
60.3,5,0.24,0
60.4,3,0.28,0
60.4,4,0.19,0
60.4,5,0.27,0
60.5,3,0.23,0
60.5,4,0.48,0
60.5,5,0.3,0
60.6,3,0.26,0
60.6,4,0.5,0
60.6,5,0.26,0
60.7,3,0.2,0
60.7,4,0.5,0
60.7,5,0.26,0
60.8,3,0.14,0
60.8,4,0.43,0
60.8,5,0.3,0
60.9,3,0.12,0
60.9,4,0.42,0
60.9,5,0.29,0
61.0,3,0.19,0
61.0,4,0.32,0
61.0,5,0.28,0
61.1,3,0.2,0
61.1,4,0.35,0
61.1,5,0.32,0
61.2,3,0.11,0
61.2,4,0.5,0
61.2,5,0.31,0
61.3,3,0.08,0
61.3,4,0.55,0
61.3,5,0.37,0
61.4,3,0.08,0
61.4,4,0.52,0
61.4,5,0.43,0
61.5,3,0.23,0
61.5,4,0.57,0
61.5,5,0.44,0
61.6,3,0.07,0
61.6,4,0.51,0
61.6,5,0.29,0
61.7,3,0.04,0
61.7,4,0.49,0
61.7,5,0.29,0
61.8,3,0.13,0
61.8,4,0.33,0
61.8,5,0.14,0
61.9,4,0.25,0
61.9,5,0.14,0
62.0,4,0.32,0
62.0,5,0.13,0
62.1,4,0.46,0
62.1,5,0.03,0
62.2,4,0.28,0
62.2,5,0.07,0
62.3,4,0.26,0
62.3,5,0.11,0
62.4,4,0.28,0
62.4,5,0.11,0
62.5,4,0.18,0
62.5,5,0.15,0
62.6,4,0.31,0
62.6,5,0.05,0
62.7,4,0.43,0
62.7,5,0.18,0
62.8,4,0.28,0
62.8,5,0.17,0
62.9,4,0.23,0
62.9,5,0.19,0
63.0,4,0.25,0
63.0,5,0.32,0
63.1,4,0.21,0
63.1,5,0.2,0
63.2,4,0.21,0
63.2,5,0.34,0
63.3,4,0.23,0
63.3,5,0.11,0
63.4,4,0.29,0
63.4,5,0.17,0
63.5,4,0.26,0
63.5,5,0.39,0
63.6,4,0.24,0
63.6,5,0.33,0
63.7,4,0.26,0
63.7,5,0.54,0
63.8,4,0.29,0
63.8,5,0.43,0
63.9,4,0.21,0
63.9,5,0.49,0
64.0,4,0.24,0
64.0,5,0.44,0
64.1,4,0.24,0
64.1,5,0.39,0
64.2,4,0.28,0
64.2,5,0.26,0
64.3,4,0.3,0
64.3,5,0.18,0
64.4,4,0.41,0
64.4,5,0.19,0
64.5,4,0.19,0
64.5,5,0.27,0
64.6,4,0.21,0
64.6,5,0.37,0
64.7,4,0.25,0
64.7,5,0.17,0
64.8,4,0.23,0
64.8,5,0.09,0
64.9,4,0.22,0
64.9,5,0.09,0
65.0,4,0.23,0
65.0,5,0.18,0
65.0,6,0.4,0
65.1,4,0.33,0
65.1,5,0.16,0
65.1,6,0.36,0
65.2,4,0.32,0
65.2,5,0.19,0
65.2,6,0.25,0
65.3,4,0.27,0
65.3,5,0.27,0
65.3,6,0.13,0
65.4,4,0.29,0
65.4,5,0.36,0
65.4,6,0.14,0
65.5,4,0.3,0
65.5,5,0.33,0
65.5,6,0.2,0
65.6,4,0.25,0
65.6,5,0.31,0
65.6,6,0.18,0
65.7,4,0.39,0
65.7,5,0.32,0
65.7,6,0.35,0
65.8,4,0.35,0
65.8,5,0.64,0
65.8,6,0.27,0
65.9,5,0.53,0
65.9,6,0.3,0
66.0,5,0.42,0
66.0,6,0.37,0
66.1,5,0.43,0
66.1,6,0.31,0
66.2,5,0.42,0
66.2,6,0.32,0
66.3,5,0.42,0
66.3,6,0.38,0
66.4,5,0.54,0
66.4,6,0.36,0
66.5,5,0.4,0
66.5,6,0.54,0
66.6,5,0.47,0
66.6,6,0.52,0
66.7,5,0.39,0
66.7,6,0.55,0
66.8,5,0.44,0
66.8,6,0.52,0
66.9,5,0.38,0
66.9,6,0.33,0
67.0,5,0.67,0
67.0,6,0.34,0
67.1,5,0.61,0
67.1,6,0.35,0
67.2,5,0.56,0
67.2,6,0.35,0
67.3,5,0.56,0
67.3,6,0.25,0
67.4,5,0.52,0
67.4,6,0.41,0
67.5,5,0.47,0
67.5,6,0.08,0
67.6,5,0.54,0
67.6,6,0.18,0
67.7,5,0.57,0
67.7,6,0.16,0
67.8,5,0.52,0
67.8,6,0.14,0
67.9,5,0.53,0
67.9,6,0.19,0
68.0,5,0.47,0
68.0,6,0.3,1
68.1,5,0.38,0
68.1,6,0.29,1
68.2,5,0.34,0
68.2,6,0.4,1
68.3,5,0.32,0
68.3,6,0.37,1
68.4,5,0.22,0
68.4,6,0.36,1
68.5,5,0.22,0
68.5,6,0.51,1
68.6,5,0.23,0
68.6,6,0.54,1
68.7,5,0.14,0
68.7,6,0.54,1
68.8,5,0.17,0
68.8,6,0.38,1
68.9,5,0.24,0
68.9,6,0.41,1
69.0,5,0.21,0
69.0,6,0.44,1
69.1,5,0.1,0
69.1,6,0.35,1
69.2,5,0.13,0
69.2,6,0.29,1
69.3,5,0.14,0
69.3,6,0.26,1
69.4,5,0.12,0
69.4,6,0.15,1
69.5,5,0.21,0
69.5,6,0.16,1
69.6,5,0.43,0
69.6,6,0.25,1
69.7,5,0.4,0
69.7,6,0.24,1
69.8,5,0.43,0
69.8,6,0.32,1
69.9,5,0.5,0
69.9,6,0.29,1
70.0,5,0.52,0
70.0,6,0.28,1
70.1,5,0.59,0
70.1,6,0.17,1
70.2,5,0.58,0
70.2,6,0.34,1
70.3,5,0.56,0
70.3,6,0.33,1
70.4,5,0.47,0
70.4,6,0.44,1
70.5,5,0.5,0
70.5,6,0.42,1
70.6,5,0.44,0
70.6,6,0.37,1
70.7,5,0.42,0
70.7,6,0.65,1
70.8,5,0.4,0
70.8,6,0.63,1
70.9,5,0.34,0
70.9,6,0.6,1
71.0,5,0.31,0
71.0,6,0.61,1
71.1,5,0.15,0
71.1,6,0.6,1
71.2,5,0.09,0
71.2,6,0.63,1
71.3,5,0.22,0
71.3,6,0.63,1
71.4,5,0.32,0
71.4,6,0.59,1
71.5,5,0.21,0
71.5,6,0.59,1
71.6,5,0.14,0
71.6,6,0.58,1
71.7,5,0.25,0
71.7,6,0.13,1
71.8,5,0.28,0
71.8,6,0.19,1
71.9,5,0.22,0
71.9,6,0.26,1
72.0,5,0.24,0
72.0,6,0.39,1
72.1,5,0.35,0
72.1,6,0.38,1
72.2,5,0.26,0
72.2,6,0.46,1
72.3,5,0.28,0
72.3,6,0.41,1
72.4,5,0.22,0
72.4,6,0.4,1
72.5,5,0.24,0
72.5,6,0.43,1
72.6,5,0.12,0
72.6,6,0.23,1
72.7,5,0.2,0
72.7,6,0.28,1
72.8,5,0.13,0
72.8,6,0.36,1
72.9,5,0.25,0
72.9,6,0.34,1
73.0,5,0.39,0
73.0,6,0.27,1
73.1,5,0.37,0
73.1,6,0.26,1
73.2,5,0.19,0
73.2,6,0.36,1
73.3,5,0.26,0
73.3,6,0.31,1
73.4,5,0.29,0
73.4,6,0.35,1
73.5,5,0.32,0
73.5,6,0.17,1
73.6,5,0.4,0
73.6,6,0.2,1
73.7,5,0.45,0
73.7,6,0.28,1
73.8,5,0.41,0
73.8,6,0.43,1
73.9,5,0.26,0
73.9,6,0.55,1
74.0,5,0.27,0
74.0,6,0.49,1
74.1,5,0.28,0
74.1,6,0.27,1
74.2,5,0.38,0
74.2,6,0.16,1
74.3,5,0.4,0
74.3,6,0.4,1
74.4,5,0.31,0
74.4,6,0.38,1
74.5,5,0.36,0
74.5,6,0.23,1
74.6,5,0.39,0
74.6,6,0.26,1
74.7,5,0.32,0
74.7,6,0.09,1
74.8,5,0.31,0
74.8,6,0.2,1
74.9,5,0.51,0
74.9,6,0.1,1
75.0,5,0.51,0
75.0,6,0.22,1
75.1,5,0.21,0
75.1,6,0.35,0
75.2,5,0.25,0
75.2,6,0.24,0
75.3,5,0.39,0
75.3,6,0.34,0
75.4,5,0.35,0
75.4,6,0.2,0
75.5,5,0.38,0
75.5,6,0.4,0
75.6,5,0.36,0
75.6,6,0.34,0
75.7,5,0.3,0
75.7,6,0.41,0
75.7,7,0.41,0
75.8,5,0.45,0
75.8,6,0.28,0
75.8,7,0.42,0
75.9,5,0.37,0
75.9,6,0.42,0
75.9,7,0.42,0
76.0,5,0.45,0
76.0,6,0.4,0
76.0,7,0.45,0
76.1,5,0.46,0
76.1,6,0.38,0
76.1,7,0.56,0
76.2,5,0.48,0
76.2,6,0.15,0
76.2,7,0.56,0
76.3,6,0.15,0
76.3,7,0.65,0
76.4,6,0.15,0
76.4,7,0.49,0
76.5,6,0.17,0
76.5,7,0.46,0
76.6,6,0.2,0
76.6,7,0.45,0
76.7,6,0.53,0
76.7,7,0.18,0
76.8,6,0.51,0
76.8,7,0.22,0
76.9,6,0.44,0
76.9,7,0.17,0
77.0,6,0.29,0
77.0,7,0.31,0
77.1,6,0.31,0
77.1,7,0.18,0
77.2,6,0.28,0
77.2,7,0.21,0
77.3,6,0.25,0
77.3,7,0.26,0
77.4,6,0.39,0
77.4,7,0.29,0
77.5,6,0.43,0
77.5,7,0.11,0
77.6,6,0.46,0
77.6,7,0.14,0
77.7,6,0.48,0
77.7,7,0.11,0
77.8,6,0.62,0
77.8,7,0.17,0
77.9,6,0.39,0
77.9,7,0.21,0
78.0,6,0.3,0
78.0,7,0.29,0
78.1,6,0.29,0
78.1,7,0.2,0
78.2,6,0.34,0
78.2,7,0.24,0
78.3,6,0.3,0
78.3,7,0.31,0
78.4,6,0.19,0
78.4,7,0.26,0
78.5,6,0.19,0
78.5,7,0.23,0
78.6,6,0.22,0
78.6,7,0.28,0
78.7,6,0.22,0
78.7,7,0.33,1
78.8,6,0.11,0
78.8,7,0.43,1
78.9,6,0.09,0
78.9,7,0.27,1
79.0,6,0.17,0
79.0,7,0.27,1
79.1,6,0.15,0
79.1,7,0.25,1
79.2,6,0.22,0
79.2,7,0.26,1
79.3,6,0.24,0
79.3,7,0.18,1
79.4,6,0.19,0
79.4,7,0.23,1
79.5,6,0.37,0
79.5,7,0.1,1
79.6,6,0.3,0
79.6,7,0.12,1
79.7,6,0.25,0
79.7,7,0.12,1
79.8,6,0.27,0
79.8,7,0.11,1
79.9,6,0.3,0
79.9,7,0.13,1
80.0,6,0.32,0
80.0,7,0.16,1
80.1,6,0.27,0
80.1,7,0.24,1
80.2,6,0.39,0
80.2,7,0.27,1
80.3,6,0.28,0
80.3,7,0.24,1
80.4,6,0.3,0
80.4,7,0.34,1
80.5,6,0.16,0
80.5,7,0.35,1
80.6,6,0.14,0
80.6,7,0.39,1
80.7,6,0.21,0
80.7,7,0.3,1
80.8,6,0.3,0
80.8,7,0.27,1
80.9,6,0.25,0
80.9,7,0.26,1
81.0,6,0.28,0
81.0,7,0.11,1
81.1,6,0.19,0
81.1,7,0.07,1
81.2,6,0.21,0
81.2,7,0.06,1
81.3,6,0.18,0
81.3,7,0.08,1
81.4,6,0.19,0
81.4,7,0.57,1
81.5,6,0.23,0
81.5,7,0.64,0
81.6,6,0.14,0
81.6,7,0.26,0
81.7,6,0.17,0
81.7,7,0.29,0
81.8,6,0.15,0
81.8,7,0.38,0
81.9,6,0.29,0
81.9,7,0.41,0
82.0,6,0.25,0
82.0,7,0.38,0
82.1,6,0.23,0
82.1,7,0.38,0
82.2,6,0.23,0
82.2,7,0.45,0
82.3,6,0.28,0
82.3,7,0.46,0
82.4,6,0.24,0
82.4,7,0.45,0
82.5,6,0.3,0
82.5,7,0.26,0
82.6,6,0.23,0
82.6,7,0.46,0
82.7,6,0.44,0
82.7,7,0.39,0
82.8,6,0.44,0
82.8,7,0.37,0
82.9,6,0.44,0
82.9,7,0.33,0
83.0,6,0.5,0
83.0,7,0.25,0
83.1,6,0.47,0
83.1,7,0.24,0
83.2,6,0.47,0
83.2,7,0.25,0
83.3,6,0.37,0
83.3,7,0.22,0
83.4,6,0.51,0
83.4,7,0.18,0
83.5,6,0.58,0
83.5,7,0.34,0
83.6,6,0.54,0
83.6,7,0.44,0
83.7,6,0.54,0
83.7,7,0.26,0
83.8,6,0.55,0
83.8,7,0.3,0
83.9,6,0.52,0
83.9,7,0.42,0
84.0,6,0.23,0
84.0,7,0.39,0
84.1,6,0.14,0
84.1,7,0.39,0
84.2,6,0.21,0
84.2,7,0.23,0
84.3,6,0.3,0
84.3,7,0.4,0
84.4,6,0.42,0
84.4,7,0.32,0
84.5,6,0.26,0
84.5,7,0.4,0
84.6,6,0.36,0
84.6,7,0.24,0
84.7,6,0.32,0
84.7,7,0.31,0
84.8,6,0.16,0
84.8,7,0.29,0
84.9,6,0.25,0
84.9,7,0.11,0
85.0,6,0.36,0
85.0,7,0.18,0
85.1,6,0.36,0
85.1,7,0.16,0
85.2,6,0.32,0
85.2,7,0.17,0
85.3,6,0.33,0
85.3,7,0.06,0
85.4,6,0.29,0
85.4,7,0.06,0
85.5,6,0.23,0
85.5,7,0.23,0
85.6,6,0.1,0
85.6,7,0.24,0
85.7,6,0.09,0
85.7,7,0.2,0
85.8,6,0.12,0
85.8,7,0.14,0
85.9,6,0.14,0
85.9,7,0.15,0
86.0,6,0.1,0
86.0,7,0.03,0
86.1,6,0.35,0
86.1,7,0.19,0
86.2,6,0.26,0
86.2,7,0.02,0
86.3,6,0.28,0
86.3,7,0.1,0
86.4,6,0.14,0
86.4,7,0.18,0
86.5,6,0.26,0
86.5,7,0.23,0
86.6,6,0.46,0
86.6,7,0.18,0
86.7,6,0.49,0
86.7,7,0.13,0
86.8,6,0.46,0
86.8,7,0.19,0
86.8,8,0.31,0
86.9,6,0.54,0
86.9,7,0.2,0
86.9,8,0.46,0
87.0,6,0.57,0
87.0,7,0.18,0
87.0,8,0.57,0
87.1,6,0.53,0
87.1,7,0.19,0
87.1,8,0.24,0
87.2,6,0.46,0
87.2,7,0.24,0
87.2,8,0.18,0
87.3,6,0.38,0
87.3,7,0.3,0
87.3,8,0.28,0
87.4,6,0.35,0
87.4,7,0.23,0
87.4,8,0.26,0
87.5,6,0.18,0
87.5,7,0.3,0
87.5,8,0.29,0
87.6,6,0.16,0
87.6,7,0.29,0
87.6,8,0.26,0
87.7,6,0.11,0
87.7,7,0.25,0
87.7,8,0.2,0
87.8,6,0.19,0
87.8,7,0.33,0
87.8,8,0.23,0
87.9,6,0.2,0
87.9,7,0.24,0
87.9,8,0.31,0
88.0,6,0.29,0
88.0,7,0.25,0
88.0,8,0.32,0
88.1,6,0.22,0
88.1,7,0.16,0
88.1,8,0.35,0
88.2,6,0.36,0
88.2,7,0.15,0
88.2,8,0.49,0
88.3,6,0.36,0
88.3,7,0.27,0
88.3,8,0.48,0
88.4,6,0.28,0
88.4,7,0.25,0
88.4,8,0.58,0
88.5,6,0.27,0
88.5,7,0.2,0
88.5,8,0.57,0
88.6,6,0.25,0
88.6,7,0.26,0
88.6,8,0.47,0
88.7,6,0.31,0
88.7,7,0.31,0
88.7,8,0.7,0
88.8,6,0.16,0
88.8,7,0.54,0
88.8,8,0.69,0
88.9,6,0.25,0
88.9,7,0.42,0
88.9,8,0.75,0
89.0,6,0.27,0
89.0,7,0.39,0
89.0,8,0.72,0
89.1,6,0.27,0
89.1,7,0.43,0
89.1,8,0.57,0
89.2,6,0.29,0
89.2,7,0.46,0
89.2,8,0.56,0
89.3,6,0.28,0
89.3,7,0.57,0
89.3,8,0.48,0
89.4,6,0.31,0
89.4,7,0.52,0
89.4,8,0.44,0
89.5,6,0.31,0
89.5,7,0.48,0
89.5,8,0.5,0
89.6,6,0.34,0
89.6,7,0.42,0
89.6,8,0.47,0
89.7,6,0.22,0
89.7,7,0.5,0
89.7,8,0.48,0
89.8,6,0.18,0
89.8,7,0.35,0
89.8,8,0.43,1
89.9,6,0.14,0
89.9,7,0.35,0
89.9,8,0.21,1
90.0,6,0.15,0
90.0,7,0.16,0
90.0,8,0.17,1
90.1,6,0.15,0
90.1,7,0.1,0
90.1,8,0.29,1
90.2,6,0.07,0
90.2,7,0.14,0
90.2,8,0.51,1
90.3,6,0.08,0
90.3,7,0.11,0
90.3,8,0.53,1
90.4,6,0.12,0
90.4,7,0.28,0
90.4,8,0.58,1
90.5,6,0.21,0
90.5,7,0.26,0
90.5,8,0.67,1
90.6,6,0.27,0
90.6,7,0.3,0
90.6,8,0.5,1
90.7,6,0.19,0
90.7,7,0.46,0
90.7,8,0.44,1
90.8,6,0.22,0
90.8,7,0.46,0
90.8,8,0.24,1
90.9,6,0.24,0
90.9,7,0.4,0
90.9,8,0.28,1
91.0,6,0.38,0
91.0,7,0.32,0
91.0,8,0.24,1
91.1,6,0.41,0
91.1,7,0.34,0
91.1,8,0.22,1
91.2,6,0.26,0
91.2,7,0.38,0
91.2,8,0.25,1
91.3,6,0.43,0
91.3,7,0.5,0
91.3,8,0.14,1
91.4,6,0.43,0
91.4,7,0.47,0
91.4,8,0.19,1
91.5,6,0.31,0
91.5,7,0.63,0
91.5,8,0.32,1
91.6,6,0.32,0
91.6,7,0.53,0
91.6,8,0.28,1
91.7,6,0.33,0
91.7,7,0.57,0
91.7,8,0.17,1
91.8,6,0.36,0
91.8,7,0.35,0
91.8,8,0.23,1
91.9,7,0.38,0
91.9,8,0.17,1
92.0,7,0.31,0
92.0,8,0.28,1
92.1,7,0.28,0
92.1,8,0.35,1
92.2,7,0.16,0
92.2,8,0.4,1
92.3,7,0.19,0
92.3,8,0.4,1
92.4,7,0.18,0
92.4,8,0.34,1
92.5,7,0.4,0
92.5,8,0.6,1
92.6,7,0.37,0
92.6,8,0.64,1
92.7,7,0.32,0
92.7,8,0.59,1
92.8,7,0.11,0
92.8,8,0.61,1
92.9,7,0.11,0
92.9,8,0.69,1
93.0,7,0.1,0
93.0,8,0.68,1
93.1,7,0.13,0
93.1,8,0.69,1
93.2,7,0.18,0
93.2,8,0.67,1
93.3,7,0.18,0
93.3,8,0.67,1
93.4,7,0.2,0
93.4,8,0.67,1
93.5,7,0.44,0
93.5,8,0.22,1
93.6,7,0.36,0
93.6,8,0.11,1
93.7,7,0.29,0
93.7,8,0.22,1
93.8,7,0.3,0
93.8,8,0.4,1
93.9,7,0.24,0
93.9,8,0.33,1
94.0,7,0.21,0
94.0,8,0.19,1
94.1,7,0.25,0
94.1,8,0.21,1
94.2,7,0.28,0
94.2,8,0.19,1
94.3,7,0.3,0
94.3,8,0.2,1
94.4,7,0.3,0
94.4,8,0.2,1
94.5,7,0.28,0
94.5,8,0.27,1
94.6,7,0.33,0
94.6,8,0.18,1
94.7,7,0.42,0
94.7,8,0.25,1
94.8,7,0.45,0
94.8,8,0.37,1
94.9,7,0.37,0
94.9,8,0.31,1
95.0,7,0.42,0
95.0,8,0.36,1
95.1,7,0.45,0
95.1,8,0.37,1
95.2,7,0.41,0
95.2,8,0.45,1
95.3,7,0.51,0
95.3,8,0.5,1
95.4,7,0.48,0
95.4,8,0.54,1
95.5,7,0.5,0
95.5,8,0.57,1
95.6,7,0.5,0
95.6,8,0.58,1
95.7,7,0.17,0
95.7,8,0.57,1
95.8,7,0.19,0
95.8,8,0.43,1
95.9,7,0.25,0
95.9,8,0.45,1
96.0,7,0.44,0
96.0,8,0.41,1
96.1,7,0.4,0
96.1,8,0.4,1
96.2,7,0.3,0
96.2,8,0.33,1
96.3,7,0.42,0
96.3,8,0.37,1
96.4,7,0.39,0
96.4,8,0.37,1
96.5,7,0.32,0
96.5,8,0.13,1
96.6,7,0.32,0
96.6,8,0.11,1
96.7,7,0.26,0
96.7,8,0.17,1
96.8,7,0.28,0
96.8,8,0.09,1
96.9,7,0.4,0
96.9,8,0.24,1
97.0,7,0.33,0
97.0,8,0.31,1
97.1,7,0.46,0
97.1,8,0.19,1
97.2,7,0.43,0
97.2,8,0.09,1
97.3,7,0.4,0
97.3,8,0.19,1
97.4,7,0.35,0
97.4,8,0.14,1
97.5,7,0.33,0
97.5,8,0.19,1
97.6,7,0.3,0
97.6,8,0.19,1
97.6,9,0.44,0
97.7,7,0.25,0
97.7,8,0.3,1
97.7,9,0.28,0
97.8,7,0.21,0
97.8,8,0.27,1
97.8,9,0.36,0
97.9,7,0.25,0
97.9,8,0.31,1
97.9,9,0.39,0
98.0,7,0.25,0
98.0,8,0.3,1
98.0,9,0.27,0
98.1,7,0.14,0
98.1,8,0.25,1
98.1,9,0.21,0
98.2,7,0.34,0
98.2,8,0.26,1
98.2,9,0.21,0
98.3,8,0.27,1
98.3,9,0.18,0
98.4,8,0.27,1
98.4,9,0.25,0
98.5,8,0.31,1
98.5,9,0.27,0
98.6,8,0.19,1
98.6,9,0.32,0
98.7,8,0.12,1
98.7,9,0.34,0
98.8,8,0.15,1
98.8,9,0.39,0
98.9,8,0.23,1
98.9,9,0.38,0
99.0,8,0.27,1
99.0,9,0.36,0
99.1,8,0.28,1
99.1,9,0.28,0
99.2,8,0.31,1
99.2,9,0.33,0
99.3,8,0.41,1
99.3,9,0.37,0
99.4,8,0.35,1
99.4,9,0.35,0
99.5,8,0.39,1
99.5,9,0.41,0
99.6,8,0.36,1
99.6,9,0.28,0
99.7,8,0.18,1
99.7,9,0.27,0
99.8,8,0.11,1
99.8,9,0.19,0
99.9,8,0.2,1
99.9,9,0.21,0
100.0,8,0.3,1
100.0,9,0.2,0
100.1,8,0.37,1
100.1,9,0.21,0
100.2,8,0.22,1
100.2,9,0.26,0
100.3,8,0.41,1
100.3,9,0.13,0
100.4,8,0.44,1
100.4,9,0.36,0
100.5,8,0.23,1
100.5,9,0.49,0
100.6,8,0.26,1
100.6,9,0.39,1
100.7,8,0.26,1
100.7,9,0.36,1
100.8,8,0.28,1
100.8,9,0.42,1
100.9,8,0.25,1
100.9,9,0.42,1
101.0,8,0.23,1
101.0,9,0.4,1
101.1,8,0.2,1
101.1,9,0.44,1
101.2,8,0.22,1
101.2,9,0.37,1
101.3,8,0.22,1
101.3,9,0.44,1
101.4,8,0.23,1
101.4,9,0.44,1
101.5,8,0.37,1
101.5,9,0.43,1
101.6,8,0.35,1
101.6,9,0.4,1
101.7,8,0.25,1
101.7,9,0.43,1
101.8,8,0.23,1
101.8,9,0.39,1
101.9,8,0.53,1
101.9,9,0.39,1
102.0,8,0.35,1
102.0,9,0.24,1
102.1,8,0.39,1
102.1,9,0.37,1
102.2,8,0.36,1
102.2,9,0.37,1
102.3,8,0.39,1
102.3,9,0.52,1
102.4,8,0.41,1
102.4,9,0.48,1
102.5,8,0.38,1
102.5,9,0.4,1
102.6,8,0.19,1
102.6,9,0.27,1
102.7,8,0.19,1
102.7,9,0.34,1
102.8,8,0.19,1
102.8,9,0.32,1
102.9,8,0.2,1
102.9,9,0.3,1
103.0,8,0.18,1
103.0,9,0.34,1
103.1,8,0.14,1
103.1,9,0.21,1
103.2,8,0.18,1
103.2,9,0.31,1
103.3,8,0.21,1
103.3,9,0.57,1
103.4,8,0.35,1
103.4,9,0.56,1
103.5,8,0.4,1
103.5,9,0.58,1
103.6,8,0.26,1
103.6,9,0.5,1
103.7,8,0.33,1
103.7,9,0.49,1
103.8,8,0.32,1
103.8,9,0.5,1
103.9,8,0.34,1
103.9,9,0.54,1
104.0,8,0.35,1
104.0,9,0.56,1
104.1,8,0.48,1
104.1,9,0.55,1
104.2,8,0.47,1
104.2,9,0.63,1
104.3,8,0.48,1
104.3,9,0.45,1
104.4,8,0.45,1
104.4,9,0.52,1
104.5,8,0.53,1
104.5,9,0.52,1
104.6,8,0.4,1
104.6,9,0.47,1
104.7,8,0.52,1
104.7,9,0.5,1
104.8,8,0.48,1
104.8,9,0.39,1
104.9,8,0.44,1
104.9,9,0.35,1
105.0,8,0.1,1
105.0,9,0.27,1
105.1,8,0.18,0
105.1,9,0.38,0
105.2,8,0.39,0
105.2,9,0.38,0
105.3,8,0.24,0
105.3,9,0.36,0
105.4,8,0.24,0
105.4,9,0.33,0
105.5,8,0.41,0
105.5,9,0.36,0
105.6,8,0.29,0
105.6,9,0.34,0
105.7,8,0.28,0
105.7,9,0.39,0
105.8,8,0.37,0
105.8,9,0.36,0
105.9,8,0.33,0
105.9,9,0.35,0
106.0,8,0.32,0
106.0,9,0.37,0
106.1,8,0.31,0
106.1,9,0.25,0
106.2,8,0.4,0
106.2,9,0.16,0
106.3,8,0.38,0
106.3,9,0.18,0
106.4,8,0.35,0
106.4,9,0.22,0
106.5,8,0.33,0
106.5,9,0.29,0
106.6,8,0.32,0
106.6,9,0.32,0
106.7,8,0.28,0
106.7,9,0.3,0
106.8,8,0.21,0
106.8,9,0.35,0
106.9,8,0.34,0
106.9,9,0.38,0
107.0,8,0.25,0
107.0,9,0.3,0
107.1,8,0.25,0
107.1,9,0.33,0
107.2,8,0.24,0
107.2,9,0.62,0
107.3,8,0.33,0
107.3,9,0.62,0
107.4,8,0.36,0
107.4,9,0.62,0
107.5,8,0.31,0
107.5,9,0.7,0
107.6,8,0.55,0
107.6,9,0.67,0
107.7,8,0.53,0
107.7,9,0.66,0
107.8,8,0.66,0
107.8,9,0.7,0
107.9,8,0.58,0
107.9,9,0.61,0
108.0,8,0.63,0
108.0,9,0.62,0
108.1,8,0.6,0
108.1,9,0.57,0
108.2,8,0.59,0
108.2,9,0.56,0
108.2,10,0.34,0
108.3,8,0.55,0
108.3,9,0.53,0
108.3,10,0.33,0
108.4,8,0.45,0
108.4,9,0.51,0
108.4,10,0.37,0
108.5,8,0.42,0
108.5,9,0.5,0
108.5,10,0.3,0
108.6,8,0.4,0
108.6,9,0.41,0
108.6,10,0.29,0
108.7,8,0.61,0
108.7,9,0.3,0
108.7,10,0.25,0
108.8,8,0.65,0
108.8,9,0.29,0
108.8,10,0.26,0
108.9,8,0.5,0
108.9,9,0.28,0
108.9,10,0.24,0
109.0,8,0.49,0
109.0,9,0.12,0
109.0,10,0.34,0
109.1,8,0.47,0
109.1,9,0.09,0
109.1,10,0.15,0
109.2,8,0.21,0
109.2,9,0.1,0
109.2,10,0.17,0
109.3,8,0.26,0
109.3,9,0.04,0
109.3,10,0.3,0
109.4,8,0.42,0
109.4,9,0.34,0
109.4,10,0.31,0
109.5,8,0.44,0
109.5,9,0.25,0
109.5,10,0.33,0
109.6,8,0.37,0
109.6,9,0.32,0
109.6,10,0.32,0
109.7,8,0.51,0
109.7,9,0.41,0
109.7,10,0.32,0
109.8,8,0.42,0
109.8,9,0.32,0
109.8,10,0.33,0
109.9,8,0.39,0
109.9,9,0.47,0
109.9,10,0.12,0
110.0,8,0.1,0
110.0,9,0.41,0
110.0,10,0.18,0
110.1,8,0.38,0
110.1,9,0.41,0
110.1,10,0.23,0
110.2,8,0.37,0
110.2,9,0.42,0
110.2,10,0.28,0
110.3,8,0.3,0
110.3,9,0.35,0
110.3,10,0.28,0
110.4,8,0.37,0
110.4,9,0.22,0
110.4,10,0.28,0
110.5,8,0.47,0
110.5,9,0.41,0
110.5,10,0.36,0
110.6,8,0.33,0
110.6,9,0.46,0
110.6,10,0.47,0
110.7,8,0.26,0
110.7,9,0.45,0
110.7,10,0.35,0
110.8,8,0.24,0
110.8,9,0.45,0
110.8,10,0.21,0
110.9,8,0.28,0
110.9,9,0.45,0
110.9,10,0.21,0
111.0,8,0.31,0
111.0,9,0.36,0
111.0,10,0.17,0
111.1,8,0.48,0
111.1,9,0.22,0
111.1,10,0.14,0
111.2,8,0.52,0
111.2,9,0.16,0
111.2,10,0.1,1
111.3,8,0.42,0
111.3,9,0.15,0
111.3,10,0.05,1
111.4,8,0.39,0
111.4,9,0.23,0
111.4,10,0.09,1
111.5,8,0.36,0
111.5,9,0.16,0
111.5,10,0.27,1
111.6,8,0.39,0
111.6,9,0.25,0
111.6,10,0.27,1
111.7,8,0.25,0
111.7,9,0.42,0
111.7,10,0.23,1
111.8,8,0.16,0
111.8,9,0.37,0
111.8,10,0.2,1
111.9,8,0.25,0
111.9,9,0.38,0
111.9,10,0.26,1
112.0,8,0.21,0
112.0,9,0.41,0
112.0,10,0.33,1
112.1,8,0.37,0
112.1,9,0.29,0
112.1,10,0.35,1
112.2,8,0.27,0
112.2,9,0.27,0
112.2,10,0.4,1
112.3,8,0.36,0
112.3,9,0.32,0
112.3,10,0.26,1
112.4,8,0.34,0
112.4,9,0.19,0
112.4,10,0.39,1
112.5,8,0.3,0
112.5,9,0.16,0
112.5,10,0.2,1
112.6,8,0.07,0
112.6,9,0.19,0
112.6,10,0.17,1
112.7,8,0.12,0
112.7,9,0.21,0
112.7,10,0.13,1
112.8,8,0.13,0
112.8,9,0.19,0
112.8,10,0.22,1
112.9,8,0.11,0
112.9,9,0.24,0
112.9,10,0.21,1
113.0,8,0.31,0
113.0,9,0.2,0
113.0,10,0.05,1
113.1,8,0.49,0
113.1,9,0.24,0
113.1,10,0.05,1
113.2,8,0.45,0
113.2,9,0.28,0
113.2,10,0.12,1
113.3,8,0.47,0
113.3,9,0.19,0
113.3,10,0.09,1
113.4,8,0.32,0
113.4,9,0.25,0
113.4,10,0.19,1
113.5,8,0.44,0
113.5,9,0.19,0
113.5,10,0.17,1
113.6,8,0.43,0
113.6,9,0.2,0
113.6,10,0.24,1
113.7,8,0.37,0
113.7,9,0.22,0
113.7,10,0.26,1
113.8,8,0.36,0
113.8,9,0.24,0
113.8,10,0.24,1
113.9,8,0.35,0
113.9,9,0.35,0
113.9,10,0.63,1
114.0,8,0.35,0
114.0,9,0.37,0
114.0,10,0.66,0
114.1,8,0.31,0
114.1,9,0.35,0
114.1,10,0.37,0
114.2,8,0.17,0
114.2,9,0.3,0
114.2,10,0.43,0
114.3,8,0.19,0
114.3,9,0.28,0
114.3,10,0.42,0
114.4,8,0.21,0
114.4,9,0.29,0
114.4,10,0.39,0
114.5,8,0.27,0
114.5,9,0.32,0
114.5,10,0.34,0
114.6,8,0.21,0
114.6,9,0.3,0
114.6,10,0.26,0
114.7,8,0.29,0
114.7,9,0.24,0
114.7,10,0.33,0
114.8,8,0.24,0
114.8,9,0.23,0
114.8,10,0.25,0
114.9,8,0.24,0
114.9,9,0.23,0
114.9,10,0.26,0
115.0,8,0.28,0
115.0,9,0.34,0
115.0,10,0.24,0
115.1,8,0.29,0
115.1,9,0.34,0
115.1,10,0.49,0
115.2,8,0.32,0
115.2,9,0.25,0
115.2,10,0.31,0
115.3,8,0.32,0
115.3,9,0.27,0
115.3,10,0.27,0
115.4,8,0.35,0
115.4,9,0.3,0
115.4,10,0.27,0
115.5,8,0.4,0
115.5,9,0.36,0
115.5,10,0.27,0
115.6,8,0.46,0
115.6,9,0.44,0
115.6,10,0.22,0
115.7,8,0.38,0
115.7,9,0.23,0
115.7,10,0.18,0
115.8,8,0.26,0
115.8,9,0.23,0
115.8,10,0.16,0
115.9,8,0.3,0
115.9,9,0.22,0
115.9,10,0.22,0
116.0,8,0.29,0
116.0,9,0.25,0
116.0,10,0.17,0
116.1,8,0.22,0
116.1,9,0.23,0
116.1,10,0.26,0
116.2,8,0.29,0
116.2,9,0.66,0
116.2,10,0.3,0
116.3,8,0.28,0
116.3,9,0.38,0
116.3,10,0.27,0
116.4,8,0.23,0
116.4,9,0.47,0
116.4,10,0.2,0
116.5,8,0.21,0
116.5,9,0.34,0
116.5,10,0.12,0
116.6,8,0.12,0
116.6,9,0.3,0
116.6,10,0.18,0
116.7,8,0.23,0
116.7,9,0.29,0
116.7,10,0.03,0
116.8,8,0.25,0
116.8,9,0.38,0
116.8,10,0.02,0
116.9,8,0.18,0
116.9,9,0.31,0
116.9,10,0.06,0
117.0,8,0.15,0
117.0,9,0.32,0
117.0,10,0.18,0
117.1,8,0.18,0
117.1,9,0.32,0
117.1,10,0.2,0
117.2,8,0.16,0
117.2,9,0.34,0
117.2,10,0.22,0
117.3,8,0.15,0
117.3,9,0.39,0
117.3,10,0.25,0
117.4,8,0.34,0
117.4,9,0.4,0
117.4,10,0.32,0
117.5,8,0.14,0
117.5,9,0.32,0
117.5,10,0.26,0
117.6,8,0.33,0
117.6,9,0.29,0
117.6,10,0.25,0
117.7,8,0.26,0
117.7,9,0.25,0
117.7,10,0.4,0
117.8,8,0.33,0
117.8,9,0.3,0
117.8,10,0.34,0
117.9,8,0.33,0
117.9,9,0.29,0
117.9,10,0.28,0
118.0,8,0.28,0
118.0,9,0.34,0
118.0,10,0.23,0
118.1,8,0.3,0
118.1,9,0.31,0
118.1,10,0.12,0
118.2,8,0.45,0
118.2,9,0.19,0
118.2,10,0.2,0
118.3,8,0.44,0
118.3,9,0.18,0
118.3,10,0.23,0
118.4,8,0.26,0
118.4,9,0.26,0
118.4,10,0.08,0
118.5,8,0.25,0
118.5,9,0.16,0
118.5,10,0.09,0
118.6,8,0.36,0
118.6,9,0.23,0
118.6,10,0.31,0
118.7,8,0.27,0
118.7,9,0.21,0
118.7,10,0.43,0
118.7,11,0.15,0
118.8,8,0.27,0
118.8,9,0.19,0
118.8,10,0.49,0
118.8,11,0.25,0
118.9,8,0.2,0
118.9,9,0.21,0
118.9,10,0.43,0
118.9,11,0.1,0
119.0,8,0.21,0
119.0,9,0.15,0
119.0,10,0.23,0
119.0,11,0.18,0
119.1,8,0.3,0
119.1,9,0.37,0
119.1,10,0.25,0
119.1,11,0.15,0
119.2,8,0.38,0
119.2,9,0.33,0
119.2,10,0.2,0
119.2,11,0.15,0
119.3,8,0.36,0
119.3,9,0.31,0
119.3,10,0.41,0
119.3,11,0.05,0
119.4,8,0.64,0
119.4,9,0.37,0
119.4,10,0.5,0
119.4,11,0.08,0
119.5,8,0.67,0
119.5,9,0.4,0
119.5,10,0.58,0
119.5,11,0.28,0
119.6,8,0.47,0
119.6,9,0.32,0
119.6,10,0.35,0
119.6,11,0.29,0
119.7,8,0.47,0
119.7,9,0.44,0
119.7,10,0.43,0
119.7,11,0.16,0
119.8,8,0.41,0
119.8,9,0.45,0
119.8,10,0.4,0
119.8,11,0.15,0
119.9,8,0.44,0
119.9,9,0.24,0
119.9,10,0.23,0
119.9,11,0.24,0
120.0,8,0.56,0
120.0,9,0.18,0
120.0,10,0.29,0
120.0,11,0.48,0
120.1,8,0.61,0
120.1,9,0.18,0
120.1,10,0.22,0
120.1,11,0.47,0
120.2,8,0.52,0
120.2,9,0.14,0
120.2,10,0.2,0
120.2,11,0.52,0
120.3,8,0.29,0
120.3,9,0.15,0
120.3,10,0.28,0
120.3,11,0.54,0
120.4,8,0.36,0
120.4,9,0.11,0
120.4,10,0.21,0
120.4,11,0.41,0
120.5,8,0.31,0
120.5,9,0.08,0
120.5,10,0.41,0
120.5,11,0.49,0
120.6,8,0.32,0
120.6,9,0.04,0
120.6,10,0.3,0
120.6,11,0.39,0
120.7,8,0.35,0
120.7,9,0.08,0
120.7,10,0.19,0
120.7,11,0.46,0
120.8,8,0.36,0
120.8,9,0.1,0
120.8,10,0.36,0
120.8,11,0.37,0
120.9,8,0.5,0
120.9,9,0.26,0
120.9,10,0.36,0
120.9,11,0.42,0
121.0,8,0.4,0
121.0,9,0.29,0
121.0,10,0.3,0
121.0,11,0.36,0
121.1,8,0.32,0
121.1,9,0.27,0
121.1,10,0.28,0
121.1,11,0.21,0
121.2,8,0.4,0
121.2,9,0.29,0
121.2,10,0.28,0
121.2,11,0.18,0
121.3,8,0.43,0
121.3,9,0.22,0
121.3,10,0.26,0
121.3,11,0.19,0
121.4,8,0.31,0
121.4,9,0.29,0
121.4,10,0.29,0
121.4,11,0.17,0
121.5,8,0.48,0
121.5,9,0.28,0
121.5,10,0.32,0
121.5,11,0.1,0
121.6,8,0.27,0
121.6,9,0.36,0
121.6,10,0.51,0
121.6,11,0.1,0
121.7,8,0.22,0
121.7,9,0.37,0
121.7,10,0.49,0
121.7,11,0.3,1
121.8,8,0.2,0
121.8,9,0.3,0
121.8,10,0.46,0
121.8,11,0.12,1
121.9,10,0.41,0
121.9,11,0.08,1
122.0,10,0.47,0
122.0,11,0.1,1
122.1,10,0.39,0
122.1,11,0.07,1
122.2,10,0.54,0
122.2,11,0.2,1
122.3,10,0.55,0
122.3,11,0.31,1
122.4,10,0.51,0
122.4,11,0.3,1
122.5,10,0.44,0
122.5,11,0.32,1
122.6,10,0.54,0
122.6,11,0.32,1
122.7,10,0.52,0
122.7,11,0.25,1
122.8,10,0.45,0
122.8,11,0.18,1
122.9,10,0.32,0
122.9,11,0.22,1
123.0,10,0.31,0
123.0,11,0.28,1
123.1,10,0.29,0
123.1,11,0.2,1
123.2,10,0.17,0
123.2,11,0.13,1
123.3,10,0.17,0
123.3,11,0.19,1
123.4,10,0.15,0
123.4,11,0.23,1
123.5,10,0.21,0
123.5,11,0.28,1
123.6,10,0.09,0
123.6,11,0.42,1
123.7,10,0.02,0
123.7,11,0.52,1
123.8,10,0.06,0
123.8,11,0.41,1
123.9,10,0.25,0
123.9,11,0.41,1
124.0,10,0.26,0
124.0,11,0.35,1
124.1,10,0.23,0
124.1,11,0.33,1
124.2,10,0.26,0
124.2,11,0.45,1
124.3,10,0.33,0
124.3,11,0.53,1
124.4,10,0.3,0
124.4,11,0.7,1
124.5,10,0.21,0
124.5,11,0.69,1
124.6,10,0.28,0
124.6,11,0.69,1
124.7,10,0.32,0
124.7,11,0.64,1
124.8,10,0.29,0
124.8,11,0.48,1
124.9,10,0.3,0
124.9,11,0.52,1
125.0,10,0.23,0
125.0,11,0.52,1
125.1,10,0.16,0
125.1,11,0.54,1
125.2,10,0.17,0
125.2,11,0.54,1
125.3,10,0.16,0
125.3,11,0.52,1
125.4,10,0.07,0
125.4,11,0.38,1
125.5,10,0.12,0
125.5,11,0.35,1
125.6,10,0.14,0
125.6,11,0.32,1
125.7,10,0.16,0
125.7,11,0.3,1
125.8,10,0.15,0
125.8,11,0.47,1
125.9,10,0.11,0
125.9,11,0.44,1
126.0,10,0.2,0
126.0,11,0.4,1
126.1,10,0.38,0
126.1,11,0.32,1
126.2,10,0.38,0
126.2,11,0.25,1
126.3,10,0.41,0
126.3,11,0.38,1
126.4,10,0.39,0
126.4,11,0.43,1
126.5,10,0.36,0
126.5,11,0.47,1
126.6,10,0.31,0
126.6,11,0.27,1
126.7,10,0.24,0
126.7,11,0.35,1
126.8,10,0.07,0
126.8,11,0.33,1
126.9,10,0.05,0
126.9,11,0.37,1
127.0,10,0.15,0
127.0,11,0.45,1
127.1,10,0.17,0
127.1,11,0.47,1
127.2,10,0.32,0
127.2,11,0.4,1
127.3,10,0.29,0
127.3,11,0.38,1
127.4,10,0.23,0
127.4,11,0.29,1
127.5,10,0.16,0
127.5,11,0.27,1
127.6,10,0.2,0
127.6,11,0.05,1
127.7,10,0.21,0
127.7,11,0.08,1
127.8,10,0.31,0
127.8,11,0.05,1
127.9,10,0.38,0
127.9,11,0.03,1
128.0,10,0.24,0
128.0,11,0.05,1
128.1,10,0.31,0
128.1,11,0.11,1
128.2,10,0.26,0
128.2,11,0.14,1
128.3,10,0.37,0
128.3,11,0.16,1
128.4,10,0.35,0
128.4,11,0.21,1
128.5,10,0.42,0
128.5,11,0.24,1
128.6,10,0.45,0
128.6,11,0.24,1
128.7,10,0.36,0
128.7,11,0.27,1
128.8,10,0.36,0
128.8,11,0.11,1
128.9,10,0.28,0
128.9,11,0.12,1
129.0,10,0.28,0
129.0,11,0.15,1
129.1,10,0.21,0
129.1,11,0.28,1
129.2,10,0.22,0
129.2,11,0.12,1
129.3,10,0.11,0
129.3,11,0.12,1
129.3,12,0.42,0
129.4,10,0.09,0
129.4,11,0.12,1
129.4,12,0.48,0
129.5,10,0.14,0
129.5,11,0.12,1
129.5,12,0.29,0
129.6,10,0.18,0
129.6,11,0.14,1
129.6,12,0.21,0
129.7,10,0.12,0
129.7,11,0.35,1
129.7,12,0.16,0
129.8,10,0.27,0
129.8,11,0.44,1
129.8,12,0.19,0
129.9,10,0.2,0
129.9,11,0.45,1
129.9,12,0.11,0
130.0,10,0.21,0
130.0,11,0.43,1
130.0,12,0.12,0
130.1,10,0.27,0
130.1,11,0.38,1
130.1,12,0.08,0
130.2,10,0.53,0
130.2,11,0.27,1
130.2,12,0.11,0
130.3,10,0.45,0
130.3,11,0.25,1
130.3,12,0.1,0
130.4,10,0.42,0
130.4,11,0.18,1
130.4,12,0.04,0
130.5,10,0.48,0
130.5,11,0.23,1
130.5,12,0.15,0
130.6,10,0.41,0
130.6,11,0.21,1
130.6,12,0.16,0
130.7,10,0.49,0
130.7,11,0.32,1
130.7,12,0.24,0
130.8,11,0.22,1
130.8,12,0.26,0
130.9,11,0.14,1
130.9,12,0.36,0
131.0,11,0.17,1
131.0,12,0.36,0
131.1,11,0.23,1
131.1,12,0.45,0
131.2,11,0.2,1
131.2,12,0.33,0
131.3,11,0.27,1
131.3,12,0.22,0
131.4,11,0.35,1
131.4,12,0.31,0
131.5,11,0.36,1
131.5,12,0.42,0
131.6,11,0.41,1
131.6,12,0.19,0
131.7,11,0.38,1
131.7,12,0.22,0
131.8,11,0.39,1
131.8,12,0.45,0
131.9,11,0.37,1
131.9,12,0.57,0
132.0,11,0.36,1
132.0,12,0.41,0
132.1,11,0.32,1
132.1,12,0.23,0
132.2,11,0.39,1
132.2,12,0.35,0
132.3,11,0.38,1
132.3,12,0.22,1
132.4,11,0.32,1
132.4,12,0.21,1
132.5,11,0.49,1
132.5,12,0.26,1
132.6,11,0.55,1
132.6,12,0.27,1
132.7,11,0.4,1
132.7,12,0.45,1
132.8,11,0.47,1
132.8,12,0.48,1
132.9,11,0.45,1
132.9,12,0.37,1
133.0,11,0.44,1
133.0,12,0.52,1
133.1,11,0.59,1
133.1,12,0.46,1
133.2,11,0.36,1
133.2,12,0.29,1
133.3,11,0.36,1
133.3,12,0.34,1
133.4,11,0.44,1
133.4,12,0.37,1
133.5,11,0.43,1
133.5,12,0.41,1
133.6,11,0.41,1
133.6,12,0.49,1
133.7,11,0.44,1
133.7,12,0.4,1
133.8,11,0.43,1
133.8,12,0.42,1
133.9,11,0.43,1
133.9,12,0.53,1
134.0,11,0.4,1
134.0,12,0.48,1
134.1,11,0.38,1
134.1,12,0.6,1
134.2,11,0.31,1
134.2,12,0.66,1
134.3,11,0.21,1
134.3,12,0.41,1
134.4,11,0.3,1
134.4,12,0.26,1
134.5,11,0.3,1
134.5,12,0.38,1
134.6,11,0.31,1
134.6,12,0.4,1
134.7,11,0.45,1
134.7,12,0.39,1
134.8,11,0.47,1
134.8,12,0.46,1
134.9,11,0.43,1
134.9,12,0.4,1
135.0,11,0.36,1
135.0,12,0.73,1
135.1,11,0.24,0
135.1,12,0.73,0
135.2,11,0.25,0
135.2,12,0.43,0
135.3,11,0.31,0
135.3,12,0.41,0
135.4,11,0.34,0
135.4,12,0.41,0
135.5,11,0.34,0
135.5,12,0.34,0
135.6,11,0.33,0
135.6,12,0.39,0
135.7,11,0.24,0
135.7,12,0.38,0
135.8,11,0.29,0
135.8,12,0.34,0
135.9,11,0.35,0
135.9,12,0.34,0
136.0,11,0.37,0
136.0,12,0.26,0
136.1,11,0.41,0
136.1,12,0.28,0
136.2,11,0.29,0
136.2,12,0.32,0
136.3,11,0.33,0
136.3,12,0.16,0
136.4,11,0.22,0
136.4,12,0.37,0
136.5,11,0.11,0
136.5,12,0.15,0
136.6,11,0.11,0
136.6,12,0.25,0
136.7,11,0.2,0
136.7,12,0.29,0
136.8,11,0.15,0
136.8,12,0.32,0
136.9,11,0.17,0
136.9,12,0.34,0
137.0,11,0.18,0
137.0,12,0.39,0
137.1,11,0.26,0
137.1,12,0.31,0
137.2,11,0.16,0
137.2,12,0.55,0
137.3,11,0.22,0
137.3,12,0.52,0
137.4,11,0.28,0
137.4,12,0.32,0
137.5,11,0.33,0
137.5,12,0.23,0
137.6,11,0.35,0
137.6,12,0.41,0
137.7,11,0.39,0
137.7,12,0.35,0
137.8,11,0.35,0
137.8,12,0.54,0
137.9,11,0.31,0
137.9,12,0.52,0
138.0,11,0.42,0
138.0,12,0.54,0
138.1,11,0.47,0
138.1,12,0.56,0
138.2,11,0.44,0
138.2,12,0.58,0
138.3,11,0.52,0
138.3,12,0.48,0
138.4,11,0.47,0
138.4,12,0.49,0
138.5,11,0.41,0
138.5,12,0.45,0
138.6,11,0.55,0
138.6,12,0.26,0
138.7,11,0.39,0
138.7,12,0.28,0
138.8,11,0.56,0
138.8,12,0.2,0
138.9,11,0.44,0
138.9,12,0.17,0
139.0,11,0.34,0
139.0,12,0.32,0
139.1,11,0.36,0
139.1,12,0.33,0
139.2,11,0.2,0
139.2,12,0.32,0
139.3,11,0.22,0
139.3,12,0.28,0
139.4,11,0.31,0
139.4,12,0.27,0
139.5,11,0.23,0
139.5,12,0.21,0
139.6,11,0.24,0
139.6,12,0.2,0
139.7,11,0.2,0
139.7,12,0.24,0
139.8,11,0.32,0
139.8,12,0.26,0
139.9,11,0.27,0
139.9,12,0.42,0
139.9,13,0.35,0
140.0,11,0.35,0
140.0,12,0.26,0
140.0,13,0.32,0
140.1,11,0.06,0
140.1,12,0.31,0
140.1,13,0.32,0
140.2,11,0.19,0
140.2,12,0.48,0
140.2,13,0.35,0
140.3,11,0.19,0
140.3,12,0.31,0
140.3,13,0.38,0
140.4,11,0.14,0
140.4,12,0.3,0
140.4,13,0.28,0
140.5,11,0.14,0
140.5,12,0.59,0
140.5,13,0.31,0
140.6,11,0.26,0
140.6,12,0.44,0
140.6,13,0.2,0
140.7,11,0.24,0
140.7,12,0.32,0
140.7,13,0.44,0
140.8,11,0.2,0
140.8,12,0.36,0
140.8,13,0.39,0
140.9,11,0.16,0
140.9,12,0.25,0
140.9,13,0.35,0
141.0,11,0.25,0
141.0,12,0.28,0
141.0,13,0.35,0
141.1,11,0.29,0
141.1,12,0.3,0
141.1,13,0.26,0
141.2,11,0.28,0
141.2,12,0.18,0
141.2,13,0.27,0
141.3,11,0.33,0
141.3,12,0.19,0
141.3,13,0.28,0
141.4,11,0.25,0
141.4,12,0.23,0
141.4,13,0.31,0
141.5,11,0.24,0
141.5,12,0.25,0
141.5,13,0.35,0
141.6,11,0.48,0
141.6,12,0.28,0
141.6,13,0.33,0
141.7,11,0.51,0
141.7,12,0.31,0
141.7,13,0.27,0
141.8,11,0.25,0
141.8,12,0.29,0
141.8,13,0.24,0
141.9,11,0.28,0
141.9,12,0.29,0
141.9,13,0.29,0
142.0,11,0.26,0
142.0,12,0.36,0
142.0,13,0.26,0
142.1,11,0.23,0
142.1,12,0.3,0
142.1,13,0.27,0
142.2,11,0.39,0
142.2,12,0.37,0
142.2,13,0.3,0
142.3,11,0.28,0
142.3,12,0.42,0
142.3,13,0.29,0
142.4,11,0.27,0
142.4,12,0.4,0
142.4,13,0.2,0
142.5,11,0.33,0
142.5,12,0.42,0
142.5,13,0.05,0
142.6,11,0.31,0
142.6,12,0.48,0
142.6,13,0.09,0
142.7,11,0.31,0
142.7,12,0.52,0
142.7,13,0.08,0
142.8,11,0.38,0
142.8,12,0.44,0
142.8,13,0.04,0
142.9,11,0.31,0
142.9,12,0.36,0
142.9,13,0.22,1
143.0,11,0.58,0
143.0,12,0.51,0
143.0,13,0.23,1
143.1,11,0.61,0
143.1,12,0.33,0
143.1,13,0.17,1
143.2,11,0.6,0
143.2,12,0.31,0
143.2,13,0.14,1
143.3,11,0.51,0
143.3,12,0.17,0
143.3,13,0.22,1
143.4,11,0.54,0
143.4,12,0.18,0
143.4,13,0.15,1
143.5,11,0.6,0
143.5,12,0.16,0
143.5,13,0.52,1
143.6,11,0.58,0
143.6,12,0.21,0
143.6,13,0.5,1
143.7,11,0.55,0
143.7,12,0.24,0
143.7,13,0.41,1
143.8,11,0.41,0
143.8,12,0.15,0
143.8,13,0.35,1
143.9,11,0.32,0
143.9,12,0.18,0
143.9,13,0.43,1
144.0,11,0.47,0
144.0,12,0.38,0
144.0,13,0.15,1
144.1,11,0.57,0
144.1,12,0.48,0
144.1,13,0.19,1
144.2,11,0.58,0
144.2,12,0.42,0
144.2,13,0.37,1
144.3,11,0.45,0
144.3,12,0.45,0
144.3,13,0.37,1
144.4,11,0.49,0
144.4,12,0.44,0
144.4,13,0.42,1
144.5,11,0.55,0
144.5,12,0.22,0
144.5,13,0.46,1
144.6,11,0.49,0
144.6,12,0.31,0
144.6,13,0.61,1
144.7,11,0.43,0
144.7,12,0.36,0
144.7,13,0.7,1
144.8,11,0.48,0
144.8,12,0.23,0
144.8,13,0.5,1
144.9,11,0.48,0
144.9,12,0.29,0
144.9,13,0.39,1
145.0,11,0.35,0
145.0,12,0.26,0
145.0,13,0.42,1
145.1,11,0.35,0
145.1,12,0.25,0
145.1,13,0.41,1
145.2,11,0.58,0
145.2,12,0.36,0
145.2,13,0.38,1
145.3,11,0.65,0
145.3,12,0.42,0
145.3,13,0.3,1
145.4,11,0.58,0
145.4,12,0.45,0
145.4,13,0.28,1
145.5,11,0.57,0
145.5,12,0.38,0
145.5,13,0.24,1
145.6,11,0.36,0
145.6,12,0.35,0
145.6,13,0.71,1
145.7,11,0.29,0
145.7,12,0.38,0
145.7,13,0.72,0
145.8,11,0.3,0
145.8,12,0.28,0
145.8,13,0.43,0
145.9,11,0.37,0
145.9,12,0.09,0
145.9,13,0.41,0
146.0,11,0.46,0
146.0,12,0.07,0
146.0,13,0.33,0
146.1,11,0.43,0
146.1,12,0.09,0
146.1,13,0.31,0
146.2,11,0.2,0
146.2,12,0.1,0
146.2,13,0.32,0
146.3,11,0.25,0
146.3,12,0.16,0
146.3,13,0.32,0
146.4,11,0.23,0
146.4,12,0.15,0
146.4,13,0.28,0
146.5,11,0.22,0
146.5,12,0.44,0
146.5,13,0.27,0
146.6,11,0.2,0
146.6,12,0.44,0
146.6,13,0.18,0
146.7,11,0.18,0
146.7,12,0.48,0
146.7,13,0.13,0
146.8,11,0.33,0
146.8,12,0.43,0
146.8,13,0.1,0
146.9,11,0.42,0
146.9,12,0.32,0
146.9,13,0.15,0
147.0,11,0.33,0
147.0,12,0.44,0
147.0,13,0.09,0
147.1,11,0.32,0
147.1,12,0.37,0
147.1,13,0.15,0
147.2,11,0.39,0
147.2,12,0.25,0
147.2,13,0.13,0
147.3,11,0.28,0
147.3,12,0.26,0
147.3,13,0.13,0
147.4,11,0.22,0
147.4,12,0.26,0
147.4,13,0.16,0
147.5,11,0.27,0
147.5,12,0.3,0
147.5,13,0.17,0
147.6,11,0.23,0
147.6,12,0.22,0
147.6,13,0.16,0
147.7,11,0.22,0
147.7,12,0.33,0
147.7,13,0.2,0
147.8,11,0.16,0
147.8,12,0.24,0
147.8,13,0.47,0
147.9,11,0.24,0
147.9,12,0.25,0
147.9,13,0.42,0
148.0,11,0.31,0
148.0,12,0.42,0
148.0,13,0.57,0
148.1,11,0.38,0
148.1,12,0.37,0
148.1,13,0.34,0
148.2,11,0.33,0
148.2,12,0.2,0
148.2,13,0.31,0
148.3,11,0.42,0
148.3,12,0.19,0
148.3,13,0.45,0
148.4,11,0.36,0
148.4,12,0.28,0
148.4,13,0.19,0
148.5,11,0.39,0
148.5,12,0.25,0
148.5,13,0.44,0
148.6,11,0.29,0
148.6,12,0.57,0
148.6,13,0.38,0
148.7,11,0.36,0
148.7,12,0.44,0
148.7,13,0.42,0
148.8,11,0.36,0
148.8,12,0.29,0
148.8,13,0.41,0
148.9,11,0.32,0
148.9,12,0.23,0
148.9,13,0.25,0
149.0,11,0.43,0
149.0,12,0.2,0
149.0,13,0.25,0
149.1,11,0.34,0
149.1,12,0.39,0
149.1,13,0.27,0
149.2,11,0.51,0
149.2,12,0.34,0
149.2,13,0.28,0
149.3,11,0.17,0
149.3,12,0.27,0
149.3,13,0.38,0
149.4,11,0.17,0
149.4,12,0.3,0
149.4,13,0.47,0
149.5,11,0.14,0
149.5,12,0.31,0
149.5,13,0.43,0
149.6,11,0.12,0
149.6,12,0.31,0
149.6,13,0.38,0
149.7,11,0.07,0
149.7,12,0.46,0
149.7,13,0.5,0
149.8,11,0.1,0
149.8,12,0.54,0
149.8,13,0.48,0
149.9,11,0.11,0
149.9,12,0.49,0
149.9,13,0.42,0
150.0,11,0.1,0
150.0,12,0.34,0
150.0,13,0.48,0
150.1,11,0.18,0
150.1,12,0.37,0
150.1,13,0.33,0
150.2,11,0.14,0
150.2,12,0.46,0
150.2,13,0.32,0
150.2,14,0.37,0
150.3,11,0.1,0
150.3,12,0.38,0
150.3,13,0.28,0
150.3,14,0.27,0
150.4,11,0.1,0
150.4,12,0.38,0
150.4,13,0.17,0
150.4,14,0.27,0
150.5,11,0.16,0
150.5,12,0.42,0
150.5,13,0.12,0
150.5,14,0.21,0
150.6,11,0.49,0
150.6,12,0.39,0
150.6,13,0.17,0
150.6,14,0.15,0
150.7,11,0.56,0
150.7,12,0.27,0
150.7,13,0.15,0
150.7,14,0.25,0
150.8,11,0.66,0
150.8,12,0.29,0
150.8,13,0.19,0
150.8,14,0.25,0
150.9,11,0.69,0
150.9,12,0.3,0
150.9,13,0.13,0
150.9,14,0.24,0
151.0,11,0.7,0
151.0,12,0.21,0
151.0,13,0.1,0
151.0,14,0.27,0
151.1,11,0.67,0
151.1,12,0.21,0
151.1,13,0.16,0
151.1,14,0.35,0
151.2,11,0.7,0
151.2,12,0.23,0
151.2,13,0.2,0
151.2,14,0.31,0
151.3,11,0.68,0
151.3,12,0.54,0
151.3,13,0.21,0
151.3,14,0.42,0
151.4,11,0.48,0
151.4,12,0.39,0
151.4,13,0.06,0
151.4,14,0.26,0
151.5,11,0.38,0
151.5,12,0.1,0
151.5,13,0.06,0
151.5,14,0.31,0
151.6,11,0.42,0
151.6,12,0.23,0
151.6,13,0.11,0
151.6,14,0.27,0
151.7,11,0.49,0
151.7,12,0.07,0
151.7,13,0.18,0
151.7,14,0.27,0
151.8,11,0.41,0
151.8,12,0.07,0
151.8,13,0.31,0
151.8,14,0.23,0
151.9,13,0.22,0
151.9,14,0.3,0
152.0,13,0.1,0
152.0,14,0.29,0
152.1,13,0.15,0
152.1,14,0.17,0
152.2,13,0.22,0
152.2,14,0.09,0
152.3,13,0.27,0
152.3,14,0.17,0
152.4,13,0.29,0
152.4,14,0.14,0
152.5,13,0.18,0
152.5,14,0.16,0
152.6,13,0.26,0
152.6,14,0.15,0
152.7,13,0.34,0
152.7,14,0.09,0
152.8,13,0.37,0
152.8,14,0.18,0
152.9,13,0.45,0
152.9,14,0.12,0
153.0,13,0.49,0
153.0,14,0.25,0
153.1,13,0.3,0
153.1,14,0.29,0
153.2,13,0.33,0
153.2,14,0.19,1
153.3,13,0.2,0
153.3,14,0.19,1
153.4,13,0.28,0
153.4,14,0.19,1
153.5,13,0.22,0
153.5,14,0.23,1
153.6,13,0.1,0
153.6,14,0.17,1
153.7,13,0.12,0
153.7,14,0.2,1
153.8,13,0.08,0
153.8,14,0.22,1
153.9,13,0.08,0
153.9,14,0.23,1
154.0,13,0.0,0
154.0,14,0.23,1
154.1,13,0.03,0
154.1,14,0.22,1
154.2,13,0.14,0
154.2,14,0.25,1
154.3,13,0.08,0
154.3,14,0.21,1
154.4,13,0.08,0
154.4,14,0.19,1
154.5,13,0.12,0
154.5,14,0.19,1
154.6,13,0.2,0
154.6,14,0.19,1
154.7,13,0.22,0
154.7,14,0.14,1
154.8,13,0.15,0
154.8,14,0.23,1
154.9,13,0.15,0
154.9,14,0.25,1
155.0,13,0.12,0
155.0,14,0.3,1
155.1,13,0.12,0
155.1,14,0.33,1
155.2,13,0.05,0
155.2,14,0.25,1
155.3,13,0.2,0
155.3,14,0.27,1
155.4,13,0.05,0
155.4,14,0.18,1
155.5,13,0.04,0
155.5,14,0.16,1
155.6,13,0.07,0
155.6,14,0.18,1
155.7,13,0.15,0
155.7,14,0.22,1
155.8,13,0.26,0
155.8,14,0.19,1
155.9,13,0.27,0
155.9,14,0.66,1
156.0,13,0.17,0
156.0,14,0.63,1
156.1,13,0.21,0
156.1,14,0.64,1
156.2,13,0.27,0
156.2,14,0.7,1
156.3,13,0.12,0
156.3,14,0.66,1
156.4,13,0.13,0
156.4,14,0.65,1
156.5,13,0.08,0
156.5,14,0.64,1
156.6,13,0.2,0
156.6,14,0.63,1
156.7,13,0.06,0
156.7,14,0.61,1
156.8,13,0.09,0
156.8,14,0.63,1
156.9,13,0.1,0
156.9,14,0.22,1
157.0,13,0.01,0
157.0,14,0.35,1
157.1,13,0.36,0
157.1,14,0.35,1
157.2,13,0.47,0
157.2,14,0.24,1
157.3,13,0.19,0
157.3,14,0.1,1
157.4,13,0.18,0
157.4,14,0.11,1
157.5,13,0.26,0
157.5,14,0.08,1
157.6,13,0.23,0
157.6,14,0.1,1
157.7,13,0.19,0
157.7,14,0.19,1
157.8,13,0.45,0
157.8,14,0.4,1
157.9,13,0.5,0
157.9,14,0.39,1
158.0,13,0.6,0
158.0,14,0.21,1
158.1,13,0.46,0
158.1,14,0.25,1
158.2,13,0.27,0
158.2,14,0.31,1
158.3,13,0.27,0
158.3,14,0.33,1
158.4,13,0.48,0
158.4,14,0.31,1
158.5,13,0.44,0
158.5,14,0.38,1
158.6,13,0.5,0
158.6,14,0.45,1
158.7,13,0.27,0
158.7,14,0.44,1
158.8,13,0.4,0
158.8,14,0.46,1
158.9,13,0.35,0
158.9,14,0.34,1
159.0,13,0.22,0
159.0,14,0.2,1
159.1,13,0.28,0
159.1,14,0.19,1
159.2,13,0.36,0
159.2,14,0.26,1
159.3,13,0.3,0
159.3,14,0.22,1
159.4,13,0.29,0
159.4,14,0.17,1
159.5,13,0.38,0
159.5,14,0.26,1
159.6,13,0.24,0
159.6,14,0.19,1
159.7,13,0.47,0
159.7,14,0.36,1
159.8,13,0.3,0
159.8,14,0.3,1
159.9,13,0.32,0
159.9,14,0.48,1
160.0,13,0.36,0
160.0,14,0.22,1
160.1,13,0.39,0
160.1,14,0.25,1
160.2,13,0.4,0
160.2,14,0.29,1
160.3,13,0.46,0
160.3,14,0.26,1
160.4,13,0.5,0
160.4,14,0.32,1
160.5,13,0.42,0
160.5,14,0.25,1
160.6,13,0.54,0
160.6,14,0.3,1
160.6,15,0.22,0
160.7,13,0.36,0
160.7,14,0.21,1
160.7,15,0.32,0
160.8,13,0.48,0
160.8,14,0.24,1
160.8,15,0.2,0
160.9,13,0.39,0
160.9,14,0.2,1
160.9,15,0.39,0
161.0,13,0.31,0
161.0,14,0.38,1
161.0,15,0.36,0
161.1,13,0.3,0
161.1,14,0.26,1
161.1,15,0.35,0
161.2,13,0.53,0
161.2,14,0.27,1
161.2,15,0.47,0
161.3,13,0.4,0
161.3,14,0.29,1
161.3,15,0.44,0
161.4,13,0.41,0
161.4,14,0.27,1
161.4,15,0.45,0
161.5,13,0.41,0
161.5,14,0.41,1
161.5,15,0.41,0
161.6,13,0.3,0
161.6,14,0.23,1
161.6,15,0.47,0
161.7,13,0.3,0
161.7,14,0.35,1
161.7,15,0.47,0
161.8,13,0.35,0
161.8,14,0.38,1
161.8,15,0.49,0
161.9,13,0.24,0
161.9,14,0.41,1
161.9,15,0.47,0
162.0,13,0.22,0
162.0,14,0.4,1
162.0,15,0.45,0
162.1,13,0.26,0
162.1,14,0.32,1
162.1,15,0.46,0
162.2,13,0.28,0
162.2,14,0.38,1
162.2,15,0.36,0
162.3,13,0.31,0
162.3,14,0.38,1
162.3,15,0.27,0
162.4,13,0.28,0
162.4,14,0.36,1
162.4,15,0.26,0
162.5,14,0.37,1
162.5,15,0.16,0
162.6,14,0.52,1
162.6,15,0.15,0
162.7,14,0.47,1
162.7,15,0.2,0
162.8,14,0.46,1
162.8,15,0.21,0
162.9,14,0.39,1
162.9,15,0.29,0
163.0,14,0.36,1
163.0,15,0.33,0
163.1,14,0.46,1
163.1,15,0.27,0
163.2,14,0.37,1
163.2,15,0.41,0
163.3,14,0.32,1
163.3,15,0.47,0
163.4,14,0.25,1
163.4,15,0.26,0
163.5,14,0.32,1
163.5,15,0.36,0
163.6,14,0.23,1
163.6,15,0.32,1
163.7,14,0.22,1
163.7,15,0.41,1
163.8,14,0.12,1
163.8,15,0.36,1
163.9,14,0.11,1
163.9,15,0.46,1
164.0,14,0.25,1
164.0,15,0.34,1
164.1,14,0.17,1
164.1,15,0.4,1
164.2,14,0.37,1
164.2,15,0.36,1
164.3,14,0.42,1
164.3,15,0.25,1
164.4,14,0.47,1
164.4,15,0.24,1
164.5,14,0.33,1
164.5,15,0.28,1
164.6,14,0.42,1
164.6,15,0.28,1
164.7,14,0.2,1
164.7,15,0.17,1
164.8,14,0.16,1
164.8,15,0.33,1
164.9,14,0.15,1
164.9,15,0.17,1
165.0,14,0.21,1
165.0,15,0.17,1
165.1,14,0.17,0
165.1,15,0.17,1
165.2,14,0.14,0
165.2,15,0.18,1
165.3,14,0.1,0
165.3,15,0.11,1
165.4,14,0.18,0
165.4,15,0.14,1
165.5,14,0.17,0
165.5,15,0.13,1
165.6,14,0.14,0
165.6,15,0.11,1
165.7,14,0.11,0
165.7,15,0.04,1
165.8,14,0.08,0
165.8,15,0.07,1
165.9,14,0.11,0
165.9,15,0.28,1
166.0,14,0.09,0
166.0,15,0.18,1
166.1,14,0.12,0
166.1,15,0.24,1
166.2,14,0.17,0
166.2,15,0.28,1
166.3,14,0.18,0
166.3,15,0.62,1
166.4,14,0.13,0
166.4,15,0.58,0
166.5,14,0.27,0
166.5,15,0.29,0
166.6,14,0.33,0
166.6,15,0.28,0
166.7,14,0.4,0
166.7,15,0.33,0
166.8,14,0.37,0
166.8,15,0.3,0
166.9,14,0.38,0
166.9,15,0.47,0
167.0,14,0.36,0
167.0,15,0.4,0
167.1,14,0.3,0
167.1,15,0.47,0
167.2,14,0.44,0
167.2,15,0.35,0
167.3,14,0.43,0
167.3,15,0.27,0
167.4,14,0.34,0
167.4,15,0.21,0
167.5,14,0.26,0
167.5,15,0.28,0
167.6,14,0.36,0
167.6,15,0.35,0
167.7,14,0.31,0
167.7,15,0.3,0
167.8,14,0.37,0
167.8,15,0.26,0
167.9,14,0.3,0
167.9,15,0.21,0
168.0,14,0.31,0
168.0,15,0.28,0
168.1,14,0.43,0
168.1,15,0.13,0
168.2,14,0.25,0
168.2,15,0.23,0
168.3,14,0.18,0
168.3,15,0.19,0
168.4,14,0.34,0
168.4,15,0.13,0
168.5,14,0.35,0
168.5,15,0.23,0
168.6,14,0.34,0
168.6,15,0.24,0
168.7,14,0.17,0
168.7,15,0.25,0
168.8,14,0.33,0
168.8,15,0.35,0
168.9,14,0.42,0
168.9,15,0.3,0
169.0,14,0.45,0
169.0,15,0.12,0
169.1,14,0.41,0
169.1,15,0.06,0
169.2,14,0.39,0
169.2,15,0.04,0
169.3,14,0.37,0
169.3,15,0.06,0
169.4,14,0.34,0
169.4,15,0.04,0
169.5,14,0.32,0
169.5,15,0.05,0
169.6,14,0.22,0
169.6,15,0.16,0
169.7,14,0.28,0
169.7,15,0.04,0
169.8,14,0.3,0
169.8,15,0.1,0
169.9,14,0.26,0
169.9,15,0.26,0
170.0,14,0.3,0
170.0,15,0.25,0
170.1,14,0.42,0
170.1,15,0.25,0
170.2,14,0.28,0
170.2,15,0.21,0
170.3,14,0.28,0
170.3,15,0.21,0
170.4,14,0.28,0
170.4,15,0.22,0
170.5,14,0.34,0
170.5,15,0.07,0
170.6,14,0.38,0
170.6,15,0.17,0
170.7,14,0.34,0
170.7,15,0.27,0
170.8,14,0.24,0
170.8,15,0.24,0
170.9,14,0.43,0
170.9,15,0.2,0
171.0,14,0.34,0
171.0,15,0.13,0
171.1,14,0.29,0
171.1,15,0.25,0
171.2,14,0.34,0
171.2,15,0.31,0
171.3,14,0.32,0
171.3,15,0.32,0
171.4,14,0.51,0
171.4,15,0.29,0
171.5,14,0.35,0
171.5,15,0.28,0
171.5,16,0.11,0
171.6,14,0.28,0
171.6,15,0.47,0
171.6,16,0.27,0
171.7,14,0.26,0
171.7,15,0.42,0
171.7,16,0.15,0
171.8,14,0.36,0
171.8,15,0.35,0
171.8,16,0.19,0
171.9,14,0.13,0
171.9,15,0.41,0
171.9,16,0.22,0
172.0,14,0.22,0
172.0,15,0.39,0
172.0,16,0.18,0
172.1,14,0.24,0
172.1,15,0.5,0
172.1,16,0.19,0
172.2,14,0.14,0
172.2,15,0.43,0
172.2,16,0.42,0
172.3,14,0.29,0
172.3,15,0.21,0
172.3,16,0.37,0
172.4,14,0.21,0
172.4,15,0.34,0
172.4,16,0.38,0
172.5,14,0.24,0
172.5,15,0.2,0
172.5,16,0.4,0
172.6,14,0.29,0
172.6,15,0.14,0
172.6,16,0.23,0
172.7,14,0.27,0
172.7,15,0.05,0
172.7,16,0.27,0
172.8,14,0.23,0
172.8,15,0.12,0
172.8,16,0.33,0
172.9,14,0.31,0
172.9,15,0.12,0
172.9,16,0.36,0
173.0,14,0.34,0
173.0,15,0.13,0
173.0,16,0.3,0
173.1,14,0.39,0
173.1,15,0.21,0
173.1,16,0.31,0
173.2,14,0.36,0
173.2,15,0.23,0
173.2,16,0.35,0
173.3,14,0.33,0
173.3,15,0.2,0
173.3,16,0.16,0
173.4,14,0.31,0
173.4,15,0.16,0
173.4,16,0.22,0
173.5,14,0.2,0
173.5,15,0.28,0
173.5,16,0.21,0
173.6,14,0.28,0
173.6,15,0.31,0
173.6,16,0.25,0
173.7,14,0.32,0
173.7,15,0.37,0
173.7,16,0.26,0
173.8,14,0.37,0
173.8,15,0.26,0
173.8,16,0.2,0
173.9,14,0.3,0
173.9,15,0.1,0
173.9,16,0.34,0
174.0,14,0.21,0
174.0,15,0.09,0
174.0,16,0.38,0
174.1,14,0.18,0
174.1,15,0.27,0
174.1,16,0.27,0
174.2,14,0.18,0
174.2,15,0.22,0
174.2,16,0.37,0
174.3,14,0.24,0
174.3,15,0.33,0
174.3,16,0.22,0
174.4,14,0.36,0
174.4,15,0.51,0
174.4,16,0.16,0
174.5,14,0.27,0
174.5,15,0.51,0
174.5,16,0.13,1
174.6,14,0.3,0
174.6,15,0.57,0
174.6,16,0.09,1
174.7,14,0.25,0
174.7,15,0.52,0
174.7,16,0.05,1
174.8,14,0.17,0
174.8,15,0.48,0
174.8,16,0.17,1
174.9,14,0.18,0
174.9,15,0.5,0
174.9,16,0.14,1
175.0,14,0.15,0
175.0,15,0.54,0
175.0,16,0.36,1
175.1,14,0.16,0
175.1,15,0.5,0
175.1,16,0.18,1
175.2,14,0.28,0
175.2,15,0.47,0
175.2,16,0.19,1
175.3,14,0.16,0
175.3,15,0.46,0
175.3,16,0.22,1
175.4,14,0.12,0
175.4,15,0.41,0
175.4,16,0.31,1
175.5,14,0.13,0
175.5,15,0.31,0
175.5,16,0.22,1
175.6,14,0.21,0
175.6,15,0.45,0
175.6,16,0.27,1
175.7,14,0.19,0
175.7,15,0.48,0
175.7,16,0.43,1
175.8,14,0.24,0
175.8,15,0.4,0
175.8,16,0.3,1
175.9,14,0.24,0
175.9,15,0.36,0
175.9,16,0.28,1
176.0,14,0.3,0
176.0,15,0.2,0
176.0,16,0.34,1
176.1,14,0.25,0
176.1,15,0.44,0
176.1,16,0.29,1
176.2,14,0.22,0
176.2,15,0.54,0
176.2,16,0.28,1
176.3,14,0.3,0
176.3,15,0.42,0
176.3,16,0.29,1
176.4,14,0.39,0
176.4,15,0.39,0
176.4,16,0.3,1
176.5,14,0.35,0
176.5,15,0.39,0
176.5,16,0.34,1
176.6,14,0.33,0
176.6,15,0.32,0
176.6,16,0.48,1
176.7,14,0.3,0
176.7,15,0.28,0
176.7,16,0.26,1
176.8,14,0.21,0
176.8,15,0.39,0
176.8,16,0.53,1
176.9,14,0.31,0
176.9,15,0.4,0
176.9,16,0.51,1
177.0,14,0.52,0
177.0,15,0.39,0
177.0,16,0.42,1
177.1,14,0.57,0
177.1,15,0.44,0
177.1,16,0.4,1
177.2,14,0.59,0
177.2,15,0.49,0
177.2,16,0.64,1
177.3,14,0.55,0
177.3,15,0.35,0
177.3,16,0.65,0
177.4,14,0.6,0
177.4,15,0.43,0
177.4,16,0.4,0
177.5,14,0.42,0
177.5,15,0.43,0
177.5,16,0.32,0
177.6,14,0.36,0
177.6,15,0.35,0
177.6,16,0.31,0
177.7,14,0.43,0
177.7,15,0.25,0
177.7,16,0.28,0
177.8,14,0.41,0
177.8,15,0.38,0
177.8,16,0.31,0
177.9,14,0.46,0
177.9,15,0.28,0
177.9,16,0.38,0
178.0,14,0.2,0
178.0,15,0.26,0
178.0,16,0.44,0
178.1,14,0.32,0
178.1,15,0.32,0
178.1,16,0.42,0
178.2,14,0.29,0
178.2,15,0.28,0
178.2,16,0.35,0
178.3,14,0.35,0
178.3,15,0.46,0
178.3,16,0.36,0
178.4,14,0.3,0
178.4,15,0.39,0
178.4,16,0.34,0
178.5,14,0.45,0
178.5,15,0.43,0
178.5,16,0.31,0
178.6,14,0.53,0
178.6,15,0.33,0
178.6,16,0.23,0
178.7,14,0.39,0
178.7,15,0.31,0
178.7,16,0.31,0
178.8,14,0.45,0
178.8,15,0.14,0
178.8,16,0.43,0
178.9,14,0.46,0
178.9,15,0.22,0
178.9,16,0.38,0
179.0,14,0.56,0
179.0,15,0.32,0
179.0,16,0.41,0
179.1,14,0.54,0
179.1,15,0.23,0
179.1,16,0.27,0
179.2,14,0.48,0
179.2,15,0.24,0
179.2,16,0.22,0
179.3,14,0.39,0
179.3,15,0.28,0
179.3,16,0.34,0
179.4,14,0.39,0
179.4,15,0.2,0
179.4,16,0.54,0
179.5,14,0.35,0
179.5,15,0.22,0
179.5,16,0.32,0
179.6,14,0.37,0
179.6,15,0.25,0
179.6,16,0.2,0
179.7,14,0.29,0
179.7,15,0.28,0
179.7,16,0.19,0
179.8,14,0.46,0
179.8,15,0.35,0
179.8,16,0.25,0
179.9,14,0.46,0
179.9,15,0.34,0
179.9,16,0.17,0
180.0,14,0.29,0
180.0,15,0.33,0
180.0,16,0.13,0
180.1,14,0.24,0
180.1,15,0.36,0
180.1,16,0.17,0
180.2,14,0.21,0
180.2,15,0.41,0
180.2,16,0.11,0
180.3,14,0.26,0
180.3,15,0.41,0
180.3,16,0.18,0
180.4,14,0.34,0
180.4,15,0.47,0
180.4,16,0.09,0
180.5,14,0.48,0
180.5,15,0.32,0
180.5,16,0.1,0
180.6,14,0.37,0
180.6,15,0.5,0
180.6,16,0.07,0
180.7,14,0.36,0
180.7,15,0.48,0
180.7,16,0.12,0
180.8,14,0.2,0
180.8,15,0.46,0
180.8,16,0.09,0
180.9,14,0.26,0
180.9,15,0.51,0
180.9,16,0.1,0
181.0,14,0.31,0
181.0,15,0.47,0
181.0,16,0.34,0
181.1,14,0.33,0
181.1,15,0.38,0
181.1,16,0.33,0
181.2,14,0.28,0
181.2,15,0.26,0
181.2,16,0.3,0
181.3,14,0.44,0
181.3,15,0.29,0
181.3,16,0.35,0
181.4,14,0.37,0
181.4,15,0.28,0
181.4,16,0.31,0
181.5,14,0.19,0
181.5,15,0.29,0
181.5,16,0.29,0
181.6,14,0.14,0
181.6,15,0.28,0
181.6,16,0.24,0
181.7,14,0.2,0
181.7,15,0.39,0
181.7,16,0.3,0
181.8,14,0.3,0
181.8,15,0.44,0
181.8,16,0.37,0
181.9,15,0.22,0
181.9,16,0.33,0
181.9,17,0.22,0
182.0,15,0.5,0
182.0,16,0.26,0
182.0,17,0.42,0
182.1,15,0.36,0
182.1,16,0.19,0
182.1,17,0.18,0
182.2,15,0.41,0
182.2,16,0.27,0
182.2,17,0.1,0
182.3,15,0.49,0
182.3,16,0.27,0
182.3,17,0.15,0
182.4,15,0.26,0
182.4,16,0.41,0
182.4,17,0.26,0
182.5,15,0.22,0
182.5,16,0.23,0
182.5,17,0.29,0
182.6,15,0.35,0
182.6,16,0.26,0
182.6,17,0.2,0
182.7,15,0.22,0
182.7,16,0.34,0
182.7,17,0.17,0
182.8,15,0.23,0
182.8,16,0.28,0
182.8,17,0.16,0
182.9,15,0.18,0
182.9,16,0.24,0
182.9,17,0.0,0
183.0,15,0.23,0
183.0,16,0.36,0
183.0,17,0.06,0
183.1,15,0.41,0
183.1,16,0.48,0
183.1,17,0.17,0
183.2,16,0.43,0
183.2,17,0.19,0
183.3,16,0.21,0
183.3,17,0.18,0
183.4,16,0.2,0
183.4,17,0.19,0
183.5,16,0.25,0
183.5,17,0.34,0
183.6,16,0.23,0
183.6,17,0.43,0
183.7,16,0.35,0
183.7,17,0.43,0
183.8,16,0.28,0
183.8,17,0.43,0
183.9,16,0.15,0
183.9,17,0.47,0
184.0,16,0.16,0
184.0,17,0.55,0
184.1,16,0.07,0
184.1,17,0.52,0
184.2,16,0.09,0
184.2,17,0.49,0
184.3,16,0.04,0
184.3,17,0.34,0
184.4,16,0.27,0
184.4,17,0.39,0
184.5,16,0.16,0
184.5,17,0.44,0
184.6,16,0.16,0
184.6,17,0.41,0
184.7,16,0.04,0
184.7,17,0.31,0
184.8,16,0.18,0
184.8,17,0.27,0
184.9,16,0.29,0
184.9,17,0.23,1
185.0,16,0.42,0
185.0,17,0.24,1
185.1,16,0.25,0
185.1,17,0.26,1
185.2,16,0.32,0
185.2,17,0.28,1
185.3,16,0.3,0
185.3,17,0.31,1
185.4,16,0.26,0
185.4,17,0.31,1
185.5,16,0.35,0
185.5,17,0.33,1
185.6,16,0.24,0
185.6,17,0.23,1
185.7,16,0.32,0
185.7,17,0.28,1
185.8,16,0.35,0
185.8,17,0.27,1
185.9,16,0.31,0
185.9,17,0.23,1
186.0,16,0.13,0
186.0,17,0.27,1
186.1,16,0.44,0
186.1,17,0.22,1
186.2,16,0.44,0
186.2,17,0.15,1
186.3,16,0.44,0
186.3,17,0.15,1
186.4,16,0.31,0
186.4,17,0.14,1
186.5,16,0.24,0
186.5,17,0.18,1
186.6,16,0.31,0
186.6,17,0.34,1
186.7,16,0.26,0
186.7,17,0.34,1
186.8,16,0.27,0
186.8,17,0.26,1
186.9,16,0.35,0
186.9,17,0.28,1
187.0,16,0.4,0
187.0,17,0.39,1
187.1,16,0.43,0
187.1,17,0.39,1
187.2,16,0.35,0
187.2,17,0.31,1
187.3,16,0.36,0
187.3,17,0.34,1
187.4,16,0.33,0
187.4,17,0.3,1
187.5,16,0.38,0
187.5,17,0.37,1
187.6,16,0.25,0
187.6,17,0.65,1
187.7,16,0.24,0
187.7,17,0.66,1
187.8,16,0.31,0
187.8,17,0.72,1
187.9,16,0.31,0
187.9,17,0.68,1
188.0,16,0.39,0
188.0,17,0.66,1
188.1,16,0.41,0
188.1,17,0.71,1
188.2,16,0.48,0
188.2,17,0.68,1
188.3,16,0.5,0
188.3,17,0.6,1
188.4,16,0.52,0
188.4,17,0.59,1
188.5,16,0.5,0
188.5,17,0.58,1
188.6,16,0.37,0
188.6,17,0.23,1
188.7,16,0.38,0
188.7,17,0.29,1
188.8,16,0.34,0
188.8,17,0.36,1
188.9,16,0.36,0
188.9,17,0.32,1
189.0,16,0.28,0
189.0,17,0.33,1
189.1,16,0.33,0
189.1,17,0.32,1
189.2,16,0.26,0
189.2,17,0.25,1
189.3,16,0.37,0
189.3,17,0.22,1
189.4,16,0.35,0
189.4,17,0.3,1
189.5,16,0.35,0
189.5,17,0.29,1
189.6,16,0.35,0
189.6,17,0.56,1
189.7,16,0.32,0
189.7,17,0.54,1
189.8,16,0.24,0
189.8,17,0.54,1
189.9,16,0.34,0
189.9,17,0.55,1
190.0,16,0.37,0
190.0,17,0.37,1
190.1,16,0.42,0
190.1,17,0.37,1
190.2,16,0.37,0
190.2,17,0.38,1
190.3,16,0.33,0
190.3,17,0.39,1
190.4,16,0.28,0
190.4,17,0.37,1
190.5,16,0.41,0
190.5,17,0.43,1
190.6,16,0.35,0
190.6,17,0.22,1
190.7,16,0.47,0
190.7,17,0.24,1
190.8,16,0.37,0
190.8,17,0.29,1
190.9,16,0.14,0
190.9,17,0.13,1
191.0,16,0.26,0
191.0,17,0.14,1
191.1,16,0.21,0
191.1,17,0.16,1
191.2,16,0.32,0
191.2,17,0.2,1
191.3,16,0.31,0
191.3,17,0.3,1
191.4,16,0.28,0
191.4,17,0.46,1
191.5,16,0.19,0
191.5,17,0.38,1
191.6,16,0.22,0
191.6,17,0.35,1
191.7,16,0.19,0
191.7,17,0.28,1
191.8,16,0.23,0
191.8,17,0.33,1
191.9,16,0.25,0
191.9,17,0.34,1
192.0,16,0.3,0
192.0,17,0.26,1
192.1,16,0.28,0
192.1,17,0.19,1
192.2,16,0.27,0
192.2,17,0.28,1
192.3,16,0.23,0
192.3,17,0.27,1
192.4,16,0.34,0
192.4,17,0.23,1
192.4,18,0.16,0
192.5,16,0.4,0
192.5,17,0.13,1
192.5,18,0.15,0
192.6,16,0.36,0
192.6,17,0.15,1
192.6,18,0.11,0
192.7,16,0.31,0
192.7,17,0.2,1
192.7,18,0.16,0
192.8,16,0.31,0
192.8,17,0.14,1
192.8,18,0.13,0
192.9,16,0.11,0
192.9,17,0.16,1
192.9,18,0.34,0
193.0,16,0.15,0
193.0,17,0.28,1
193.0,18,0.34,0
193.1,16,0.2,0
193.1,17,0.26,1
193.1,18,0.36,0
193.2,16,0.22,0
193.2,17,0.3,1
193.2,18,0.3,0
193.3,16,0.11,0
193.3,17,0.17,1
193.3,18,0.19,0
193.4,16,0.11,0
193.4,17,0.18,1
193.4,18,0.28,0
193.5,16,0.27,0
193.5,17,0.3,1
193.5,18,0.31,0
193.6,16,0.41,0
193.6,17,0.24,1
193.6,18,0.27,0
193.7,16,0.3,0
193.7,17,0.2,1
193.7,18,0.24,0
193.8,16,0.28,0
193.8,17,0.27,1
193.8,18,0.3,0
193.9,16,0.36,0
193.9,17,0.2,1
193.9,18,0.17,0
194.0,16,0.38,0
194.0,17,0.28,1
194.0,18,0.14,0
194.1,17,0.41,1
194.1,18,0.19,0
194.2,17,0.49,1
194.2,18,0.27,0
194.3,17,0.49,1
194.3,18,0.35,0
194.4,17,0.45,1
194.4,18,0.36,0
194.5,17,0.42,1
194.5,18,0.29,0
194.6,17,0.41,1
194.6,18,0.37,0
194.7,17,0.44,1
194.7,18,0.42,0
194.8,17,0.5,1
194.8,18,0.29,0
194.9,17,0.45,1
194.9,18,0.37,0
195.0,17,0.45,1
195.0,18,0.5,0
195.1,17,0.48,0
195.1,18,0.37,0
195.2,17,0.41,0
195.2,18,0.32,0
195.3,17,0.37,0
195.3,18,0.29,0
195.4,17,0.43,0
195.4,18,0.2,1
195.5,17,0.39,0
195.5,18,0.22,1
195.6,17,0.35,0
195.6,18,0.2,1
195.7,17,0.4,0
195.7,18,0.12,1
195.8,17,0.32,0
195.8,18,0.26,1
195.9,17,0.37,0
195.9,18,0.2,1
196.0,17,0.35,0
196.0,18,0.13,1
196.1,17,0.21,0
196.1,18,0.14,1
196.2,17,0.25,0
196.2,18,0.12,1
196.3,17,0.19,0
196.3,18,0.21,1
196.4,17,0.18,0
196.4,18,0.12,1
196.5,17,0.18,0
196.5,18,0.17,1
196.6,17,0.29,0
196.6,18,0.24,1
196.7,17,0.25,0
196.7,18,0.31,1
196.8,17,0.35,0
196.8,18,0.41,1
196.9,17,0.32,0
196.9,18,0.42,1
197.0,17,0.15,0
197.0,18,0.31,1
197.1,17,0.18,0
197.1,18,0.33,1
197.2,17,0.29,0
197.2,18,0.24,1
197.3,17,0.38,0
197.3,18,0.34,1
197.4,17,0.29,0
197.4,18,0.38,1
197.5,17,0.34,0
197.5,18,0.39,1
197.6,17,0.35,0
197.6,18,0.31,1
197.7,17,0.39,0
197.7,18,0.33,1
197.8,17,0.44,0
197.8,18,0.27,1
197.9,17,0.6,0
197.9,18,0.33,1
198.0,17,0.53,0
198.0,18,0.38,1
198.1,17,0.52,0
198.1,18,0.59,1
198.2,17,0.53,0
198.2,18,0.66,0
198.3,17,0.48,0
198.3,18,0.25,0
198.4,17,0.54,0
198.4,18,0.29,0
198.5,17,0.45,0
198.5,18,0.3,0
198.6,17,0.39,0
198.6,18,0.4,0
198.7,17,0.43,0
198.7,18,0.41,0
198.8,17,0.37,0
198.8,18,0.44,0
198.9,17,0.26,0
198.9,18,0.4,0
199.0,17,0.31,0
199.0,18,0.34,0
199.1,17,0.16,0
199.1,18,0.43,0
199.2,17,0.17,0
199.2,18,0.44,0
199.3,17,0.22,0
199.3,18,0.28,0
199.4,17,0.26,0
199.4,18,0.28,0
199.5,17,0.29,0
199.5,18,0.25,0
199.6,17,0.27,0
199.6,18,0.29,0
199.7,17,0.27,0
199.7,18,0.32,0
199.8,17,0.29,0
199.8,18,0.2,0
199.9,17,0.16,0
199.9,18,0.16,0
200.0,17,0.15,0
200.0,18,0.31,0
200.1,17,0.29,0
200.1,18,0.24,0
200.2,17,0.33,0
200.2,18,0.21,0
200.3,17,0.22,0
200.3,18,0.22,0
200.4,17,0.22,0
200.4,18,0.26,0
200.5,17,0.22,0
200.5,18,0.14,0
200.6,17,0.21,0
200.6,18,0.33,0
200.7,17,0.25,0
200.7,18,0.37,0
200.8,17,0.27,0
200.8,18,0.34,0
200.9,17,0.25,0
200.9,18,0.4,0
201.0,17,0.23,0
201.0,18,0.55,0
201.1,17,0.2,0
201.1,18,0.58,0
201.2,17,0.2,0
201.2,18,0.57,0
201.3,17,0.21,0
201.3,18,0.4,0
201.4,17,0.27,0
201.4,18,0.38,0
201.5,17,0.33,0
201.5,18,0.4,0
201.6,17,0.07,0
201.6,18,0.38,0
201.7,17,0.23,0
201.7,18,0.21,0
201.8,17,0.17,0
201.8,18,0.15,0
201.9,17,0.22,0
201.9,18,0.15,0
202.0,17,0.33,0
202.0,18,0.14,0
202.1,17,0.21,0
202.1,18,0.13,0
202.2,17,0.12,0
202.2,18,0.13,0
202.3,17,0.18,0
202.3,18,0.24,0
202.4,17,0.2,0
202.4,18,0.28,0
202.5,17,0.22,0
202.5,18,0.4,0
202.6,17,0.45,0
202.6,18,0.5,0
202.7,17,0.47,0
202.7,18,0.53,0
202.8,17,0.42,0
202.8,18,0.53,0
202.9,17,0.51,0
202.9,18,0.37,0
202.9,19,0.15,0
203.0,17,0.5,0
203.0,18,0.46,0
203.0,19,0.24,0
203.1,17,0.49,0
203.1,18,0.45,0
203.1,19,0.2,0
203.2,17,0.49,0
203.2,18,0.39,0
203.2,19,0.14,0
203.3,17,0.56,0
203.3,18,0.37,0
203.3,19,0.16,0
203.4,17,0.53,0
203.4,18,0.48,0
203.4,19,0.16,0
203.5,17,0.4,0
203.5,18,0.37,0
203.5,19,0.24,0
203.6,17,0.54,0
203.6,18,0.26,0
203.6,19,0.37,0
203.7,17,0.4,0
203.7,18,0.29,0
203.7,19,0.39,0
203.8,17,0.3,0
203.8,18,0.28,0
203.8,19,0.35,0
203.9,17,0.24,0
203.9,18,0.22,0
203.9,19,0.3,0
204.0,17,0.19,0
204.0,18,0.17,0
204.0,19,0.31,0
204.1,17,0.17,0
204.1,18,0.26,0
204.1,19,0.29,0
204.2,17,0.2,0
204.2,18,0.23,0
204.2,19,0.38,0
204.3,17,0.28,0
204.3,18,0.13,0
204.3,19,0.33,0
204.4,17,0.34,0
204.4,18,0.31,0
204.4,19,0.38,0
204.5,17,0.33,0
204.5,18,0.27,0
204.5,19,0.34,0
204.6,17,0.28,0
204.6,18,0.16,0
204.6,19,0.25,0
204.7,17,0.32,0
204.7,18,0.18,0
204.7,19,0.19,0
204.8,17,0.23,0
204.8,18,0.27,0
204.8,19,0.11,0
204.9,17,0.3,0
204.9,18,0.29,0
204.9,19,0.06,0
205.0,17,0.34,0
205.0,18,0.31,0
205.0,19,0.06,0
205.1,17,0.43,0
205.1,18,0.44,0
205.1,19,0.26,0
205.2,17,0.57,0
205.2,18,0.53,0
205.2,19,0.31,0
205.3,17,0.49,0
205.3,18,0.52,0
205.3,19,0.44,0
205.4,17,0.6,0
205.4,18,0.5,0
205.4,19,0.6,0
205.5,17,0.49,0
205.5,18,0.44,0
205.5,19,0.47,0
205.6,17,0.47,0
205.6,18,0.36,0
205.6,19,0.49,0
205.7,17,0.41,0
205.7,18,0.36,0
205.7,19,0.57,0
205.8,17,0.44,0
205.8,18,0.28,0
205.8,19,0.53,0
205.9,17,0.33,0
205.9,18,0.28,0
205.9,19,0.56,1
206.0,17,0.35,0
206.0,18,0.3,0
206.0,19,0.52,1
206.1,17,0.47,0
206.1,18,0.31,0
206.1,19,0.42,1
206.2,17,0.46,0
206.2,18,0.24,0
206.2,19,0.41,1
206.3,17,0.48,0
206.3,18,0.28,0
206.3,19,0.45,1
206.4,17,0.5,0
206.4,18,0.28,0
206.4,19,0.27,1
206.5,17,0.34,0
206.5,18,0.33,0
206.5,19,0.26,1
206.6,17,0.37,0
206.6,18,0.16,0
206.6,19,0.26,1
206.7,17,0.34,0
206.7,18,0.21,0
206.7,19,0.32,1
206.8,17,0.61,0
206.8,18,0.23,0
206.8,19,0.34,1
206.9,17,0.63,0
206.9,18,0.37,0
206.9,19,0.42,1
207.0,17,0.62,0
207.0,18,0.38,0
207.0,19,0.49,1
207.1,17,0.37,0
207.1,18,0.2,0
207.1,19,0.28,1
207.2,17,0.38,0
207.2,18,0.14,0
207.2,19,0.55,1
207.3,17,0.37,0
207.3,18,0.14,0
207.3,19,0.51,1
207.4,17,0.38,0
207.4,18,0.26,0
207.4,19,0.52,1
207.5,17,0.27,0
207.5,18,0.26,0
207.5,19,0.49,1
207.6,17,0.2,0
207.6,18,0.3,0
207.6,19,0.6,1
207.7,17,0.07,0
207.7,18,0.35,0
207.7,19,0.51,1
207.8,17,0.13,0
207.8,18,0.41,0
207.8,19,0.41,1
207.9,17,0.11,0
207.9,18,0.43,0
207.9,19,0.43,1
208.0,17,0.14,0
208.0,18,0.33,0
208.0,19,0.4,1
208.1,17,0.26,0
208.1,18,0.37,0
208.1,19,0.47,1
208.2,17,0.31,0
208.2,18,0.35,0
208.2,19,0.32,1
208.3,17,0.3,0
208.3,18,0.33,0
208.3,19,0.32,1
208.4,17,0.31,0
208.4,18,0.4,0
208.4,19,0.32,1
208.5,17,0.48,0
208.5,18,0.41,0
208.5,19,0.33,1
208.6,17,0.54,0
208.6,18,0.54,0
208.6,19,0.72,1
208.7,17,0.34,0
208.7,18,0.42,0
208.7,19,0.69,0
208.8,17,0.18,0
208.8,18,0.43,0
208.8,19,0.49,0
208.9,17,0.24,0
208.9,18,0.52,0
208.9,19,0.52,0
209.0,17,0.17,0
209.0,18,0.4,0
209.0,19,0.51,0
209.1,17,0.23,0
209.1,18,0.32,0
209.1,19,0.34,0
209.2,17,0.23,0
209.2,18,0.3,0
209.2,19,0.43,0
209.3,17,0.29,0
209.3,18,0.35,0
209.3,19,0.36,0
209.4,17,0.37,0
209.4,18,0.32,0
209.4,19,0.29,0
209.5,17,0.36,0
209.5,18,0.34,0
209.5,19,0.31,0
209.6,17,0.29,0
209.6,18,0.3,0
209.6,19,0.33,0
209.7,17,0.48,0
209.7,18,0.17,0
209.7,19,0.26,0
209.8,17,0.55,0
209.8,18,0.21,0
209.8,19,0.47,0
209.9,17,0.65,0
209.9,18,0.41,0
209.9,19,0.24,0
210.0,17,0.64,0
210.0,18,0.4,0
210.0,19,0.27,0
210.1,17,0.62,0
210.1,18,0.34,0
210.1,19,0.13,0
210.2,17,0.58,0
210.2,18,0.47,0
210.2,19,0.13,0
210.3,17,0.6,0
210.3,18,0.49,0
210.3,19,0.14,0
210.4,17,0.55,0
210.4,18,0.35,0
210.4,19,0.29,0
210.5,17,0.55,0
210.5,18,0.37,0
210.5,19,0.24,0
210.6,17,0.45,0
210.6,18,0.31,0
210.6,19,0.21,0
210.7,17,0.19,0
210.7,18,0.25,0
210.7,19,0.31,0
210.8,17,0.42,0
210.8,18,0.44,0
210.8,19,0.47,0
210.9,17,0.36,0
210.9,18,0.46,0
210.9,19,0.43,0
211.0,17,0.42,0
211.0,18,0.55,0
211.0,19,0.38,0
211.1,17,0.43,0
211.1,18,0.36,0
211.1,19,0.54,0
211.2,17,0.43,0
211.2,18,0.47,0
211.2,19,0.52,0
211.3,17,0.4,0
211.3,18,0.46,0
211.3,19,0.47,0
211.4,17,0.22,0
211.4,18,0.38,0
211.4,19,0.5,0
211.5,17,0.21,0
211.5,18,0.22,0
211.5,19,0.45,0
211.6,17,0.28,0
211.6,18,0.14,0
211.6,19,0.38,0
211.7,17,0.25,0
211.7,18,0.29,0
211.7,19,0.39,0
211.8,17,0.28,0
211.8,18,0.07,0
211.8,19,0.14,0
211.9,18,0.06,0
211.9,19,0.21,0
212.0,18,0.07,0
212.0,19,0.15,0
212.1,18,0.08,0
212.1,19,0.13,0
212.2,18,0.14,0
212.2,19,0.14,0
212.3,18,0.09,0
212.3,19,0.15,0
212.4,18,0.11,0
212.4,19,0.12,0
212.5,18,0.35,0
212.5,19,0.23,0
212.6,18,0.35,0
212.6,19,0.34,0
212.7,18,0.42,0
212.7,19,0.32,0
212.8,18,0.33,0
212.8,19,0.39,0
212.9,18,0.32,0
212.9,19,0.52,0
213.0,18,0.35,0
213.0,19,0.28,0
213.1,18,0.38,0
213.1,19,0.25,0
213.2,18,0.26,0
213.2,19,0.35,0
213.3,18,0.26,0
213.3,19,0.33,0
213.4,18,0.24,0
213.4,19,0.33,0
213.5,18,0.1,0
213.5,19,0.29,0
213.6,18,0.17,0
213.6,19,0.15,0
213.6,20,0.22,0
213.7,18,0.24,0
213.7,19,0.18,0
213.7,20,0.31,0
213.8,18,0.41,0
213.8,19,0.11,0
213.8,20,0.2,0
213.9,18,0.33,0
213.9,19,0.1,0
213.9,20,0.16,0
214.0,18,0.4,0
214.0,19,0.2,0
214.0,20,0.12,0
214.1,18,0.23,0
214.1,19,0.3,0
214.1,20,0.14,0
214.2,18,0.18,0
214.2,19,0.47,0
214.2,20,0.27,0
214.3,18,0.13,0
214.3,19,0.52,0
214.3,20,0.19,0
214.4,18,0.16,0
214.4,19,0.52,0
214.4,20,0.22,0
214.5,18,0.09,0
214.5,19,0.62,0
214.5,20,0.23,0
214.6,18,0.09,0
214.6,19,0.38,0
214.6,20,0.25,0
214.7,18,0.19,0
214.7,19,0.41,0
214.7,20,0.29,0
214.8,18,0.21,0
214.8,19,0.46,0
214.8,20,0.16,0
214.9,18,0.2,0
214.9,19,0.52,0
214.9,20,0.27,0
215.0,19,0.52,0
215.0,20,0.27,0
215.1,19,0.45,0
215.1,20,0.24,0
215.2,19,0.18,0
215.2,20,0.27,0
215.3,19,0.33,0
215.3,20,0.3,0
215.4,19,0.13,0
215.4,20,0.32,0
215.5,19,0.08,0
215.5,20,0.3,0
215.6,19,0.47,0
215.6,20,0.32,0
215.7,19,0.37,0
215.7,20,0.37,0
215.8,19,0.19,0
215.8,20,0.3,0
215.9,19,0.21,0
215.9,20,0.23,0
216.0,19,0.23,0
216.0,20,0.18,0
216.1,19,0.13,0
216.1,20,0.24,0
216.2,19,0.13,0
216.2,20,0.21,0
216.3,19,0.12,0
216.3,20,0.24,0
216.4,19,0.18,0
216.4,20,0.27,0
216.5,19,0.18,0
216.5,20,0.24,0
216.6,19,0.19,0
216.6,20,0.26,1
216.7,19,0.26,0
216.7,20,0.15,1
216.8,19,0.2,0
216.8,20,0.17,1
216.9,19,0.27,0
216.9,20,0.13,1
217.0,19,0.32,0
217.0,20,0.22,1
217.1,19,0.37,0
217.1,20,0.2,1
217.2,19,0.25,0
217.2,20,0.12,1
217.3,19,0.5,0
217.3,20,0.17,1
217.4,19,0.44,0
217.4,20,0.12,1
217.5,19,0.37,0
217.5,20,0.23,1
217.6,19,0.38,0
217.6,20,0.14,1
217.7,19,0.3,0
217.7,20,0.19,1
217.8,19,0.31,0
217.8,20,0.34,1
217.9,19,0.34,0
217.9,20,0.37,1
218.0,19,0.37,0
218.0,20,0.4,1
218.1,19,0.47,0
218.1,20,0.37,1
218.2,19,0.43,0
218.2,20,0.36,1
218.3,19,0.41,0
218.3,20,0.38,1
218.4,19,0.47,0
218.4,20,0.44,1
218.5,19,0.44,0
218.5,20,0.33,1
218.6,19,0.47,0
218.6,20,0.28,1
218.7,19,0.45,0
218.7,20,0.17,1
218.8,19,0.41,0
218.8,20,0.27,1
218.9,19,0.28,0
218.9,20,0.22,1
219.0,19,0.26,0
219.0,20,0.25,1
219.1,19,0.46,0
219.1,20,0.3,1
219.2,19,0.46,0
219.2,20,0.15,1
219.3,19,0.35,0
219.3,20,0.67,1
219.4,19,0.14,0
219.4,20,0.71,1
219.5,19,0.09,0
219.5,20,0.67,1
219.6,19,0.1,0
219.6,20,0.64,1
219.7,19,0.07,0
219.7,20,0.64,1
219.8,19,0.11,0
219.8,20,0.75,1
219.9,19,0.08,0
219.9,20,0.71,1
220.0,19,0.09,0
220.0,20,0.69,1
220.1,19,0.25,0
220.1,20,0.68,1
220.2,19,0.35,0
220.2,20,0.69,1
220.3,19,0.4,0
220.3,20,0.29,1
220.4,19,0.55,0
220.4,20,0.41,1
220.5,19,0.46,0
220.5,20,0.22,1
220.6,19,0.55,0
220.6,20,0.23,1
220.7,19,0.49,0
220.7,20,0.19,1
220.8,19,0.53,0
220.8,20,0.13,1
220.9,19,0.48,0
220.9,20,0.11,1
221.0,19,0.38,0
221.0,20,0.35,1
221.1,19,0.29,0
221.1,20,0.29,1
221.2,19,0.31,0
221.2,20,0.31,1
221.3,19,0.4,0
221.3,20,0.04,1
221.4,19,0.25,0
221.4,20,0.26,1
221.5,19,0.21,0
221.5,20,0.12,1
221.6,19,0.15,0
221.6,20,0.15,1
221.7,19,0.16,0
221.7,20,0.04,1
221.8,19,0.13,0
221.8,20,0.06,1
221.9,19,0.18,0
221.9,20,0.12,1
222.0,19,0.22,0
222.0,20,0.13,1
222.1,19,0.29,0
222.1,20,0.37,1
222.2,19,0.26,0
222.2,20,0.44,1
222.3,19,0.52,0
222.3,20,0.33,1
222.4,19,0.5,0
222.4,20,0.44,1
222.5,19,0.49,0
222.5,20,0.41,1
222.6,19,0.5,0
222.6,20,0.42,1
222.7,19,0.54,0
222.7,20,0.47,1
222.8,19,0.48,0
222.8,20,0.31,1
222.9,19,0.46,0
222.9,20,0.36,1
223.0,19,0.53,0
223.0,20,0.24,1
223.1,19,0.44,0
223.1,20,0.14,1
223.2,19,0.42,0
223.2,20,0.25,1
223.3,19,0.41,0
223.3,20,0.39,1
223.4,19,0.37,0
223.4,20,0.13,1
223.5,19,0.36,0
223.5,20,0.2,1
223.6,19,0.34,0
223.6,20,0.22,1
223.7,19,0.37,0
223.7,20,0.22,1
223.8,19,0.33,0
223.8,20,0.24,1
223.9,19,0.26,0
223.9,20,0.31,1
224.0,19,0.09,0
224.0,20,0.34,1
224.1,19,0.25,0
224.1,20,0.16,1
224.2,19,0.23,0
224.2,20,0.19,1
224.2,21,0.36,0
224.3,19,0.39,0
224.3,20,0.1,1
224.3,21,0.43,0
224.4,19,0.21,0
224.4,20,0.19,1
224.4,21,0.41,0
224.5,19,0.32,0
224.5,20,0.14,1
224.5,21,0.46,0
224.6,19,0.34,0
224.6,20,0.06,1
224.6,21,0.54,0
224.7,19,0.23,0
224.7,20,0.08,1
224.7,21,0.38,0
224.8,19,0.18,0
224.8,20,0.16,1
224.8,21,0.33,0
224.9,19,0.22,0
224.9,20,0.19,1
224.9,21,0.11,0
225.0,19,0.23,0
225.0,20,0.21,1
225.0,21,0.22,0
225.1,19,0.28,0
225.1,20,0.2,0
225.1,21,0.28,0
225.2,19,0.34,0
225.2,20,0.17,0
225.2,21,0.31,0
225.3,19,0.32,0
225.3,20,0.18,0
225.3,21,0.31,0
225.4,19,0.36,0
225.4,20,0.21,0
225.4,21,0.22,0
225.5,20,0.26,0
225.5,21,0.2,0
225.6,20,0.43,0
225.6,21,0.27,0
225.7,20,0.26,0
225.7,21,0.31,0
225.8,20,0.29,0
225.8,21,0.27,0
225.9,20,0.34,0
225.9,21,0.36,0
226.0,20,0.29,0
226.0,21,0.4,0
226.1,20,0.35,0
226.1,21,0.5,0
226.2,20,0.43,0
226.2,21,0.41,0
226.3,20,0.42,0
226.3,21,0.48,0
226.4,20,0.4,0
226.4,21,0.46,0
226.5,20,0.31,0
226.5,21,0.35,0
226.6,20,0.32,0
226.6,21,0.23,0
226.7,20,0.34,0
226.7,21,0.48,0
226.8,20,0.47,0
226.8,21,0.36,0
226.9,20,0.42,0
226.9,21,0.43,0
227.0,20,0.39,0
227.0,21,0.25,0
227.1,20,0.39,0
227.1,21,0.24,0
227.2,20,0.38,0
227.2,21,0.25,1
227.3,20,0.39,0
227.3,21,0.28,1
227.4,20,0.29,0
227.4,21,0.31,1
227.5,20,0.36,0
227.5,21,0.29,1
227.6,20,0.28,0
227.6,21,0.22,1
227.7,20,0.24,0
227.7,21,0.21,1
227.8,20,0.17,0
227.8,21,0.08,1
227.9,20,0.12,0
227.9,21,0.07,1
228.0,20,0.15,0
228.0,21,0.13,1
228.1,20,0.07,0
228.1,21,0.14,1
228.2,20,0.28,0
228.2,21,0.15,1
228.3,20,0.28,0
228.3,21,0.13,1
228.4,20,0.21,0
228.4,21,0.13,1
228.5,20,0.2,0
228.5,21,0.13,1
228.6,20,0.23,0
228.6,21,0.15,1
228.7,20,0.24,0
228.7,21,0.26,1
228.8,20,0.08,0
228.8,21,0.25,1
228.9,20,0.1,0
228.9,21,0.27,1
229.0,20,0.45,0
229.0,21,0.44,1
229.1,20,0.28,0
229.1,21,0.29,1
229.2,20,0.33,0
229.2,21,0.22,1
229.3,20,0.32,0
229.3,21,0.36,1
229.4,20,0.23,0
229.4,21,0.41,1
229.5,20,0.43,0
229.5,21,0.38,1
229.6,20,0.37,0
229.6,21,0.43,1
229.7,20,0.45,0
229.7,21,0.4,1
229.8,20,0.46,0
229.8,21,0.33,1
229.9,20,0.21,0
229.9,21,0.69,1
230.0,20,0.34,0
230.0,21,0.58,0
230.1,20,0.2,0
230.1,21,0.42,0
230.2,20,0.22,0
230.2,21,0.44,0
230.3,20,0.27,0
230.3,21,0.45,0
230.4,20,0.43,0
230.4,21,0.27,0
230.5,20,0.4,0
230.5,21,0.3,0
230.6,20,0.55,0
230.6,21,0.28,0
230.7,20,0.57,0
230.7,21,0.28,0
230.8,20,0.66,0
230.8,21,0.25,0
230.9,20,0.44,0
230.9,21,0.31,0
231.0,20,0.3,0
231.0,21,0.32,0
231.1,20,0.39,0
231.1,21,0.4,0
231.2,20,0.38,0
231.2,21,0.37,0
231.3,20,0.36,0
231.3,21,0.29,0
231.4,20,0.33,0
231.4,21,0.19,0
231.5,20,0.29,0
231.5,21,0.14,0
231.6,20,0.25,0
231.6,21,0.17,0
231.7,20,0.23,0
231.7,21,0.22,0
231.8,20,0.24,0
231.8,21,0.14,0
231.9,20,0.08,0
231.9,21,0.09,0
232.0,20,0.27,0
232.0,21,0.09,0
232.1,20,0.2,0
232.1,21,0.15,0
232.2,20,0.16,0
232.2,21,0.18,0
232.3,20,0.07,0
232.3,21,0.13,0
232.4,20,0.05,0
232.4,21,0.27,0
232.5,20,0.16,0
232.5,21,0.27,0
232.6,20,0.15,0
232.6,21,0.23,0
232.7,20,0.15,0
232.7,21,0.08,0
232.8,20,0.18,0
232.8,21,0.19,0
232.9,20,0.27,0
232.9,21,0.43,0
233.0,20,0.47,0
233.0,21,0.34,0
233.1,20,0.29,0
233.1,21,0.39,0
233.2,20,0.32,0
233.2,21,0.35,0
233.3,20,0.25,0
233.3,21,0.33,0
233.4,20,0.2,0
233.4,21,0.3,0
233.5,20,0.31,0
233.5,21,0.39,0
233.6,20,0.42,0
233.6,21,0.18,0
233.7,20,0.45,0
233.7,21,0.37,0
233.8,20,0.45,0
233.8,21,0.4,0
233.9,20,0.44,0
233.9,21,0.37,0
234.0,20,0.49,0
234.0,21,0.46,0
234.1,20,0.49,0
234.1,21,0.59,0
234.2,20,0.58,0
234.2,21,0.58,0
234.3,20,0.54,0
234.3,21,0.56,0
234.4,20,0.58,0
234.4,21,0.49,0
234.5,20,0.23,0
234.5,21,0.47,0
234.6,20,0.19,0
234.6,21,0.42,0
234.7,20,0.19,0
234.7,21,0.35,0
234.8,20,0.17,0
234.8,21,0.32,0
234.9,20,0.21,0
234.9,21,0.32,0
235.0,20,0.27,0
235.0,21,0.35,0
235.1,20,0.3,0
235.1,21,0.33,0
235.2,20,0.37,0
235.2,21,0.25,0
235.3,20,0.4,0
235.3,21,0.26,0
235.4,20,0.48,0
235.4,21,0.29,0
235.4,22,0.24,0
235.5,20,0.46,0
235.5,21,0.3,0
235.5,22,0.34,0
235.6,20,0.4,0
235.6,21,0.2,0
235.6,22,0.38,0
235.7,20,0.33,0
235.7,21,0.25,0
235.7,22,0.42,0
235.8,20,0.39,0
235.8,21,0.23,0
235.8,22,0.28,0
235.9,20,0.4,0
235.9,21,0.24,0
235.9,22,0.31,0
236.0,20,0.18,0
236.0,21,0.23,0
236.0,22,0.36,0
236.1,20,0.2,0
236.1,21,0.15,0
236.1,22,0.31,0
236.2,20,0.26,0
236.2,21,0.16,0
236.2,22,0.3,0
236.3,20,0.36,0
236.3,21,0.1,0
236.3,22,0.28,0
236.4,20,0.31,0
236.4,21,0.15,0
236.4,22,0.29,0
236.5,20,0.26,0
236.5,21,0.19,0
236.5,22,0.2,0
236.6,20,0.25,0
236.6,21,0.13,0
236.6,22,0.14,0
236.7,20,0.14,0
236.7,21,0.21,0
236.7,22,0.14,0
236.8,20,0.2,0
236.8,21,0.28,0
236.8,22,0.23,0
236.9,20,0.23,0
236.9,21,0.23,0
236.9,22,0.28,0
237.0,20,0.23,0
237.0,21,0.24,0
237.0,22,0.21,0
237.1,20,0.36,0
237.1,21,0.26,0
237.1,22,0.23,0
237.2,20,0.3,0
237.2,21,0.28,0
237.2,22,0.23,0
237.3,20,0.4,0
237.3,21,0.21,0
237.3,22,0.16,0
237.4,20,0.45,0
237.4,21,0.18,0
237.4,22,0.43,0
237.5,20,0.41,0
237.5,21,0.17,0
237.5,22,0.34,0
237.6,20,0.51,0
237.6,21,0.15,0
237.6,22,0.36,0
237.7,20,0.38,0
237.7,21,0.2,0
237.7,22,0.43,0
237.8,20,0.44,0
237.8,21,0.3,0
237.8,22,0.38,0
237.9,20,0.42,0
237.9,21,0.43,0
237.9,22,0.5,0
238.0,20,0.49,0
238.0,21,0.42,0
238.0,22,0.41,0
238.1,20,0.51,0
238.1,21,0.35,0
238.1,22,0.49,0
238.2,20,0.52,0
238.2,21,0.4,0
238.2,22,0.45,0
238.3,20,0.37,0
238.3,21,0.34,0
238.3,22,0.4,0
238.4,20,0.35,0
238.4,21,0.53,0
238.4,22,0.27,1
238.5,20,0.41,0
238.5,21,0.47,0
238.5,22,0.31,1
238.6,20,0.35,0
238.6,21,0.44,0
238.6,22,0.41,1
238.7,20,0.36,0
238.7,21,0.52,0
238.7,22,0.4,1
238.8,20,0.39,0
238.8,21,0.39,0
238.8,22,0.35,1
238.9,20,0.52,0
238.9,21,0.17,0
238.9,22,0.43,1
239.0,20,0.23,0
239.0,21,0.15,0
239.0,22,0.41,1
239.1,20,0.35,0
239.1,21,0.24,0
239.1,22,0.52,1
239.2,20,0.18,0
239.2,21,0.21,0
239.2,22,0.4,1
239.3,20,0.15,0
239.3,21,0.25,0
239.3,22,0.39,1
239.4,20,0.13,0
239.4,21,0.22,0
239.4,22,0.35,1
239.5,20,0.23,0
239.5,21,0.14,0
239.5,22,0.4,1
239.6,20,0.11,0
239.6,21,0.22,0
239.6,22,0.31,1
239.7,20,0.14,0
239.7,21,0.41,0
239.7,22,0.24,1
239.8,20,0.22,0
239.8,21,0.34,0
239.8,22,0.24,1
239.9,20,0.11,0
239.9,21,0.3,0
239.9,22,0.33,1
240.0,20,0.29,0
240.0,21,0.54,0
240.0,22,0.18,1
240.1,20,0.33,0
240.1,21,0.39,0
240.1,22,0.2,1
240.2,20,0.24,0
240.2,21,0.34,0
240.2,22,0.24,1
240.3,20,0.4,0
240.3,21,0.24,0
240.3,22,0.18,1
240.4,20,0.56,0
240.4,21,0.22,0
240.4,22,0.2,1
240.5,20,0.52,0
240.5,21,0.42,0
240.5,22,0.22,1
240.6,20,0.57,0
240.6,21,0.43,0
240.6,22,0.2,1
240.7,20,0.53,0
240.7,21,0.43,0
240.7,22,0.2,1
240.8,20,0.32,0
240.8,21,0.45,0
240.8,22,0.17,1
240.9,20,0.3,0
240.9,21,0.56,0
240.9,22,0.15,1
241.0,20,0.26,0
241.0,21,0.43,0
241.0,22,0.14,1
241.1,20,0.24,0
241.1,21,0.41,0
241.1,22,0.6,1
241.2,20,0.21,0
241.2,21,0.39,0
241.2,22,0.65,1
241.3,20,0.24,0
241.3,21,0.39,0
241.3,22,0.64,1
241.4,20,0.19,0
241.4,21,0.37,0
241.4,22,0.65,1
241.5,20,0.26,0
241.5,21,0.43,0
241.5,22,0.61,1
241.6,20,0.35,0
241.6,21,0.47,0
241.6,22,0.62,1
241.7,20,0.35,0
241.7,21,0.43,0
241.7,22,0.73,1
241.8,20,0.34,0
241.8,21,0.43,0
241.8,22,0.72,1
241.9,21,0.36,0
241.9,22,0.69,1
242.0,21,0.29,0
242.0,22,0.7,1
242.1,21,0.33,0
242.1,22,0.34,1
242.2,21,0.26,0
242.2,22,0.33,1
242.3,21,0.18,0
242.3,22,0.32,1
242.4,21,0.21,0
242.4,22,0.35,1
242.5,21,0.28,0
242.5,22,0.4,1
242.6,21,0.28,0
242.6,22,0.38,1
242.7,21,0.25,0
242.7,22,0.47,1
242.8,21,0.32,0
242.8,22,0.45,1
242.9,21,0.31,0
242.9,22,0.49,1
243.0,21,0.37,0
243.0,22,0.49,1
243.1,21,0.37,0
243.1,22,0.49,1
243.2,21,0.37,0
243.2,22,0.56,1
243.3,21,0.36,0
243.3,22,0.56,1
243.4,21,0.26,0
243.4,22,0.58,1
243.5,21,0.34,0
243.5,22,0.44,1
243.6,21,0.35,0
243.6,22,0.37,1
243.7,21,0.33,0
243.7,22,0.29,1
243.8,21,0.27,0
243.8,22,0.32,1
243.9,21,0.31,0
243.9,22,0.34,1
244.0,21,0.3,0
244.0,22,0.32,1
244.1,21,0.31,0
244.1,22,0.32,1
244.2,21,0.36,0
244.2,22,0.33,1
244.3,21,0.36,0
244.3,22,0.37,1
244.4,21,0.3,0
244.4,22,0.32,1
244.5,21,0.23,0
244.5,22,0.36,1
244.6,21,0.29,0
244.6,22,0.28,1
244.7,21,0.28,0
244.7,22,0.39,1
244.8,21,0.27,0
244.8,22,0.48,1
244.9,21,0.3,0
244.9,22,0.49,1
245.0,21,0.3,0
245.0,22,0.6,1
245.1,21,0.32,0
245.1,22,0.55,1
245.2,21,0.51,0
245.2,22,0.5,1
245.3,21,0.59,0
245.3,22,0.49,1
245.4,21,0.39,0
245.4,22,0.41,1
245.5,21,0.41,0
245.5,22,0.32,1
245.6,21,0.37,0
245.6,22,0.45,1
245.7,21,0.34,0
245.7,22,0.43,1
245.8,21,0.42,0
245.8,22,0.38,1
245.9,21,0.62,0
245.9,22,0.41,1
246.0,21,0.58,0
246.0,22,0.39,1
246.1,21,0.56,0
246.1,22,0.29,1
246.1,23,0.24,0
246.2,21,0.39,0
246.2,22,0.25,1
246.2,23,0.39,0
246.3,21,0.39,0
246.3,22,0.25,1
246.3,23,0.46,0
246.4,21,0.37,0
246.4,22,0.21,1
246.4,23,0.6,0
246.5,21,0.42,0
246.5,22,0.25,1
246.5,23,0.48,0
246.6,21,0.49,0
246.6,22,0.29,1
246.6,23,0.39,0
246.7,21,0.5,0
246.7,22,0.36,1
246.7,23,0.19,0
246.8,22,0.41,1
246.8,23,0.17,0
246.9,22,0.47,1
246.9,23,0.22,0
247.0,22,0.43,1
247.0,23,0.26,0
247.1,22,0.62,1
247.1,23,0.23,0
247.2,22,0.58,1
247.2,23,0.2,0
247.3,22,0.55,1
247.3,23,0.26,0
247.4,22,0.46,1
247.4,23,0.25,0
247.5,22,0.44,1
247.5,23,0.26,0
247.6,22,0.46,1
247.6,23,0.31,0
247.7,22,0.31,1
247.7,23,0.4,0
247.8,22,0.25,1
247.8,23,0.3,0
247.9,22,0.42,1
247.9,23,0.41,0
248.0,22,0.34,1
248.0,23,0.36,0
248.1,22,0.28,1
248.1,23,0.4,0
248.2,22,0.22,1
248.2,23,0.36,0
248.3,22,0.34,1
248.3,23,0.37,0
248.4,22,0.23,1
248.4,23,0.21,0
248.5,22,0.24,1
248.5,23,0.28,0
248.6,22,0.26,1
248.6,23,0.34,0
248.7,22,0.21,1
248.7,23,0.32,0
248.8,22,0.2,1
248.8,23,0.4,0
248.9,22,0.12,1
248.9,23,0.29,0
249.0,22,0.23,1
249.0,23,0.34,0
249.1,22,0.21,1
249.1,23,0.45,1
249.2,22,0.31,1
249.2,23,0.58,1
249.3,22,0.26,1
249.3,23,0.55,1
249.4,22,0.31,1
249.4,23,0.52,1
249.5,22,0.31,1
249.5,23,0.54,1
249.6,22,0.42,1
249.6,23,0.23,1
249.7,22,0.37,1
249.7,23,0.15,1
249.8,22,0.37,1
249.8,23,0.21,1
249.9,22,0.48,1
249.9,23,0.25,1
250.0,22,0.49,1
250.0,23,0.23,1
250.1,22,0.39,1
250.1,23,0.25,1
250.2,22,0.46,1
250.2,23,0.2,1
250.3,22,0.46,1
250.3,23,0.39,1
250.4,22,0.41,1
250.4,23,0.48,1
250.5,22,0.43,1
250.5,23,0.55,1
250.6,22,0.43,1
250.6,23,0.64,1
250.7,22,0.4,1
250.7,23,0.61,1
250.8,22,0.39,1
250.8,23,0.62,1
250.9,22,0.33,1
250.9,23,0.44,1
251.0,22,0.31,1
251.0,23,0.48,1
251.1,22,0.31,1
251.1,23,0.35,1
251.2,22,0.35,1
251.2,23,0.35,1
251.3,22,0.3,1
251.3,23,0.29,1
251.4,22,0.27,1
251.4,23,0.27,1
251.5,22,0.25,1
251.5,23,0.28,1
251.6,22,0.23,1
251.6,23,0.08,1
251.7,22,0.17,1
251.7,23,0.11,1
251.8,22,0.18,1
251.8,23,0.59,1
251.9,22,0.3,1
251.9,23,0.59,1
252.0,22,0.47,1
252.0,23,0.61,1
252.1,22,0.34,1
252.1,23,0.6,1
252.2,22,0.35,1
252.2,23,0.51,1
252.3,22,0.4,1
252.3,23,0.54,1
252.4,22,0.24,1
252.4,23,0.56,1
252.5,22,0.23,1
252.5,23,0.59,1
252.6,22,0.32,1
252.6,23,0.66,1
252.7,22,0.33,1
252.7,23,0.64,1
252.8,22,0.34,1
252.8,23,0.22,1
252.9,22,0.37,1
252.9,23,0.21,1
253.0,22,0.26,1
253.0,23,0.27,1
253.1,22,0.35,1
253.1,23,0.25,1
253.2,22,0.41,1
253.2,23,0.38,1
253.3,22,0.39,1
253.3,23,0.37,1
253.4,22,0.49,1
253.4,23,0.38,1
253.5,22,0.29,1
253.5,23,0.45,1
253.6,22,0.35,1
253.6,23,0.32,1
253.7,22,0.31,1
253.7,23,0.41,1
253.8,22,0.29,1
253.8,23,0.43,1
253.9,22,0.32,1
253.9,23,0.28,1
254.0,22,0.18,1
254.0,23,0.18,1
254.1,22,0.45,1
254.1,23,0.28,1
254.2,22,0.3,1
254.2,23,0.23,1
254.3,22,0.38,1
254.3,23,0.24,1
254.4,22,0.39,1
254.4,23,0.26,1
254.5,22,0.36,1
254.5,23,0.22,1
254.6,22,0.37,1
254.6,23,0.25,1
254.7,22,0.46,1
254.7,23,0.25,1
254.8,22,0.46,1
254.8,23,0.31,1
254.9,22,0.47,1
254.9,23,0.41,1
255.0,22,0.52,1
255.0,23,0.31,1
255.1,22,0.36,0
255.1,23,0.36,0
255.2,22,0.33,0
255.2,23,0.2,0
255.3,22,0.37,0
255.3,23,0.33,0
255.4,22,0.45,0
255.4,23,0.39,0
255.5,22,0.41,0
255.5,23,0.41,0
255.6,22,0.25,0
255.6,23,0.4,0
255.7,22,0.38,0
255.7,23,0.4,0
255.8,22,0.33,0
255.8,23,0.38,0
255.9,22,0.36,0
255.9,23,0.4,0
256.0,22,0.39,0
256.0,23,0.31,0
256.1,22,0.44,0
256.1,23,0.4,0
256.2,22,0.44,0
256.2,23,0.43,0
256.3,22,0.41,0
256.3,23,0.47,0
256.4,22,0.18,0
256.4,23,0.45,0
256.4,24,0.39,0
256.5,22,0.12,0
256.5,23,0.49,0
256.5,24,0.36,0
256.6,22,0.17,0
256.6,23,0.49,0
256.6,24,0.35,0
256.7,22,0.24,0
256.7,23,0.42,0
256.7,24,0.43,0
256.8,22,0.26,0
256.8,23,0.45,0
256.8,24,0.42,0
256.9,22,0.08,0
256.9,23,0.22,0
256.9,24,0.43,0
257.0,22,0.23,0
257.0,23,0.12,0
257.0,24,0.41,0
257.1,22,0.06,0
257.1,23,0.31,0
257.1,24,0.41,0
257.2,22,0.19,0
257.2,23,0.27,0
257.2,24,0.2,0
257.3,22,0.19,0
257.3,23,0.38,0
257.3,24,0.14,0
257.4,22,0.16,0
257.4,23,0.36,0
257.4,24,0.11,0
257.5,22,0.29,0
257.5,23,0.42,0
257.5,24,0.13,0
257.6,22,0.25,0
257.6,23,0.33,0
257.6,24,0.23,0
257.7,22,0.21,0
257.7,23,0.37,0
257.7,24,0.18,0
257.8,22,0.39,0
257.8,23,0.35,0
257.8,24,0.28,0
257.9,22,0.42,0
257.9,23,0.31,0
257.9,24,0.31,0
258.0,22,0.45,0
258.0,23,0.39,0
258.0,24,0.42,0
258.1,22,0.54,0
258.1,23,0.29,0
258.1,24,0.43,0
258.2,22,0.52,0
258.2,23,0.36,0
258.2,24,0.46,0
258.3,22,0.51,0
258.3,23,0.41,0
258.3,24,0.42,0
258.4,22,0.53,0
258.4,23,0.3,0
258.4,24,0.39,0
258.5,22,0.58,0
258.5,23,0.32,0
258.5,24,0.46,0
258.6,22,0.61,0
258.6,23,0.25,0
258.6,24,0.31,0
258.7,22,0.61,0
258.7,23,0.25,0
258.7,24,0.38,0
258.8,22,0.39,0
258.8,23,0.26,0
258.8,24,0.4,0
258.9,22,0.47,0
258.9,23,0.33,0
258.9,24,0.52,0
259.0,22,0.44,0
259.0,23,0.29,0
259.0,24,0.39,0
259.1,22,0.39,0
259.1,23,0.32,0
259.1,24,0.42,0
259.2,22,0.31,0
259.2,23,0.36,0
259.2,24,0.34,0
259.3,22,0.4,0
259.3,23,0.23,0
259.3,24,0.38,0
259.4,22,0.31,0
259.4,23,0.26,0
259.4,24,0.26,1
259.5,22,0.43,0
259.5,23,0.38,0
259.5,24,0.31,1
259.6,22,0.4,0
259.6,23,0.21,0
259.6,24,0.32,1
259.7,22,0.31,0
259.7,23,0.29,0
259.7,24,0.38,1
259.8,22,0.54,0
259.8,23,0.28,0
259.8,24,0.41,1
259.9,22,0.58,0
259.9,23,0.41,0
259.9,24,0.25,1
260.0,22,0.66,0
260.0,23,0.29,0
260.0,24,0.39,1
260.1,22,0.48,0
260.1,23,0.27,0
260.1,24,0.27,1
260.2,22,0.48,0
260.2,23,0.26,0
260.2,24,0.25,1
260.3,22,0.53,0
260.3,23,0.26,0
260.3,24,0.24,1
260.4,22,0.35,0
260.4,23,0.25,0
260.4,24,0.22,1
260.5,22,0.32,0
260.5,23,0.42,0
260.5,24,0.15,1
260.6,22,0.38,0
260.6,23,0.43,0
260.6,24,0.17,1
260.7,22,0.58,0
260.7,23,0.45,0
260.7,24,0.18,1
260.8,22,0.25,0
260.8,23,0.36,0
260.8,24,0.33,1
260.9,22,0.23,0
260.9,23,0.15,0
260.9,24,0.33,1
261.0,22,0.43,0
261.0,23,0.23,0
261.0,24,0.26,1
261.1,22,0.42,0
261.1,23,0.23,0
261.1,24,0.23,1
261.2,22,0.43,0
261.2,23,0.22,0
261.2,24,0.34,1
261.3,22,0.42,0
261.3,23,0.45,0
261.3,24,0.29,1
261.4,22,0.37,0
261.4,23,0.22,0
261.4,24,0.19,1
261.5,22,0.44,0
261.5,23,0.21,0
261.5,24,0.3,1
261.6,22,0.5,0
261.6,23,0.16,0
261.6,24,0.16,1
261.7,22,0.54,0
261.7,23,0.44,0
261.7,24,0.25,1
261.8,22,0.43,0
261.8,23,0.35,0
261.8,24,0.32,1
261.9,22,0.36,0
261.9,23,0.32,0
261.9,24,0.39,1
262.0,22,0.31,0
262.0,23,0.36,0
262.0,24,0.44,1
262.1,22,0.49,0
262.1,23,0.49,0
262.1,24,0.62,1
262.2,22,0.59,0
262.2,23,0.27,0
262.2,24,0.65,0
262.3,22,0.6,0
262.3,23,0.33,0
262.3,24,0.37,0
262.4,22,0.45,0
262.4,23,0.51,0
262.4,24,0.34,0
262.5,22,0.41,0
262.5,23,0.55,0
262.5,24,0.27,0
262.6,22,0.3,0
262.6,23,0.37,0
262.6,24,0.32,0
262.7,22,0.27,0
262.7,23,0.13,0
262.7,24,0.24,0
262.8,22,0.32,0
262.8,23,0.37,0
262.8,24,0.29,0
262.9,22,0.24,0
262.9,23,0.41,0
262.9,24,0.27,0
263.0,22,0.24,0
263.0,23,0.33,0
263.0,24,0.26,0
263.1,22,0.23,0
263.1,23,0.41,0
263.1,24,0.22,0
263.2,22,0.2,0
263.2,23,0.47,0
263.2,24,0.2,0
263.3,22,0.24,0
263.3,23,0.49,0
263.3,24,0.15,0
263.4,22,0.25,0
263.4,23,0.5,0
263.4,24,0.24,0
263.5,22,0.3,0
263.5,23,0.38,0
263.5,24,0.2,0
263.6,22,0.26,0
263.6,23,0.41,0
263.6,24,0.45,0
263.7,22,0.32,0
263.7,23,0.41,0
263.7,24,0.47,0
263.8,22,0.16,0
263.8,23,0.38,0
263.8,24,0.28,0
263.9,22,0.13,0
263.9,23,0.42,0
263.9,24,0.24,0
264.0,22,0.35,0
264.0,23,0.46,0
264.0,24,0.29,0
264.1,22,0.38,0
264.1,23,0.33,0
264.1,24,0.17,0
264.2,22,0.34,0
264.2,23,0.49,0
264.2,24,0.2,0
264.3,22,0.37,0
264.3,23,0.46,0
264.3,24,0.18,0
264.4,22,0.33,0
264.4,23,0.45,0
264.4,24,0.21,0
264.5,22,0.32,0
264.5,23,0.31,0
264.5,24,0.25,0
264.6,22,0.42,0
264.6,23,0.35,0
264.6,24,0.12,0
264.7,22,0.4,0
264.7,23,0.34,0
264.7,24,0.14,0
264.8,22,0.5,0
264.8,23,0.5,0
264.8,24,0.08,0
264.9,22,0.49,0
264.9,23,0.26,0
264.9,24,0.19,0
265.0,22,0.12,0
265.0,23,0.37,0
265.0,24,0.15,0
265.1,22,0.2,0
265.1,23,0.34,0
265.1,24,0.11,0
265.2,22,0.11,0
265.2,23,0.29,0
265.2,24,0.09,0
265.3,22,0.18,0
265.3,23,0.35,0
265.3,24,0.09,0
265.4,22,0.13,0
265.4,23,0.46,0
265.4,24,0.11,0
265.5,22,0.12,0
265.5,23,0.47,0
265.5,24,0.17,0
265.6,22,0.21,0
265.6,23,0.61,0
265.6,24,0.23,0
265.7,22,0.14,0
265.7,23,0.61,0
265.7,24,0.3,0
265.8,22,0.17,0
265.8,23,0.61,0
265.8,24,0.24,0
265.9,22,0.22,0
265.9,23,0.51,0
265.9,24,0.17,0
266.0,22,0.17,0
266.0,23,0.45,0
266.0,24,0.36,0
266.1,22,0.1,0
266.1,23,0.51,0
266.1,24,0.27,0
266.2,22,0.18,0
266.2,23,0.49,0
266.2,24,0.17,0
266.3,22,0.2,0
266.3,23,0.45,0
266.3,24,0.38,0
266.4,22,0.34,0
266.4,23,0.49,0
266.4,24,0.38,0
266.5,22,0.34,0
266.5,23,0.46,0
266.5,24,0.41,0
266.6,22,0.39,0
266.6,23,0.5,0
266.6,24,0.39,0
266.7,22,0.56,0
266.7,23,0.6,0
266.7,24,0.24,0
266.8,22,0.55,0
266.8,23,0.42,0
266.8,24,0.21,0
266.9,22,0.46,0
266.9,23,0.36,0
266.9,24,0.24,0
267.0,22,0.39,0
267.0,23,0.38,0
267.0,24,0.14,0
267.1,22,0.56,0
267.1,23,0.37,0
267.1,24,0.2,0
267.2,22,0.67,0
267.2,23,0.38,0
267.2,24,0.17,0
267.3,22,0.63,0
267.3,23,0.43,0
267.3,24,0.22,0
267.3,25,0.18,0
267.4,22,0.5,0
267.4,23,0.21,0
267.4,24,0.3,0
267.4,25,0.18,0
267.5,22,0.23,0
267.5,23,0.23,0
267.5,24,0.33,0
267.5,25,0.22,0
267.6,22,0.2,0
267.6,23,0.18,0
267.6,24,0.24,0
267.6,25,0.23,0
267.7,22,0.28,0
267.7,23,0.21,0
267.7,24,0.17,0
267.7,25,0.4,0
267.8,22,0.23,0
267.8,23,0.17,0
267.8,24,0.14,0
267.8,25,0.34,0
267.9,22,0.34,0
267.9,23,0.15,0
267.9,24,0.14,0
267.9,25,0.39,0
268.0,22,0.36,0
268.0,23,0.12,0
268.0,24,0.27,0
268.0,25,0.25,0
268.1,22,0.3,0
268.1,23,0.1,0
268.1,24,0.43,0
268.1,25,0.14,0
268.2,22,0.26,0
268.2,23,0.12,0
268.2,24,0.4,0
268.2,25,0.15,0
268.3,22,0.26,0
268.3,23,0.18,0
268.3,24,0.37,0
268.3,25,0.15,0
268.4,22,0.31,0
268.4,23,0.18,0
268.4,24,0.29,0
268.4,25,0.14,0
268.5,22,0.31,0
268.5,23,0.25,0
268.5,24,0.29,0
268.5,25,0.17,0
268.6,22,0.38,0
268.6,23,0.3,0
268.6,24,0.41,0
268.6,25,0.36,0
268.7,22,0.41,0
268.7,23,0.16,0
268.7,24,0.49,0
268.7,25,0.61,0
268.8,22,0.34,0
268.8,23,0.18,0
268.8,24,0.49,0
268.8,25,0.33,0
268.9,22,0.39,0
268.9,23,0.1,0
268.9,24,0.5,0
268.9,25,0.37,0
269.0,22,0.43,0
269.0,23,0.07,0
269.0,24,0.47,0
269.0,25,0.48,0
269.1,22,0.37,0
269.1,23,0.06,0
269.1,24,0.38,0
269.1,25,0.18,0
269.2,22,0.34,0
269.2,23,0.09,0
269.2,24,0.4,0
269.2,25,0.18,0
269.3,22,0.34,0
269.3,23,0.13,0
269.3,24,0.35,0
269.3,25,0.18,0
269.4,22,0.37,0
269.4,23,0.13,0
269.4,24,0.42,0
269.4,25,0.18,0
269.5,22,0.36,0
269.5,23,0.34,0
269.5,24,0.39,0
269.5,25,0.15,0
269.6,22,0.35,0
269.6,23,0.46,0
269.6,24,0.28,0
269.6,25,0.13,0
269.7,22,0.29,0
269.7,23,0.53,0
269.7,24,0.21,0
269.7,25,0.18,0
269.8,22,0.28,0
269.8,23,0.55,0
269.8,24,0.23,0
269.8,25,0.22,0
269.9,22,0.29,0
269.9,23,0.58,0
269.9,24,0.17,0
269.9,25,0.29,0
270.0,22,0.34,0
270.0,23,0.57,0
270.0,24,0.13,0
270.0,25,0.22,0
270.1,22,0.43,0
270.1,23,0.53,0
270.1,24,0.22,0
270.1,25,0.39,0
270.2,22,0.29,0
270.2,23,0.4,0
270.2,24,0.16,0
270.2,25,0.39,0
270.3,22,0.34,0
270.3,23,0.43,0
270.3,24,0.17,0
270.3,25,0.27,1
270.4,22,0.29,0
270.4,23,0.38,0
270.4,24,0.25,0
270.4,25,0.26,1
270.5,22,0.32,0
270.5,23,0.37,0
270.5,24,0.22,0
270.5,25,0.26,1
270.6,22,0.25,0
270.6,23,0.28,0
270.6,24,0.17,0
270.6,25,0.29,1
270.7,22,0.29,0
270.7,23,0.3,0
270.7,24,0.22,0
270.7,25,0.28,1
270.8,22,0.11,0
270.8,23,0.16,0
270.8,24,0.24,0
270.8,25,0.46,1
270.9,22,0.09,0
270.9,23,0.07,0
270.9,24,0.41,0
270.9,25,0.49,1
271.0,22,0.06,0
271.0,23,0.33,0
271.0,24,0.43,0
271.0,25,0.57,1
271.1,22,0.05,0
271.1,23,0.34,0
271.1,24,0.41,0
271.1,25,0.51,1
271.2,22,0.09,0
271.2,23,0.24,0
271.2,24,0.32,0
271.2,25,0.54,1
271.3,22,0.12,0
271.3,23,0.11,0
271.3,24,0.31,0
271.3,25,0.49,1
271.4,22,0.13,0
271.4,23,0.14,0
271.4,24,0.39,0
271.4,25,0.48,1
271.5,22,0.17,0
271.5,23,0.12,0
271.5,24,0.23,0
271.5,25,0.39,1
271.6,22,0.11,0
271.6,23,0.08,0
271.6,24,0.17,0
271.6,25,0.39,1
271.7,22,0.13,0
271.7,23,0.2,0
271.7,24,0.2,0
271.7,25,0.35,1
271.8,22,0.18,0
271.8,23,0.26,0
271.8,24,0.21,0
271.8,25,0.23,1
271.9,24,0.15,0
271.9,25,0.22,1
272.0,24,0.22,0
272.0,25,0.23,1
272.1,24,0.17,0
272.1,25,0.31,1
272.2,24,0.06,0
272.2,25,0.27,1
272.3,24,0.05,0
272.3,25,0.24,1
272.4,24,0.05,0
272.4,25,0.3,1
272.5,24,0.05,0
272.5,25,0.1,1
272.6,24,0.03,0
272.6,25,0.15,1
272.7,24,0.01,0
272.7,25,0.2,1
272.8,24,0.0,0
272.8,25,0.2,1
272.9,24,0.03,0
272.9,25,0.17,1
273.0,24,0.15,0
273.0,25,0.66,1
273.1,24,0.23,0
273.1,25,0.69,1
273.2,24,0.16,0
273.2,25,0.69,1
273.3,24,0.21,0
273.3,25,0.71,1
273.4,24,0.17,0
273.4,25,0.72,1
273.5,24,0.08,0
273.5,25,0.74,1
273.6,24,0.1,0
273.6,25,0.76,1
273.7,24,0.02,0
273.7,25,0.72,1
273.8,24,0.01,0
273.8,25,0.74,1
273.9,24,0.05,0
273.9,25,0.76,1
274.0,24,0.05,0
274.0,25,0.4,1
274.1,24,0.03,0
274.1,25,0.38,1
274.2,24,0.04,0
274.2,25,0.36,1
274.3,24,0.05,0
274.3,25,0.4,1
274.4,24,0.03,0
274.4,25,0.38,1
274.5,24,0.07,0
274.5,25,0.28,1
274.6,24,0.08,0
274.6,25,0.43,1
274.7,24,0.06,0
274.7,25,0.41,1
274.8,24,0.2,0
274.8,25,0.45,1
274.9,24,0.22,0
274.9,25,0.52,1
275.0,24,0.22,0
275.0,25,0.52,1
275.1,24,0.28,0
275.1,25,0.41,1
275.2,24,0.26,0
275.2,25,0.51,1
275.3,24,0.26,0
275.3,25,0.54,1
275.4,24,0.31,0
275.4,25,0.57,1
275.5,24,0.37,0
275.5,25,0.55,1
275.6,24,0.41,0
275.6,25,0.56,1
275.7,24,0.39,0
275.7,25,0.5,1
275.8,24,0.42,0
275.8,25,0.6,1
275.9,24,0.42,0
275.9,25,0.65,1
276.0,24,0.17,0
276.0,25,0.65,1
276.1,24,0.13,0
276.1,25,0.59,1
276.2,24,0.18,0
276.2,25,0.43,1
276.3,24,0.26,0
276.3,25,0.33,1
276.4,24,0.24,0
276.4,25,0.4,1
276.5,24,0.36,0
276.5,25,0.3,1
276.6,24,0.23,0
276.6,25,0.31,1
276.7,24,0.38,0
276.7,25,0.31,1
276.8,24,0.28,0
276.8,25,0.23,1
276.9,24,0.47,0
276.9,25,0.16,1
277.0,24,0.42,0
277.0,25,0.27,1
277.1,24,0.49,0
277.1,25,0.3,1
277.2,24,0.16,0
277.2,25,0.38,1
277.3,24,0.14,0
277.3,25,0.33,1
277.4,24,0.16,0
277.4,25,0.34,1
277.5,24,0.2,0
277.5,25,0.36,1
277.5,26,0.34,0
277.6,24,0.32,0
277.6,25,0.31,1
277.6,26,0.42,0
277.7,24,0.19,0
277.7,25,0.48,1
277.7,26,0.36,0
277.8,24,0.24,0
277.8,25,0.39,1
277.8,26,0.31,0
277.9,24,0.29,0
277.9,25,0.56,1
277.9,26,0.36,0
278.0,24,0.36,0
278.0,25,0.59,1
278.0,26,0.32,0
278.1,24,0.33,0
278.1,25,0.52,1
278.1,26,0.35,0
278.2,24,0.33,0
278.2,25,0.35,1
278.2,26,0.27,0
278.3,24,0.35,0
278.3,25,0.29,1
278.3,26,0.45,0
278.4,24,0.21,0
278.4,25,0.35,1
278.4,26,0.42,0
278.5,24,0.3,0
278.5,25,0.35,1
278.5,26,0.37,0
278.6,24,0.38,0
278.6,25,0.38,1
278.6,26,0.25,0
278.7,24,0.34,0
278.7,25,0.27,1
278.7,26,0.2,0
278.8,24,0.32,0
278.8,25,0.22,1
278.8,26,0.26,0
278.9,24,0.26,0
278.9,25,0.44,1
278.9,26,0.15,0
279.0,25,0.35,1
279.0,26,0.18,0
279.1,25,0.2,1
279.1,26,0.1,0
279.2,25,0.18,1
279.2,26,0.15,0
279.3,25,0.25,1
279.3,26,0.14,0
279.4,25,0.26,1
279.4,26,0.09,0
279.5,25,0.26,1
279.5,26,0.15,0
279.6,25,0.29,1
279.6,26,0.15,0
279.7,25,0.22,1
279.7,26,0.23,0
279.8,25,0.26,1
279.8,26,0.32,0
279.9,25,0.2,1
279.9,26,0.29,0
280.0,25,0.29,1
280.0,26,0.37,0
280.1,25,0.37,1
280.1,26,0.47,0
280.2,25,0.25,1
280.2,26,0.51,0
280.3,25,0.54,1
280.3,26,0.47,0
280.4,25,0.52,1
280.4,26,0.44,0
280.5,25,0.53,1
280.5,26,0.42,1
280.6,25,0.5,1
280.6,26,0.35,1
280.7,25,0.4,1
280.7,26,0.49,1
280.8,25,0.26,1
280.8,26,0.48,1
280.9,25,0.37,1
280.9,26,0.5,1
281.0,25,0.42,1
281.0,26,0.44,1
281.1,25,0.44,1
281.1,26,0.42,1
281.2,25,0.25,1
281.2,26,0.23,1
281.3,25,0.15,1
281.3,26,0.3,1
281.4,25,0.15,1
281.4,26,0.37,1
281.5,25,0.17,1
281.5,26,0.35,1
281.6,25,0.26,1
281.6,26,0.38,1
281.7,25,0.38,1
281.7,26,0.43,1
281.8,25,0.27,1
281.8,26,0.45,1
281.9,25,0.26,1
281.9,26,0.4,1
282.0,25,0.29,1
282.0,26,0.34,1
282.1,25,0.19,1
282.1,26,0.07,1
282.2,25,0.16,1
282.2,26,0.14,1
282.3,25,0.24,1
282.3,26,0.36,1
282.4,25,0.27,1
282.4,26,0.2,1
282.5,25,0.2,1
282.5,26,0.37,1
282.6,25,0.18,1
282.6,26,0.47,1
282.7,25,0.25,1
282.7,26,0.55,1
282.8,25,0.25,1
282.8,26,0.63,1
282.9,25,0.27,1
282.9,26,0.58,1
283.0,25,0.41,1
283.0,26,0.51,1
283.1,25,0.42,1
283.1,26,0.5,1
283.2,25,0.27,1
283.2,26,0.67,1
283.3,25,0.32,1
283.3,26,0.64,1
283.4,25,0.4,1
283.4,26,0.57,1
283.5,25,0.38,1
283.5,26,0.53,1
283.6,25,0.39,1
283.6,26,0.54,1
283.7,25,0.36,1
283.7,26,0.51,1
283.8,25,0.34,1
283.8,26,0.47,1
283.9,25,0.4,1
283.9,26,0.56,1
284.0,25,0.47,1
284.0,26,0.49,1
284.1,25,0.21,1
284.1,26,0.54,1
284.2,25,0.31,1
284.2,26,0.29,1
284.3,25,0.38,1
284.3,26,0.36,1
284.4,25,0.34,1
284.4,26,0.37,1
284.5,25,0.27,1
284.5,26,0.31,1
284.6,25,0.04,1
284.6,26,0.33,1
284.7,25,0.06,1
284.7,26,0.29,1
284.8,25,0.03,1
284.8,26,0.33,1
284.9,25,0.06,1
284.9,26,0.35,1
285.0,25,0.04,1
285.0,26,0.37,1
285.1,25,0.08,0
285.1,26,0.19,0
285.2,25,0.12,0
285.2,26,0.14,0
285.3,25,0.23,0
285.3,26,0.2,0
285.4,25,0.2,0
285.4,26,0.29,0
285.5,25,0.19,0
285.5,26,0.24,0
285.6,25,0.35,0
285.6,26,0.17,0
285.7,25,0.56,0
285.7,26,0.21,0
285.8,25,0.37,0
285.8,26,0.18,0
285.9,25,0.35,0
285.9,26,0.1,0
286.0,25,0.43,0
286.0,26,0.2,0
286.1,25,0.44,0
286.1,26,0.3,0
286.2,25,0.38,0
286.2,26,0.25,0
286.3,25,0.24,0
286.3,26,0.41,0
286.4,25,0.3,0
286.4,26,0.51,0
286.5,25,0.26,0
286.5,26,0.39,0
286.6,25,0.37,0
286.6,26,0.46,0
286.7,25,0.31,0
286.7,26,0.39,0
286.8,25,0.35,0
286.8,26,0.11,0
286.9,25,0.36,0
286.9,26,0.31,0
287.0,25,0.42,0
287.0,26,0.1,0
287.1,25,0.36,0
287.1,26,0.08,0
287.2,25,0.31,0
287.2,26,0.1,0
287.3,25,0.39,0
287.3,26,0.18,0
287.4,25,0.47,0
287.4,26,0.25,0
287.5,25,0.5,0
287.5,26,0.23,0
287.6,25,0.49,0
287.6,26,0.28,0
287.7,25,0.49,0
287.7,26,0.32,0
287.8,25,0.49,0
287.8,26,0.37,0
287.9,25,0.54,0
287.9,26,0.33,0
288.0,25,0.53,0
288.0,26,0.37,0
288.0,27,0.47,0
288.1,25,0.62,0
288.1,26,0.38,0
288.1,27,0.37,0
288.2,25,0.62,0
288.2,26,0.41,0
288.2,27,0.31,0
288.3,25,0.51,0
288.3,26,0.38,0
288.3,27,0.42,0
288.4,25,0.55,0
288.4,26,0.36,0
288.4,27,0.42,0
288.5,25,0.57,0
288.5,26,0.44,0
288.5,27,0.29,0
288.6,25,0.56,0
288.6,26,0.35,0
288.6,27,0.21,0
288.7,25,0.62,0
288.7,26,0.28,0
288.7,27,0.21,0
288.8,25,0.48,0
288.8,26,0.25,0
288.8,27,0.07,0
288.9,25,0.53,0
288.9,26,0.23,0
288.9,27,0.08,0
289.0,25,0.58,0
289.0,26,0.34,0
289.0,27,0.08,0
289.1,25,0.56,0
289.1,26,0.28,0
289.1,27,0.13,0
289.2,25,0.45,0
289.2,26,0.32,0
289.2,27,0.18,0
289.3,25,0.49,0
289.3,26,0.23,0
289.3,27,0.4,0
289.4,25,0.43,0
289.4,26,0.37,0
289.4,27,0.21,0
289.5,25,0.37,0
289.5,26,0.33,0
289.5,27,0.3,0
289.6,25,0.3,0
289.6,26,0.27,0
289.6,27,0.4,0
289.7,25,0.31,0
289.7,26,0.28,0
289.7,27,0.22,0
289.8,25,0.2,0
289.8,26,0.29,0
289.8,27,0.19,0
289.9,25,0.23,0
289.9,26,0.3,0
289.9,27,0.39,0
290.0,25,0.29,0
290.0,26,0.31,0
290.0,27,0.29,0
290.1,25,0.25,0
290.1,26,0.34,0
290.1,27,0.34,0
290.2,25,0.35,0
290.2,26,0.08,0
290.2,27,0.32,0
290.3,25,0.45,0
290.3,26,0.24,0
290.3,27,0.28,0
290.4,25,0.31,0
290.4,26,0.21,0
290.4,27,0.26,0
290.5,25,0.35,0
290.5,26,0.14,0
290.5,27,0.28,0
290.6,25,0.35,0
290.6,26,0.22,0
290.6,27,0.35,0
290.7,25,0.39,0
290.7,26,0.13,0
290.7,27,0.3,0
290.8,25,0.37,0
290.8,26,0.18,0
290.8,27,0.33,0
290.9,25,0.35,0
290.9,26,0.11,0
290.9,27,0.3,0
291.0,25,0.27,0
291.0,26,0.13,0
291.0,27,0.31,1
291.1,25,0.25,0
291.1,26,0.2,0
291.1,27,0.24,1
291.2,25,0.25,0
291.2,26,0.23,0
291.2,27,0.14,1
291.3,25,0.29,0
291.3,26,0.33,0
291.3,27,0.29,1
291.4,25,0.22,0
291.4,26,0.12,0
291.4,27,0.36,1
291.5,25,0.17,0
291.5,26,0.28,0
291.5,27,0.36,1
291.6,25,0.15,0
291.6,26,0.11,0
291.6,27,0.36,1
291.7,25,0.22,0
291.7,26,0.12,0
291.7,27,0.31,1
291.8,25,0.21,0
291.8,26,0.03,0
291.8,27,0.33,1
291.9,25,0.34,0
291.9,26,0.03,0
291.9,27,0.37,1
292.0,25,0.3,0
292.0,26,0.35,0
292.0,27,0.46,1
292.1,25,0.3,0
292.1,26,0.28,0
292.1,27,0.49,1
292.2,25,0.29,0
292.2,26,0.25,0
292.2,27,0.5,1
292.3,25,0.23,0
292.3,26,0.4,0
292.3,27,0.45,1
292.4,25,0.32,0
292.4,26,0.41,0
292.4,27,0.57,1
292.5,25,0.29,0
292.5,26,0.48,0
292.5,27,0.58,1
292.6,25,0.29,0
292.6,26,0.48,0
292.6,27,0.31,1
292.7,25,0.28,0
292.7,26,0.56,0
292.7,27,0.34,1
292.8,25,0.41,0
292.8,26,0.46,0
292.8,27,0.32,1
292.9,25,0.15,0
292.9,26,0.51,0
292.9,27,0.34,1
293.0,25,0.28,0
293.0,26,0.57,0
293.0,27,0.43,1
293.1,25,0.32,0
293.1,26,0.61,0
293.1,27,0.4,1
293.2,25,0.24,0
293.2,26,0.57,0
293.2,27,0.36,1
293.3,25,0.24,0
293.3,26,0.27,0
293.3,27,0.31,1
293.4,25,0.23,0
293.4,26,0.18,0
293.4,27,0.27,1
293.5,25,0.18,0
293.5,26,0.24,0
293.5,27,0.28,1
293.6,25,0.17,0
293.6,26,0.16,0
293.6,27,0.48,1
293.7,25,0.16,0
293.7,26,0.25,0
293.7,27,0.58,1
293.8,25,0.09,0
293.8,26,0.21,0
293.8,27,0.63,0
293.9,25,0.19,0
293.9,26,0.15,0
293.9,27,0.3,0
294.0,25,0.13,0
294.0,26,0.21,0
294.0,27,0.28,0
294.1,25,0.12,0
294.1,26,0.16,0
294.1,27,0.31,0
294.2,25,0.12,0
294.2,26,0.2,0
294.2,27,0.58,0
294.3,25,0.11,0
294.3,26,0.22,0
294.3,27,0.61,0
294.4,25,0.18,0
294.4,26,0.37,0
294.4,27,0.57,0
294.5,25,0.13,0
294.5,26,0.33,0
294.5,27,0.56,0
294.6,25,0.21,0
294.6,26,0.59,0
294.6,27,0.48,0
294.7,25,0.34,0
294.7,26,0.55,0
294.7,27,0.57,0
294.8,25,0.32,0
294.8,26,0.3,0
294.8,27,0.54,0
294.9,25,0.26,0
294.9,26,0.53,0
294.9,27,0.56,0
295.0,25,0.33,0
295.0,26,0.52,0
295.0,27,0.4,0
295.1,25,0.43,0
295.1,26,0.28,0
295.1,27,0.31,0
295.2,25,0.33,0
295.2,26,0.25,0
295.2,27,0.4,0
295.3,25,0.33,0
295.3,26,0.35,0
295.3,27,0.37,0
295.4,25,0.26,0
295.4,26,0.1,0
295.4,27,0.42,0
295.5,25,0.26,0
295.5,26,0.14,0
295.5,27,0.4,0
295.6,25,0.26,0
295.6,26,0.12,0
295.6,27,0.45,0
295.7,25,0.3,0
295.7,26,0.18,0
295.7,27,0.49,0
295.8,25,0.24,0
295.8,26,0.14,0
295.8,27,0.41,0
295.9,25,0.27,0
295.9,26,0.32,0
295.9,27,0.43,0
296.0,25,0.36,0
296.0,26,0.27,0
296.0,27,0.43,0
296.1,25,0.38,0
296.1,26,0.29,0
296.1,27,0.44,0
296.2,25,0.37,0
296.2,26,0.07,0
296.2,27,0.58,0
296.3,25,0.57,0
296.3,26,0.24,0
296.3,27,0.54,0
296.4,25,0.57,0
296.4,26,0.3,0
296.4,27,0.52,0
296.5,25,0.64,0
296.5,26,0.28,0
296.5,27,0.5,0
296.6,25,0.41,0
296.6,26,0.32,0
296.6,27,0.49,0
296.7,25,0.59,0
296.7,26,0.2,0
296.7,27,0.55,0
296.8,25,0.57,0
296.8,26,0.23,0
296.8,27,0.55,0
296.9,25,0.56,0
296.9,26,0.26,0
296.9,27,0.58,0
297.0,25,0.32,0
297.0,26,0.39,0
297.0,27,0.13,0
297.1,25,0.34,0
297.1,26,0.37,0
297.1,27,0.1,0
297.2,25,0.26,0
297.2,26,0.32,0
297.2,27,0.1,0
297.3,25,0.31,0
297.3,26,0.32,0
297.3,27,0.13,0
297.4,25,0.17,0
297.4,26,0.34,0
297.4,27,0.08,0
297.5,25,0.2,0
297.5,26,0.36,0
297.5,27,0.15,0
297.6,25,0.13,0
297.6,26,0.42,0
297.6,27,0.16,0
297.7,25,0.13,0
297.7,26,0.41,0
297.7,27,0.08,0
297.8,25,0.12,0
297.8,26,0.45,0
297.8,27,0.08,0
297.9,25,0.27,0
297.9,26,0.34,0
297.9,27,0.11,0
298.0,25,0.26,0
298.0,26,0.41,0
298.0,27,0.1,0
298.1,25,0.27,0
298.1,26,0.48,0
298.1,27,0.13,0
298.2,25,0.26,0
298.2,26,0.35,0
298.2,27,0.06,0
298.3,25,0.17,0
298.3,26,0.37,0
298.3,27,0.04,0
298.4,25,0.19,0
298.4,26,0.35,0
298.4,27,0.07,0
298.5,25,0.25,0
298.5,26,0.32,0
298.5,27,0.19,0
298.6,25,0.28,0
298.6,26,0.16,0
298.6,27,0.36,0
298.7,25,0.18,0
298.7,26,0.2,0
298.7,27,0.41,0
298.8,25,0.18,0
298.8,26,0.34,0
298.8,27,0.43,0
298.9,25,0.17,0
298.9,26,0.15,0
298.9,27,0.49,0
299.0,25,0.14,0
299.0,26,0.28,0
299.0,27,0.31,0
299.1,25,0.16,0
299.1,26,0.39,0
299.1,27,0.33,0
299.2,25,0.15,0
299.2,26,0.45,0
299.2,27,0.42,0
299.3,25,0.12,0
299.3,26,0.45,0
299.3,27,0.52,0
299.4,25,0.24,0
299.4,26,0.41,0
299.4,27,0.57,0
299.5,25,0.17,0
299.5,26,0.4,0
299.5,27,0.55,0
299.6,25,0.2,0
299.6,26,0.4,0
299.6,27,0.55,0
299.6,28,0.45,0
299.7,25,0.18,0
299.7,26,0.22,0
299.7,27,0.47,0
299.7,28,0.47,0
299.8,25,0.32,0
299.8,26,0.26,0
299.8,27,0.48,0
299.8,28,0.47,0
299.9,25,0.33,0
299.9,26,0.37,0
299.9,27,0.33,0
299.9,28,0.47,0
300.0,25,0.31,0
300.0,26,0.2,0
300.0,27,0.34,0
300.0,28,0.46,0
